item_id,item_name,category,dimensions,weight,fragility,expiry_date,current_location,entry_date
ITEM_0000,Product_0,Electronics,"{'length': 53, 'width': 27, 'height': 6}",16.28,False,2023-01-01,ZONE_3-R10-B8,2022-01-01
ITEM_0001,Product_1,Electronics,"{'length': 65, 'width': 27, 'height': 23}",16.28,True,2023-01-02,ZONE_3-R7-B13,2022-01-02
ITEM_0002,Product_2,Clothing,"{'length': 89, 'width': 49, 'height': 27}",16.28,False,2023-01-03,ZONE_2-R6-B6,2022-01-03
ITEM_0003,Product_3,Electronics,"{'length': 88, 'width': 29, 'height': 12}",16.28,True,2023-01-04,ZONE_5-R10-B1,2022-01-04
ITEM_0004,Product_4,Clothing,"{'length': 52, 'width': 29, 'height': 29}",16.28,True,2023-01-05,ZONE_2-R6-B7,2022-01-05
ITEM_0005,Product_5,Electronics,"{'length': 21, 'width': 41, 'height': 14}",16.28,False,2023-01-06,ZONE_3-R9-B12,2022-01-06
ITEM_0006,Product_6,Pharmaceuticals,"{'length': 88, 'width': 14, 'height': 7}",16.28,True,2023-01-07,ZONE_3-R6-B18,2022-01-07
ITEM_0007,Product_7,Furniture,"{'length': 26, 'width': 19, 'height': 15}",16.28,False,2023-01-08,ZONE_5-R1-B8,2022-01-08
ITEM_0008,Product_8,Food,"{'length': 49, 'width': 10, 'height': 17}",16.28,False,2023-01-09,ZONE_5-R5-B15,2022-01-09
ITEM_0009,Product_9,Clothing,"{'length': 73, 'width': 47, 'height': 16}",16.28,False,2023-01-10,ZONE_4-R6-B5,2022-01-10
ITEM_0010,Product_10,Food,"{'length': 66, 'width': 38, 'height': 29}",16.28,True,2023-01-11,ZONE_2-R4-B20,2022-01-11
ITEM_0011,Product_11,Furniture,"{'length': 66, 'width': 31, 'height': 15}",16.28,False,2023-01-12,ZONE_4-R6-B20,2022-01-12
ITEM_0012,Product_12,Furniture,"{'length': 94, 'width': 29, 'height': 13}",16.28,True,2023-01-13,ZONE_4-R8-B3,2022-01-13
ITEM_0013,Product_13,Food,"{'length': 28, 'width': 42, 'height': 25}",16.28,False,2023-01-14,ZONE_1-R10-B5,2022-01-14
ITEM_0014,Product_14,Electronics,"{'length': 11, 'width': 26, 'height': 23}",16.28,False,2023-01-15,ZONE_3-R9-B17,2022-01-15
ITEM_0015,Product_15,Clothing,"{'length': 54, 'width': 43, 'height': 16}",16.28,True,2023-01-16,ZONE_4-R1-B13,2022-01-16
ITEM_0016,Product_16,Food,"{'length': 45, 'width': 16, 'height': 23}",16.28,True,2023-01-17,ZONE_4-R7-B14,2022-01-17
ITEM_0017,Product_17,Electronics,"{'length': 86, 'width': 39, 'height': 6}",16.28,True,2023-01-18,ZONE_5-R6-B4,2022-01-18
ITEM_0018,Product_18,Pharmaceuticals,"{'length': 61, 'width': 26, 'height': 28}",16.28,True,2023-01-19,ZONE_3-R9-B5,2022-01-19
ITEM_0019,Product_19,Electronics,"{'length': 57, 'width': 17, 'height': 23}",16.28,True,2023-01-20,ZONE_2-R8-B9,2022-01-20
ITEM_0020,Product_20,Furniture,"{'length': 54, 'width': 33, 'height': 21}",16.28,True,2023-01-21,ZONE_5-R4-B15,2022-01-21
ITEM_0021,Product_21,Furniture,"{'length': 64, 'width': 39, 'height': 25}",16.28,False,2023-01-22,ZONE_3-R2-B2,2022-01-22
ITEM_0022,Product_22,Clothing,"{'length': 46, 'width': 30, 'height': 24}",16.28,False,2023-01-23,ZONE_1-R10-B5,2022-01-23
ITEM_0023,Product_23,Pharmaceuticals,"{'length': 81, 'width': 28, 'height': 29}",16.28,True,2023-01-24,ZONE_2-R5-B11,2022-01-24
ITEM_0024,Product_24,Electronics,"{'length': 61, 'width': 12, 'height': 16}",16.28,True,2023-01-25,ZONE_3-R2-B1,2022-01-25
ITEM_0025,Product_25,Food,"{'length': 42, 'width': 40, 'height': 19}",16.28,False,2023-01-26,ZONE_4-R10-B9,2022-01-26
ITEM_0026,Product_26,Electronics,"{'length': 86, 'width': 39, 'height': 16}",16.28,False,2023-01-27,ZONE_5-R6-B12,2022-01-27
ITEM_0027,Product_27,Furniture,"{'length': 55, 'width': 48, 'height': 27}",16.28,True,2023-01-28,ZONE_3-R1-B5,2022-01-28
ITEM_0028,Product_28,Furniture,"{'length': 49, 'width': 42, 'height': 28}",16.28,True,2023-01-29,ZONE_1-R6-B17,2022-01-29
ITEM_0029,Product_29,Clothing,"{'length': 86, 'width': 41, 'height': 16}",16.28,True,2023-01-30,ZONE_3-R3-B18,2022-01-30
ITEM_0030,Product_30,Food,"{'length': 89, 'width': 41, 'height': 11}",16.28,True,2023-01-31,ZONE_2-R6-B12,2022-01-31
ITEM_0031,Product_31,Machinery,"{'length': 93, 'width': 38, 'height': 12}",16.28,True,2023-02-01,ZONE_4-R4-B11,2022-02-01
ITEM_0032,Product_32,Food,"{'length': 72, 'width': 48, 'height': 17}",16.28,True,2023-02-02,ZONE_2-R8-B17,2022-02-02
ITEM_0033,Product_33,Pharmaceuticals,"{'length': 23, 'width': 26, 'height': 17}",16.28,False,2023-02-03,ZONE_5-R3-B9,2022-02-03
ITEM_0034,Product_34,Machinery,"{'length': 86, 'width': 38, 'height': 22}",16.28,False,2023-02-04,ZONE_3-R7-B15,2022-02-04
ITEM_0035,Product_35,Machinery,"{'length': 87, 'width': 38, 'height': 14}",16.28,False,2023-02-05,ZONE_1-R1-B16,2022-02-05
ITEM_0036,Product_36,Food,"{'length': 41, 'width': 37, 'height': 24}",16.28,False,2023-02-06,ZONE_1-R8-B18,2022-02-06
ITEM_0037,Product_37,Electronics,"{'length': 58, 'width': 38, 'height': 6}",16.28,True,2023-02-07,ZONE_2-R5-B16,2022-02-07
ITEM_0038,Product_38,Food,"{'length': 62, 'width': 23, 'height': 9}",16.28,True,2023-02-08,ZONE_2-R10-B11,2022-02-08
ITEM_0039,Product_39,Pharmaceuticals,"{'length': 92, 'width': 37, 'height': 13}",16.28,True,2023-02-09,ZONE_1-R9-B5,2022-02-09
ITEM_0040,Product_40,Pharmaceuticals,"{'length': 32, 'width': 42, 'height': 28}",16.28,False,2023-02-10,ZONE_2-R5-B12,2022-02-10
ITEM_0041,Product_41,Clothing,"{'length': 53, 'width': 21, 'height': 9}",16.28,False,2023-02-11,ZONE_1-R8-B9,2022-02-11
ITEM_0042,Product_42,Furniture,"{'length': 95, 'width': 29, 'height': 22}",16.28,True,2023-02-12,ZONE_3-R5-B13,2022-02-12
ITEM_0043,Product_43,Clothing,"{'length': 69, 'width': 33, 'height': 9}",16.28,True,2023-02-13,ZONE_4-R5-B10,2022-02-13
ITEM_0044,Product_44,Food,"{'length': 73, 'width': 47, 'height': 11}",16.28,True,2023-02-14,ZONE_2-R6-B10,2022-02-14
ITEM_0045,Product_45,Pharmaceuticals,"{'length': 56, 'width': 18, 'height': 18}",16.28,False,2023-02-15,ZONE_3-R1-B8,2022-02-15
ITEM_0046,Product_46,Machinery,"{'length': 37, 'width': 36, 'height': 15}",16.28,True,2023-02-16,ZONE_3-R6-B1,2022-02-16
ITEM_0047,Product_47,Electronics,"{'length': 30, 'width': 43, 'height': 28}",16.28,False,2023-02-17,ZONE_4-R8-B4,2022-02-17
ITEM_0048,Product_48,Food,"{'length': 98, 'width': 32, 'height': 20}",16.28,False,2023-02-18,ZONE_5-R10-B14,2022-02-18
ITEM_0049,Product_49,Furniture,"{'length': 14, 'width': 28, 'height': 10}",16.28,True,2023-02-19,ZONE_4-R8-B10,2022-02-19
ITEM_0050,Product_50,Furniture,"{'length': 62, 'width': 19, 'height': 25}",16.28,True,2023-02-20,ZONE_2-R6-B18,2022-02-20
ITEM_0051,Product_51,Pharmaceuticals,"{'length': 73, 'width': 18, 'height': 19}",16.28,True,2023-02-21,ZONE_3-R1-B1,2022-02-21
ITEM_0052,Product_52,Clothing,"{'length': 15, 'width': 29, 'height': 14}",16.28,False,2023-02-22,ZONE_2-R8-B2,2022-02-22
ITEM_0053,Product_53,Food,"{'length': 86, 'width': 44, 'height': 9}",16.28,False,2023-02-23,ZONE_2-R3-B9,2022-02-23
ITEM_0054,Product_54,Electronics,"{'length': 38, 'width': 35, 'height': 7}",16.28,True,2023-02-24,ZONE_5-R10-B14,2022-02-24
ITEM_0055,Product_55,Furniture,"{'length': 62, 'width': 26, 'height': 10}",16.28,True,2023-02-25,ZONE_4-R4-B5,2022-02-25
ITEM_0056,Product_56,Food,"{'length': 47, 'width': 45, 'height': 20}",16.28,True,2023-02-26,ZONE_4-R1-B15,2022-02-26
ITEM_0057,Product_57,Furniture,"{'length': 62, 'width': 31, 'height': 12}",16.28,False,2023-02-27,ZONE_1-R5-B1,2022-02-27
ITEM_0058,Product_58,Machinery,"{'length': 31, 'width': 34, 'height': 25}",16.28,True,2023-02-28,ZONE_4-R4-B4,2022-02-28
ITEM_0059,Product_59,Machinery,"{'length': 38, 'width': 27, 'height': 16}",16.28,True,2023-03-01,ZONE_5-R2-B15,2022-03-01
ITEM_0060,Product_60,Machinery,"{'length': 23, 'width': 28, 'height': 5}",16.28,False,2023-03-02,ZONE_1-R4-B2,2022-03-02
ITEM_0061,Product_61,Clothing,"{'length': 83, 'width': 41, 'height': 6}",16.28,False,2023-03-03,ZONE_5-R3-B11,2022-03-03
ITEM_0062,Product_62,Food,"{'length': 50, 'width': 39, 'height': 11}",16.28,True,2023-03-04,ZONE_4-R2-B11,2022-03-04
ITEM_0063,Product_63,Furniture,"{'length': 49, 'width': 45, 'height': 20}",16.28,True,2023-03-05,ZONE_1-R2-B10,2022-03-05
ITEM_0064,Product_64,Pharmaceuticals,"{'length': 29, 'width': 16, 'height': 15}",16.28,False,2023-03-06,ZONE_4-R3-B3,2022-03-06
ITEM_0065,Product_65,Electronics,"{'length': 83, 'width': 18, 'height': 24}",16.28,True,2023-03-07,ZONE_4-R3-B14,2022-03-07
ITEM_0066,Product_66,Pharmaceuticals,"{'length': 50, 'width': 26, 'height': 13}",16.28,True,2023-03-08,ZONE_1-R7-B2,2022-03-08
ITEM_0067,Product_67,Furniture,"{'length': 82, 'width': 15, 'height': 25}",16.28,True,2023-03-09,ZONE_4-R3-B9,2022-03-09
ITEM_0068,Product_68,Furniture,"{'length': 62, 'width': 25, 'height': 12}",16.28,False,2023-03-10,ZONE_5-R5-B7,2022-03-10
ITEM_0069,Product_69,Electronics,"{'length': 57, 'width': 14, 'height': 21}",16.28,False,2023-03-11,ZONE_1-R9-B6,2022-03-11
ITEM_0070,Product_70,Clothing,"{'length': 75, 'width': 36, 'height': 28}",16.28,True,2023-03-12,ZONE_1-R9-B7,2022-03-12
ITEM_0071,Product_71,Machinery,"{'length': 27, 'width': 38, 'height': 20}",16.28,True,2023-03-13,ZONE_4-R10-B3,2022-03-13
ITEM_0072,Product_72,Food,"{'length': 59, 'width': 33, 'height': 5}",16.28,True,2023-03-14,ZONE_2-R5-B18,2022-03-14
ITEM_0073,Product_73,Electronics,"{'length': 58, 'width': 32, 'height': 15}",16.28,True,2023-03-15,ZONE_2-R10-B20,2022-03-15
ITEM_0074,Product_74,Furniture,"{'length': 64, 'width': 28, 'height': 22}",16.28,True,2023-03-16,ZONE_3-R1-B9,2022-03-16
ITEM_0075,Product_75,Clothing,"{'length': 83, 'width': 33, 'height': 22}",16.28,False,2023-03-17,ZONE_4-R1-B16,2022-03-17
ITEM_0076,Product_76,Electronics,"{'length': 94, 'width': 25, 'height': 12}",16.28,False,2023-03-18,ZONE_5-R10-B18,2022-03-18
ITEM_0077,Product_77,Pharmaceuticals,"{'length': 19, 'width': 11, 'height': 11}",16.28,False,2023-03-19,ZONE_5-R10-B20,2022-03-19
ITEM_0078,Product_78,Furniture,"{'length': 68, 'width': 29, 'height': 7}",16.28,False,2023-03-20,ZONE_2-R9-B20,2022-03-20
ITEM_0079,Product_79,Food,"{'length': 89, 'width': 21, 'height': 6}",16.28,False,2023-03-21,ZONE_2-R8-B8,2022-03-21
ITEM_0080,Product_80,Clothing,"{'length': 19, 'width': 12, 'height': 26}",16.28,False,2023-03-22,ZONE_2-R6-B16,2022-03-22
ITEM_0081,Product_81,Clothing,"{'length': 74, 'width': 28, 'height': 23}",16.28,False,2023-03-23,ZONE_3-R6-B1,2022-03-23
ITEM_0082,Product_82,Electronics,"{'length': 74, 'width': 34, 'height': 7}",16.28,True,2023-03-24,ZONE_3-R2-B11,2022-03-24
ITEM_0083,Product_83,Furniture,"{'length': 81, 'width': 17, 'height': 15}",16.28,False,2023-03-25,ZONE_4-R3-B5,2022-03-25
ITEM_0084,Product_84,Furniture,"{'length': 99, 'width': 16, 'height': 19}",16.28,True,2023-03-26,ZONE_4-R8-B9,2022-03-26
ITEM_0085,Product_85,Pharmaceuticals,"{'length': 76, 'width': 30, 'height': 22}",16.28,False,2023-03-27,ZONE_3-R1-B3,2022-03-27
ITEM_0086,Product_86,Pharmaceuticals,"{'length': 72, 'width': 35, 'height': 21}",16.28,False,2023-03-28,ZONE_3-R6-B4,2022-03-28
ITEM_0087,Product_87,Clothing,"{'length': 64, 'width': 45, 'height': 15}",16.28,False,2023-03-29,ZONE_1-R5-B6,2022-03-29
ITEM_0088,Product_88,Pharmaceuticals,"{'length': 30, 'width': 40, 'height': 23}",16.28,True,2023-03-30,ZONE_2-R6-B4,2022-03-30
ITEM_0089,Product_89,Clothing,"{'length': 45, 'width': 10, 'height': 12}",16.28,False,2023-03-31,ZONE_3-R5-B12,2022-03-31
ITEM_0090,Product_90,Electronics,"{'length': 13, 'width': 41, 'height': 17}",16.28,True,2023-04-01,ZONE_4-R4-B2,2022-04-01
ITEM_0091,Product_91,Furniture,"{'length': 37, 'width': 33, 'height': 16}",16.28,True,2023-04-02,ZONE_2-R3-B18,2022-04-02
ITEM_0092,Product_92,Clothing,"{'length': 27, 'width': 42, 'height': 28}",16.28,True,2023-04-03,ZONE_1-R1-B4,2022-04-03
ITEM_0093,Product_93,Pharmaceuticals,"{'length': 83, 'width': 38, 'height': 12}",16.28,False,2023-04-04,ZONE_5-R5-B15,2022-04-04
ITEM_0094,Product_94,Machinery,"{'length': 26, 'width': 25, 'height': 18}",16.28,True,2023-04-05,ZONE_4-R7-B17,2022-04-05
ITEM_0095,Product_95,Machinery,"{'length': 38, 'width': 17, 'height': 12}",16.28,False,2023-04-06,ZONE_2-R5-B2,2022-04-06
ITEM_0096,Product_96,Clothing,"{'length': 29, 'width': 16, 'height': 23}",16.28,True,2023-04-07,ZONE_4-R6-B3,2022-04-07
ITEM_0097,Product_97,Clothing,"{'length': 14, 'width': 43, 'height': 5}",16.28,False,2023-04-08,ZONE_4-R7-B3,2022-04-08
ITEM_0098,Product_98,Food,"{'length': 54, 'width': 47, 'height': 12}",16.28,False,2023-04-09,ZONE_4-R8-B19,2022-04-09
ITEM_0099,Product_99,Electronics,"{'length': 25, 'width': 21, 'height': 7}",16.28,True,2023-04-10,ZONE_5-R2-B3,2022-04-10
ITEM_0100,Product_100,Pharmaceuticals,"{'length': 84, 'width': 13, 'height': 14}",16.28,False,2023-04-11,ZONE_2-R5-B16,2022-04-11
ITEM_0101,Product_101,Machinery,"{'length': 84, 'width': 49, 'height': 15}",16.28,True,2023-04-12,ZONE_1-R1-B2,2022-04-12
ITEM_0102,Product_102,Electronics,"{'length': 67, 'width': 11, 'height': 29}",16.28,True,2023-04-13,ZONE_4-R7-B15,2022-04-13
ITEM_0103,Product_103,Machinery,"{'length': 68, 'width': 41, 'height': 16}",16.28,False,2023-04-14,ZONE_5-R5-B20,2022-04-14
ITEM_0104,Product_104,Machinery,"{'length': 18, 'width': 44, 'height': 25}",16.28,True,2023-04-15,ZONE_1-R7-B12,2022-04-15
ITEM_0105,Product_105,Food,"{'length': 64, 'width': 36, 'height': 8}",16.28,True,2023-04-16,ZONE_2-R10-B3,2022-04-16
ITEM_0106,Product_106,Machinery,"{'length': 31, 'width': 36, 'height': 16}",16.28,True,2023-04-17,ZONE_5-R5-B9,2022-04-17
ITEM_0107,Product_107,Food,"{'length': 61, 'width': 40, 'height': 11}",16.28,True,2023-04-18,ZONE_4-R2-B12,2022-04-18
ITEM_0108,Product_108,Food,"{'length': 84, 'width': 42, 'height': 13}",16.28,False,2023-04-19,ZONE_5-R8-B10,2022-04-19
ITEM_0109,Product_109,Furniture,"{'length': 92, 'width': 22, 'height': 27}",16.28,True,2023-04-20,ZONE_5-R6-B16,2022-04-20
ITEM_0110,Product_110,Furniture,"{'length': 58, 'width': 20, 'height': 7}",16.28,False,2023-04-21,ZONE_3-R5-B17,2022-04-21
ITEM_0111,Product_111,Electronics,"{'length': 46, 'width': 31, 'height': 26}",16.28,True,2023-04-22,ZONE_4-R9-B19,2022-04-22
ITEM_0112,Product_112,Food,"{'length': 38, 'width': 22, 'height': 5}",16.28,False,2023-04-23,ZONE_3-R1-B11,2022-04-23
ITEM_0113,Product_113,Food,"{'length': 97, 'width': 33, 'height': 8}",16.28,False,2023-04-24,ZONE_2-R8-B6,2022-04-24
ITEM_0114,Product_114,Food,"{'length': 28, 'width': 21, 'height': 15}",16.28,True,2023-04-25,ZONE_2-R2-B14,2022-04-25
ITEM_0115,Product_115,Food,"{'length': 11, 'width': 22, 'height': 25}",16.28,True,2023-04-26,ZONE_5-R1-B20,2022-04-26
ITEM_0116,Product_116,Electronics,"{'length': 26, 'width': 24, 'height': 14}",16.28,False,2023-04-27,ZONE_3-R9-B5,2022-04-27
ITEM_0117,Product_117,Food,"{'length': 64, 'width': 46, 'height': 13}",16.28,False,2023-04-28,ZONE_5-R3-B1,2022-04-28
ITEM_0118,Product_118,Food,"{'length': 42, 'width': 25, 'height': 10}",16.28,False,2023-04-29,ZONE_3-R1-B16,2022-04-29
ITEM_0119,Product_119,Pharmaceuticals,"{'length': 13, 'width': 19, 'height': 24}",16.28,False,2023-04-30,ZONE_2-R7-B18,2022-04-30
ITEM_0120,Product_120,Furniture,"{'length': 81, 'width': 43, 'height': 24}",16.28,False,2023-05-01,ZONE_2-R1-B10,2022-05-01
ITEM_0121,Product_121,Furniture,"{'length': 61, 'width': 46, 'height': 27}",16.28,False,2023-05-02,ZONE_1-R5-B13,2022-05-02
ITEM_0122,Product_122,Pharmaceuticals,"{'length': 82, 'width': 16, 'height': 5}",16.28,True,2023-05-03,ZONE_3-R4-B11,2022-05-03
ITEM_0123,Product_123,Clothing,"{'length': 85, 'width': 43, 'height': 14}",16.28,False,2023-05-04,ZONE_4-R5-B18,2022-05-04
ITEM_0124,Product_124,Pharmaceuticals,"{'length': 85, 'width': 29, 'height': 11}",16.28,True,2023-05-05,ZONE_1-R8-B11,2022-05-05
ITEM_0125,Product_125,Pharmaceuticals,"{'length': 25, 'width': 38, 'height': 23}",16.28,False,2023-05-06,ZONE_1-R8-B1,2022-05-06
ITEM_0126,Product_126,Machinery,"{'length': 71, 'width': 12, 'height': 9}",16.28,False,2023-05-07,ZONE_3-R9-B17,2022-05-07
ITEM_0127,Product_127,Furniture,"{'length': 20, 'width': 22, 'height': 16}",16.28,False,2023-05-08,ZONE_5-R10-B20,2022-05-08
ITEM_0128,Product_128,Electronics,"{'length': 42, 'width': 49, 'height': 9}",16.28,True,2023-05-09,ZONE_4-R3-B10,2022-05-09
ITEM_0129,Product_129,Machinery,"{'length': 72, 'width': 33, 'height': 23}",16.28,False,2023-05-10,ZONE_1-R8-B20,2022-05-10
ITEM_0130,Product_130,Electronics,"{'length': 98, 'width': 33, 'height': 18}",16.28,False,2023-05-11,ZONE_1-R4-B2,2022-05-11
ITEM_0131,Product_131,Machinery,"{'length': 84, 'width': 27, 'height': 10}",16.28,False,2023-05-12,ZONE_2-R2-B9,2022-05-12
ITEM_0132,Product_132,Furniture,"{'length': 59, 'width': 12, 'height': 6}",16.28,False,2023-05-13,ZONE_2-R4-B17,2022-05-13
ITEM_0133,Product_133,Food,"{'length': 53, 'width': 16, 'height': 19}",16.28,False,2023-05-14,ZONE_1-R6-B7,2022-05-14
ITEM_0134,Product_134,Pharmaceuticals,"{'length': 13, 'width': 39, 'height': 19}",16.28,False,2023-05-15,ZONE_3-R7-B16,2022-05-15
ITEM_0135,Product_135,Electronics,"{'length': 64, 'width': 32, 'height': 16}",16.28,True,2023-05-16,ZONE_3-R10-B14,2022-05-16
ITEM_0136,Product_136,Clothing,"{'length': 40, 'width': 28, 'height': 22}",16.28,True,2023-05-17,ZONE_5-R2-B3,2022-05-17
ITEM_0137,Product_137,Machinery,"{'length': 40, 'width': 28, 'height': 25}",16.28,False,2023-05-18,ZONE_2-R1-B14,2022-05-18
ITEM_0138,Product_138,Furniture,"{'length': 56, 'width': 40, 'height': 24}",16.28,False,2023-05-19,ZONE_2-R1-B15,2022-05-19
ITEM_0139,Product_139,Furniture,"{'length': 22, 'width': 31, 'height': 25}",16.28,False,2023-05-20,ZONE_4-R10-B15,2022-05-20
ITEM_0140,Product_140,Food,"{'length': 16, 'width': 13, 'height': 23}",16.28,False,2023-05-21,ZONE_2-R6-B11,2022-05-21
ITEM_0141,Product_141,Food,"{'length': 58, 'width': 47, 'height': 18}",16.28,False,2023-05-22,ZONE_5-R5-B18,2022-05-22
ITEM_0142,Product_142,Electronics,"{'length': 29, 'width': 13, 'height': 27}",16.28,True,2023-05-23,ZONE_1-R4-B20,2022-05-23
ITEM_0143,Product_143,Pharmaceuticals,"{'length': 95, 'width': 28, 'height': 6}",16.28,False,2023-05-24,ZONE_3-R9-B12,2022-05-24
ITEM_0144,Product_144,Food,"{'length': 30, 'width': 33, 'height': 9}",16.28,True,2023-05-25,ZONE_4-R8-B4,2022-05-25
ITEM_0145,Product_145,Food,"{'length': 77, 'width': 11, 'height': 6}",16.28,True,2023-05-26,ZONE_5-R5-B20,2022-05-26
ITEM_0146,Product_146,Machinery,"{'length': 59, 'width': 10, 'height': 17}",16.28,True,2023-05-27,ZONE_1-R10-B14,2022-05-27
ITEM_0147,Product_147,Clothing,"{'length': 34, 'width': 11, 'height': 26}",16.28,True,2023-05-28,ZONE_3-R2-B7,2022-05-28
ITEM_0148,Product_148,Food,"{'length': 98, 'width': 42, 'height': 13}",16.28,False,2023-05-29,ZONE_5-R9-B1,2022-05-29
ITEM_0149,Product_149,Food,"{'length': 45, 'width': 22, 'height': 15}",16.28,True,2023-05-30,ZONE_3-R6-B2,2022-05-30
ITEM_0150,Product_150,Machinery,"{'length': 45, 'width': 24, 'height': 15}",16.28,False,2023-05-31,ZONE_3-R10-B11,2022-05-31
ITEM_0151,Product_151,Electronics,"{'length': 72, 'width': 20, 'height': 19}",16.28,False,2023-06-01,ZONE_4-R5-B8,2022-06-01
ITEM_0152,Product_152,Food,"{'length': 63, 'width': 45, 'height': 7}",16.28,True,2023-06-02,ZONE_3-R7-B16,2022-06-02
ITEM_0153,Product_153,Pharmaceuticals,"{'length': 55, 'width': 38, 'height': 28}",16.28,True,2023-06-03,ZONE_3-R1-B1,2022-06-03
ITEM_0154,Product_154,Clothing,"{'length': 21, 'width': 25, 'height': 7}",16.28,True,2023-06-04,ZONE_2-R4-B15,2022-06-04
ITEM_0155,Product_155,Pharmaceuticals,"{'length': 94, 'width': 47, 'height': 23}",16.28,True,2023-06-05,ZONE_1-R4-B2,2022-06-05
ITEM_0156,Product_156,Furniture,"{'length': 19, 'width': 31, 'height': 6}",16.28,True,2023-06-06,ZONE_5-R1-B10,2022-06-06
ITEM_0157,Product_157,Furniture,"{'length': 58, 'width': 35, 'height': 27}",16.28,True,2023-06-07,ZONE_5-R7-B8,2022-06-07
ITEM_0158,Product_158,Machinery,"{'length': 84, 'width': 35, 'height': 5}",16.28,False,2023-06-08,ZONE_4-R2-B19,2022-06-08
ITEM_0159,Product_159,Machinery,"{'length': 71, 'width': 31, 'height': 20}",16.28,True,2023-06-09,ZONE_5-R2-B13,2022-06-09
ITEM_0160,Product_160,Furniture,"{'length': 73, 'width': 41, 'height': 5}",16.28,False,2023-06-10,ZONE_3-R4-B14,2022-06-10
ITEM_0161,Product_161,Machinery,"{'length': 78, 'width': 46, 'height': 25}",16.28,False,2023-06-11,ZONE_3-R2-B9,2022-06-11
ITEM_0162,Product_162,Electronics,"{'length': 33, 'width': 45, 'height': 19}",16.28,False,2023-06-12,ZONE_4-R8-B11,2022-06-12
ITEM_0163,Product_163,Machinery,"{'length': 82, 'width': 23, 'height': 26}",16.28,False,2023-06-13,ZONE_2-R1-B2,2022-06-13
ITEM_0164,Product_164,Food,"{'length': 64, 'width': 31, 'height': 28}",16.28,True,2023-06-14,ZONE_2-R1-B4,2022-06-14
ITEM_0165,Product_165,Machinery,"{'length': 43, 'width': 45, 'height': 18}",16.28,False,2023-06-15,ZONE_2-R5-B17,2022-06-15
ITEM_0166,Product_166,Electronics,"{'length': 12, 'width': 27, 'height': 7}",16.28,False,2023-06-16,ZONE_3-R7-B4,2022-06-16
ITEM_0167,Product_167,Pharmaceuticals,"{'length': 51, 'width': 40, 'height': 21}",16.28,True,2023-06-17,ZONE_3-R5-B15,2022-06-17
ITEM_0168,Product_168,Machinery,"{'length': 45, 'width': 11, 'height': 7}",16.28,True,2023-06-18,ZONE_1-R2-B1,2022-06-18
ITEM_0169,Product_169,Clothing,"{'length': 32, 'width': 25, 'height': 20}",16.28,True,2023-06-19,ZONE_2-R9-B19,2022-06-19
ITEM_0170,Product_170,Electronics,"{'length': 62, 'width': 15, 'height': 23}",16.28,False,2023-06-20,ZONE_4-R2-B3,2022-06-20
ITEM_0171,Product_171,Clothing,"{'length': 85, 'width': 35, 'height': 26}",16.28,False,2023-06-21,ZONE_3-R9-B14,2022-06-21
ITEM_0172,Product_172,Electronics,"{'length': 49, 'width': 22, 'height': 13}",16.28,False,2023-06-22,ZONE_2-R10-B5,2022-06-22
ITEM_0173,Product_173,Pharmaceuticals,"{'length': 73, 'width': 26, 'height': 26}",16.28,True,2023-06-23,ZONE_2-R4-B9,2022-06-23
ITEM_0174,Product_174,Machinery,"{'length': 37, 'width': 46, 'height': 29}",16.28,False,2023-06-24,ZONE_3-R10-B11,2022-06-24
ITEM_0175,Product_175,Machinery,"{'length': 92, 'width': 34, 'height': 5}",16.28,False,2023-06-25,ZONE_4-R3-B10,2022-06-25
ITEM_0176,Product_176,Machinery,"{'length': 47, 'width': 47, 'height': 7}",16.28,True,2023-06-26,ZONE_2-R5-B14,2022-06-26
ITEM_0177,Product_177,Food,"{'length': 60, 'width': 35, 'height': 16}",16.28,True,2023-06-27,ZONE_4-R6-B3,2022-06-27
ITEM_0178,Product_178,Food,"{'length': 97, 'width': 47, 'height': 9}",16.28,False,2023-06-28,ZONE_3-R5-B14,2022-06-28
ITEM_0179,Product_179,Clothing,"{'length': 25, 'width': 42, 'height': 11}",16.28,True,2023-06-29,ZONE_2-R1-B3,2022-06-29
ITEM_0180,Product_180,Furniture,"{'length': 14, 'width': 43, 'height': 12}",16.28,False,2023-06-30,ZONE_1-R6-B4,2022-06-30
ITEM_0181,Product_181,Machinery,"{'length': 79, 'width': 43, 'height': 15}",16.28,True,2023-07-01,ZONE_5-R8-B3,2022-07-01
ITEM_0182,Product_182,Furniture,"{'length': 21, 'width': 30, 'height': 14}",16.28,True,2023-07-02,ZONE_4-R9-B15,2022-07-02
ITEM_0183,Product_183,Pharmaceuticals,"{'length': 82, 'width': 29, 'height': 28}",16.28,False,2023-07-03,ZONE_4-R5-B20,2022-07-03
ITEM_0184,Product_184,Food,"{'length': 78, 'width': 16, 'height': 18}",16.28,False,2023-07-04,ZONE_5-R4-B19,2022-07-04
ITEM_0185,Product_185,Machinery,"{'length': 40, 'width': 22, 'height': 7}",16.28,True,2023-07-05,ZONE_5-R5-B7,2022-07-05
ITEM_0186,Product_186,Food,"{'length': 66, 'width': 30, 'height': 18}",16.28,False,2023-07-06,ZONE_1-R9-B19,2022-07-06
ITEM_0187,Product_187,Clothing,"{'length': 89, 'width': 28, 'height': 6}",16.28,True,2023-07-07,ZONE_5-R7-B16,2022-07-07
ITEM_0188,Product_188,Pharmaceuticals,"{'length': 67, 'width': 26, 'height': 19}",16.28,True,2023-07-08,ZONE_1-R3-B20,2022-07-08
ITEM_0189,Product_189,Machinery,"{'length': 25, 'width': 49, 'height': 23}",16.28,True,2023-07-09,ZONE_3-R1-B16,2022-07-09
ITEM_0190,Product_190,Food,"{'length': 39, 'width': 29, 'height': 6}",16.28,False,2023-07-10,ZONE_1-R1-B20,2022-07-10
ITEM_0191,Product_191,Machinery,"{'length': 11, 'width': 19, 'height': 27}",16.28,True,2023-07-11,ZONE_1-R9-B19,2022-07-11
ITEM_0192,Product_192,Machinery,"{'length': 70, 'width': 14, 'height': 7}",16.28,True,2023-07-12,ZONE_4-R6-B11,2022-07-12
ITEM_0193,Product_193,Food,"{'length': 72, 'width': 13, 'height': 21}",16.28,True,2023-07-13,ZONE_2-R3-B11,2022-07-13
ITEM_0194,Product_194,Furniture,"{'length': 92, 'width': 46, 'height': 17}",16.28,True,2023-07-14,ZONE_2-R7-B17,2022-07-14
ITEM_0195,Product_195,Machinery,"{'length': 33, 'width': 29, 'height': 28}",16.28,True,2023-07-15,ZONE_1-R10-B11,2022-07-15
ITEM_0196,Product_196,Clothing,"{'length': 76, 'width': 26, 'height': 11}",16.28,True,2023-07-16,ZONE_4-R3-B16,2022-07-16
ITEM_0197,Product_197,Machinery,"{'length': 58, 'width': 12, 'height': 26}",16.28,True,2023-07-17,ZONE_5-R9-B8,2022-07-17
ITEM_0198,Product_198,Clothing,"{'length': 80, 'width': 43, 'height': 26}",16.28,False,2023-07-18,ZONE_1-R7-B15,2022-07-18
ITEM_0199,Product_199,Electronics,"{'length': 60, 'width': 24, 'height': 8}",16.28,True,2023-07-19,ZONE_5-R1-B4,2022-07-19
ITEM_0200,Product_200,Machinery,"{'length': 19, 'width': 21, 'height': 6}",16.28,True,2023-07-20,ZONE_5-R3-B17,2022-07-20
ITEM_0201,Product_201,Electronics,"{'length': 69, 'width': 30, 'height': 12}",16.28,True,2023-07-21,ZONE_4-R8-B11,2022-07-21
ITEM_0202,Product_202,Electronics,"{'length': 95, 'width': 34, 'height': 21}",16.28,False,2023-07-22,ZONE_1-R9-B17,2022-07-22
ITEM_0203,Product_203,Furniture,"{'length': 89, 'width': 40, 'height': 15}",16.28,False,2023-07-23,ZONE_3-R8-B5,2022-07-23
ITEM_0204,Product_204,Clothing,"{'length': 81, 'width': 11, 'height': 23}",16.28,True,2023-07-24,ZONE_3-R9-B17,2022-07-24
ITEM_0205,Product_205,Clothing,"{'length': 15, 'width': 33, 'height': 23}",16.28,True,2023-07-25,ZONE_1-R7-B2,2022-07-25
ITEM_0206,Product_206,Furniture,"{'length': 47, 'width': 16, 'height': 11}",16.28,True,2023-07-26,ZONE_1-R1-B9,2022-07-26
ITEM_0207,Product_207,Furniture,"{'length': 26, 'width': 32, 'height': 23}",16.28,False,2023-07-27,ZONE_5-R9-B20,2022-07-27
ITEM_0208,Product_208,Food,"{'length': 97, 'width': 18, 'height': 27}",16.28,False,2023-07-28,ZONE_4-R7-B13,2022-07-28
ITEM_0209,Product_209,Machinery,"{'length': 51, 'width': 11, 'height': 29}",16.28,False,2023-07-29,ZONE_3-R4-B10,2022-07-29
ITEM_0210,Product_210,Machinery,"{'length': 86, 'width': 13, 'height': 5}",16.28,True,2023-07-30,ZONE_1-R5-B3,2022-07-30
ITEM_0211,Product_211,Clothing,"{'length': 38, 'width': 39, 'height': 17}",16.28,True,2023-07-31,ZONE_1-R5-B14,2022-07-31
ITEM_0212,Product_212,Pharmaceuticals,"{'length': 86, 'width': 19, 'height': 9}",16.28,False,2023-08-01,ZONE_4-R10-B12,2022-08-01
ITEM_0213,Product_213,Machinery,"{'length': 46, 'width': 36, 'height': 5}",16.28,False,2023-08-02,ZONE_3-R4-B17,2022-08-02
ITEM_0214,Product_214,Electronics,"{'length': 28, 'width': 30, 'height': 28}",16.28,False,2023-08-03,ZONE_4-R8-B20,2022-08-03
ITEM_0215,Product_215,Clothing,"{'length': 85, 'width': 48, 'height': 10}",16.28,False,2023-08-04,ZONE_4-R3-B3,2022-08-04
ITEM_0216,Product_216,Furniture,"{'length': 67, 'width': 42, 'height': 20}",16.28,True,2023-08-05,ZONE_2-R2-B15,2022-08-05
ITEM_0217,Product_217,Furniture,"{'length': 43, 'width': 19, 'height': 18}",16.28,False,2023-08-06,ZONE_4-R1-B4,2022-08-06
ITEM_0218,Product_218,Electronics,"{'length': 46, 'width': 14, 'height': 11}",16.28,True,2023-08-07,ZONE_4-R10-B6,2022-08-07
ITEM_0219,Product_219,Food,"{'length': 15, 'width': 35, 'height': 16}",16.28,False,2023-08-08,ZONE_2-R3-B14,2022-08-08
ITEM_0220,Product_220,Food,"{'length': 30, 'width': 27, 'height': 13}",16.28,True,2023-08-09,ZONE_3-R8-B12,2022-08-09
ITEM_0221,Product_221,Food,"{'length': 87, 'width': 25, 'height': 20}",16.28,False,2023-08-10,ZONE_1-R6-B19,2022-08-10
ITEM_0222,Product_222,Food,"{'length': 98, 'width': 36, 'height': 23}",16.28,False,2023-08-11,ZONE_4-R8-B19,2022-08-11
ITEM_0223,Product_223,Food,"{'length': 53, 'width': 30, 'height': 10}",16.28,False,2023-08-12,ZONE_2-R10-B5,2022-08-12
ITEM_0224,Product_224,Machinery,"{'length': 37, 'width': 35, 'height': 21}",16.28,False,2023-08-13,ZONE_4-R1-B7,2022-08-13
ITEM_0225,Product_225,Machinery,"{'length': 75, 'width': 45, 'height': 16}",16.28,False,2023-08-14,ZONE_4-R10-B7,2022-08-14
ITEM_0226,Product_226,Food,"{'length': 17, 'width': 20, 'height': 17}",16.28,True,2023-08-15,ZONE_3-R3-B1,2022-08-15
ITEM_0227,Product_227,Pharmaceuticals,"{'length': 51, 'width': 23, 'height': 16}",16.28,True,2023-08-16,ZONE_1-R2-B7,2022-08-16
ITEM_0228,Product_228,Food,"{'length': 89, 'width': 21, 'height': 22}",16.28,False,2023-08-17,ZONE_1-R1-B10,2022-08-17
ITEM_0229,Product_229,Machinery,"{'length': 86, 'width': 25, 'height': 9}",16.28,True,2023-08-18,ZONE_4-R4-B14,2022-08-18
ITEM_0230,Product_230,Electronics,"{'length': 71, 'width': 23, 'height': 21}",16.28,False,2023-08-19,ZONE_2-R6-B19,2022-08-19
ITEM_0231,Product_231,Electronics,"{'length': 12, 'width': 41, 'height': 13}",16.28,False,2023-08-20,ZONE_4-R8-B14,2022-08-20
ITEM_0232,Product_232,Electronics,"{'length': 56, 'width': 36, 'height': 22}",16.28,True,2023-08-21,ZONE_5-R5-B11,2022-08-21
ITEM_0233,Product_233,Clothing,"{'length': 79, 'width': 42, 'height': 10}",16.28,False,2023-08-22,ZONE_3-R5-B3,2022-08-22
ITEM_0234,Product_234,Clothing,"{'length': 96, 'width': 48, 'height': 27}",16.28,True,2023-08-23,ZONE_1-R6-B3,2022-08-23
ITEM_0235,Product_235,Electronics,"{'length': 74, 'width': 22, 'height': 20}",16.28,True,2023-08-24,ZONE_4-R4-B17,2022-08-24
ITEM_0236,Product_236,Machinery,"{'length': 61, 'width': 23, 'height': 13}",16.28,True,2023-08-25,ZONE_5-R3-B15,2022-08-25
ITEM_0237,Product_237,Food,"{'length': 70, 'width': 24, 'height': 22}",16.28,True,2023-08-26,ZONE_2-R2-B19,2022-08-26
ITEM_0238,Product_238,Pharmaceuticals,"{'length': 20, 'width': 27, 'height': 19}",16.28,True,2023-08-27,ZONE_4-R3-B18,2022-08-27
ITEM_0239,Product_239,Machinery,"{'length': 11, 'width': 46, 'height': 9}",16.28,False,2023-08-28,ZONE_4-R2-B4,2022-08-28
ITEM_0240,Product_240,Electronics,"{'length': 77, 'width': 16, 'height': 19}",16.28,False,2023-08-29,ZONE_4-R1-B10,2022-08-29
ITEM_0241,Product_241,Food,"{'length': 81, 'width': 16, 'height': 11}",16.28,False,2023-08-30,ZONE_4-R2-B20,2022-08-30
ITEM_0242,Product_242,Pharmaceuticals,"{'length': 48, 'width': 15, 'height': 25}",16.28,False,2023-08-31,ZONE_2-R5-B11,2022-08-31
ITEM_0243,Product_243,Furniture,"{'length': 65, 'width': 42, 'height': 15}",16.28,True,2023-09-01,ZONE_2-R3-B7,2022-09-01
ITEM_0244,Product_244,Electronics,"{'length': 30, 'width': 34, 'height': 17}",16.28,False,2023-09-02,ZONE_2-R4-B6,2022-09-02
ITEM_0245,Product_245,Furniture,"{'length': 75, 'width': 49, 'height': 5}",16.28,False,2023-09-03,ZONE_1-R8-B11,2022-09-03
ITEM_0246,Product_246,Electronics,"{'length': 46, 'width': 14, 'height': 23}",16.28,True,2023-09-04,ZONE_5-R7-B11,2022-09-04
ITEM_0247,Product_247,Food,"{'length': 85, 'width': 27, 'height': 13}",16.28,False,2023-09-05,ZONE_2-R6-B1,2022-09-05
ITEM_0248,Product_248,Furniture,"{'length': 72, 'width': 42, 'height': 29}",16.28,False,2023-09-06,ZONE_3-R2-B19,2022-09-06
ITEM_0249,Product_249,Electronics,"{'length': 31, 'width': 10, 'height': 9}",16.28,False,2023-09-07,ZONE_5-R2-B18,2022-09-07
ITEM_0250,Product_250,Food,"{'length': 64, 'width': 45, 'height': 15}",16.28,True,2023-09-08,ZONE_5-R8-B17,2022-09-08
ITEM_0251,Product_251,Food,"{'length': 47, 'width': 42, 'height': 17}",16.28,True,2023-09-09,ZONE_4-R4-B20,2022-09-09
ITEM_0252,Product_252,Electronics,"{'length': 16, 'width': 16, 'height': 20}",16.28,False,2023-09-10,ZONE_4-R7-B11,2022-09-10
ITEM_0253,Product_253,Furniture,"{'length': 82, 'width': 14, 'height': 12}",16.28,False,2023-09-11,ZONE_5-R6-B3,2022-09-11
ITEM_0254,Product_254,Electronics,"{'length': 16, 'width': 31, 'height': 10}",16.28,False,2023-09-12,ZONE_2-R2-B17,2022-09-12
ITEM_0255,Product_255,Food,"{'length': 69, 'width': 18, 'height': 23}",16.28,True,2023-09-13,ZONE_3-R1-B12,2022-09-13
ITEM_0256,Product_256,Food,"{'length': 22, 'width': 36, 'height': 11}",16.28,False,2023-09-14,ZONE_2-R1-B13,2022-09-14
ITEM_0257,Product_257,Food,"{'length': 80, 'width': 47, 'height': 7}",16.28,False,2023-09-15,ZONE_1-R10-B16,2022-09-15
ITEM_0258,Product_258,Machinery,"{'length': 25, 'width': 19, 'height': 12}",16.28,False,2023-09-16,ZONE_4-R8-B11,2022-09-16
ITEM_0259,Product_259,Pharmaceuticals,"{'length': 39, 'width': 41, 'height': 25}",16.28,False,2023-09-17,ZONE_5-R4-B6,2022-09-17
ITEM_0260,Product_260,Food,"{'length': 85, 'width': 25, 'height': 26}",16.28,False,2023-09-18,ZONE_2-R7-B16,2022-09-18
ITEM_0261,Product_261,Furniture,"{'length': 80, 'width': 26, 'height': 12}",16.28,True,2023-09-19,ZONE_2-R10-B5,2022-09-19
ITEM_0262,Product_262,Clothing,"{'length': 82, 'width': 27, 'height': 11}",16.28,False,2023-09-20,ZONE_5-R10-B1,2022-09-20
ITEM_0263,Product_263,Furniture,"{'length': 10, 'width': 39, 'height': 17}",16.28,True,2023-09-21,ZONE_1-R6-B13,2022-09-21
ITEM_0264,Product_264,Clothing,"{'length': 70, 'width': 49, 'height': 25}",16.28,True,2023-09-22,ZONE_4-R4-B4,2022-09-22
ITEM_0265,Product_265,Pharmaceuticals,"{'length': 35, 'width': 11, 'height': 28}",16.28,False,2023-09-23,ZONE_1-R6-B3,2022-09-23
ITEM_0266,Product_266,Clothing,"{'length': 91, 'width': 48, 'height': 26}",16.28,False,2023-09-24,ZONE_3-R5-B15,2022-09-24
ITEM_0267,Product_267,Furniture,"{'length': 74, 'width': 15, 'height': 24}",16.28,True,2023-09-25,ZONE_2-R6-B1,2022-09-25
ITEM_0268,Product_268,Pharmaceuticals,"{'length': 69, 'width': 39, 'height': 17}",16.28,True,2023-09-26,ZONE_5-R4-B4,2022-09-26
ITEM_0269,Product_269,Machinery,"{'length': 31, 'width': 35, 'height': 27}",16.28,True,2023-09-27,ZONE_2-R9-B4,2022-09-27
ITEM_0270,Product_270,Food,"{'length': 34, 'width': 41, 'height': 7}",16.28,False,2023-09-28,ZONE_5-R8-B9,2022-09-28
ITEM_0271,Product_271,Pharmaceuticals,"{'length': 63, 'width': 40, 'height': 12}",16.28,False,2023-09-29,ZONE_5-R9-B2,2022-09-29
ITEM_0272,Product_272,Clothing,"{'length': 49, 'width': 38, 'height': 8}",16.28,False,2023-09-30,ZONE_2-R5-B14,2022-09-30
ITEM_0273,Product_273,Furniture,"{'length': 56, 'width': 22, 'height': 10}",16.28,False,2023-10-01,ZONE_5-R9-B10,2022-10-01
ITEM_0274,Product_274,Electronics,"{'length': 89, 'width': 37, 'height': 27}",16.28,False,2023-10-02,ZONE_3-R6-B9,2022-10-02
ITEM_0275,Product_275,Pharmaceuticals,"{'length': 63, 'width': 13, 'height': 19}",16.28,True,2023-10-03,ZONE_1-R10-B12,2022-10-03
ITEM_0276,Product_276,Food,"{'length': 18, 'width': 12, 'height': 7}",16.28,True,2023-10-04,ZONE_1-R9-B3,2022-10-04
ITEM_0277,Product_277,Electronics,"{'length': 30, 'width': 24, 'height': 23}",16.28,True,2023-10-05,ZONE_4-R4-B2,2022-10-05
ITEM_0278,Product_278,Pharmaceuticals,"{'length': 45, 'width': 14, 'height': 20}",16.28,True,2023-10-06,ZONE_3-R5-B13,2022-10-06
ITEM_0279,Product_279,Machinery,"{'length': 93, 'width': 23, 'height': 15}",16.28,False,2023-10-07,ZONE_2-R2-B14,2022-10-07
ITEM_0280,Product_280,Electronics,"{'length': 42, 'width': 48, 'height': 21}",16.28,False,2023-10-08,ZONE_5-R8-B18,2022-10-08
ITEM_0281,Product_281,Machinery,"{'length': 76, 'width': 26, 'height': 16}",16.28,True,2023-10-09,ZONE_5-R2-B19,2022-10-09
ITEM_0282,Product_282,Food,"{'length': 51, 'width': 18, 'height': 29}",16.28,False,2023-10-10,ZONE_1-R3-B11,2022-10-10
ITEM_0283,Product_283,Pharmaceuticals,"{'length': 98, 'width': 32, 'height': 10}",16.28,True,2023-10-11,ZONE_5-R8-B5,2022-10-11
ITEM_0284,Product_284,Pharmaceuticals,"{'length': 52, 'width': 31, 'height': 29}",16.28,True,2023-10-12,ZONE_2-R1-B12,2022-10-12
ITEM_0285,Product_285,Food,"{'length': 18, 'width': 44, 'height': 29}",16.28,True,2023-10-13,ZONE_3-R3-B11,2022-10-13
ITEM_0286,Product_286,Furniture,"{'length': 95, 'width': 33, 'height': 19}",16.28,False,2023-10-14,ZONE_1-R1-B4,2022-10-14
ITEM_0287,Product_287,Furniture,"{'length': 21, 'width': 20, 'height': 20}",16.28,False,2023-10-15,ZONE_1-R10-B17,2022-10-15
ITEM_0288,Product_288,Food,"{'length': 77, 'width': 48, 'height': 7}",16.28,False,2023-10-16,ZONE_5-R8-B18,2022-10-16
ITEM_0289,Product_289,Pharmaceuticals,"{'length': 84, 'width': 22, 'height': 8}",16.28,False,2023-10-17,ZONE_5-R6-B14,2022-10-17
ITEM_0290,Product_290,Furniture,"{'length': 54, 'width': 14, 'height': 26}",16.28,False,2023-10-18,ZONE_3-R7-B7,2022-10-18
ITEM_0291,Product_291,Furniture,"{'length': 65, 'width': 24, 'height': 10}",16.28,True,2023-10-19,ZONE_5-R10-B18,2022-10-19
ITEM_0292,Product_292,Furniture,"{'length': 53, 'width': 32, 'height': 12}",16.28,True,2023-10-20,ZONE_5-R10-B17,2022-10-20
ITEM_0293,Product_293,Clothing,"{'length': 65, 'width': 15, 'height': 26}",16.28,False,2023-10-21,ZONE_1-R8-B10,2022-10-21
ITEM_0294,Product_294,Machinery,"{'length': 16, 'width': 23, 'height': 8}",16.28,True,2023-10-22,ZONE_1-R2-B9,2022-10-22
ITEM_0295,Product_295,Furniture,"{'length': 57, 'width': 32, 'height': 5}",16.28,False,2023-10-23,ZONE_1-R10-B5,2022-10-23
ITEM_0296,Product_296,Furniture,"{'length': 98, 'width': 16, 'height': 6}",16.28,True,2023-10-24,ZONE_3-R8-B11,2022-10-24
ITEM_0297,Product_297,Pharmaceuticals,"{'length': 10, 'width': 21, 'height': 6}",16.28,True,2023-10-25,ZONE_3-R3-B16,2022-10-25
ITEM_0298,Product_298,Machinery,"{'length': 39, 'width': 45, 'height': 20}",16.28,False,2023-10-26,ZONE_1-R1-B7,2022-10-26
ITEM_0299,Product_299,Machinery,"{'length': 88, 'width': 35, 'height': 6}",16.28,True,2023-10-27,ZONE_3-R3-B19,2022-10-27
ITEM_0300,Product_300,Clothing,"{'length': 78, 'width': 32, 'height': 13}",16.28,False,2023-10-28,ZONE_4-R7-B19,2022-10-28
ITEM_0301,Product_301,Electronics,"{'length': 85, 'width': 25, 'height': 5}",16.28,False,2023-10-29,ZONE_2-R1-B2,2022-10-29
ITEM_0302,Product_302,Furniture,"{'length': 97, 'width': 33, 'height': 5}",16.28,True,2023-10-30,ZONE_5-R10-B20,2022-10-30
ITEM_0303,Product_303,Clothing,"{'length': 70, 'width': 19, 'height': 19}",16.28,False,2023-10-31,ZONE_5-R3-B7,2022-10-31
ITEM_0304,Product_304,Clothing,"{'length': 80, 'width': 19, 'height': 28}",16.28,False,2023-11-01,ZONE_5-R5-B16,2022-11-01
ITEM_0305,Product_305,Food,"{'length': 20, 'width': 14, 'height': 17}",16.28,True,2023-11-02,ZONE_5-R2-B14,2022-11-02
ITEM_0306,Product_306,Pharmaceuticals,"{'length': 68, 'width': 26, 'height': 24}",16.28,True,2023-11-03,ZONE_4-R4-B9,2022-11-03
ITEM_0307,Product_307,Pharmaceuticals,"{'length': 27, 'width': 35, 'height': 18}",16.28,False,2023-11-04,ZONE_5-R2-B9,2022-11-04
ITEM_0308,Product_308,Clothing,"{'length': 98, 'width': 40, 'height': 11}",16.28,False,2023-11-05,ZONE_4-R3-B7,2022-11-05
ITEM_0309,Product_309,Clothing,"{'length': 54, 'width': 39, 'height': 15}",16.28,False,2023-11-06,ZONE_3-R10-B12,2022-11-06
ITEM_0310,Product_310,Clothing,"{'length': 74, 'width': 29, 'height': 12}",16.28,False,2023-11-07,ZONE_5-R3-B7,2022-11-07
ITEM_0311,Product_311,Pharmaceuticals,"{'length': 34, 'width': 47, 'height': 7}",16.28,True,2023-11-08,ZONE_5-R4-B6,2022-11-08
ITEM_0312,Product_312,Furniture,"{'length': 87, 'width': 42, 'height': 24}",16.28,False,2023-11-09,ZONE_3-R4-B13,2022-11-09
ITEM_0313,Product_313,Furniture,"{'length': 10, 'width': 31, 'height': 22}",16.28,True,2023-11-10,ZONE_3-R9-B19,2022-11-10
ITEM_0314,Product_314,Pharmaceuticals,"{'length': 85, 'width': 45, 'height': 25}",16.28,True,2023-11-11,ZONE_1-R7-B5,2022-11-11
ITEM_0315,Product_315,Furniture,"{'length': 65, 'width': 25, 'height': 6}",16.28,False,2023-11-12,ZONE_5-R3-B20,2022-11-12
ITEM_0316,Product_316,Electronics,"{'length': 66, 'width': 41, 'height': 12}",16.28,False,2023-11-13,ZONE_2-R4-B15,2022-11-13
ITEM_0317,Product_317,Food,"{'length': 71, 'width': 17, 'height': 7}",16.28,False,2023-11-14,ZONE_3-R10-B3,2022-11-14
ITEM_0318,Product_318,Furniture,"{'length': 29, 'width': 32, 'height': 6}",16.28,False,2023-11-15,ZONE_5-R2-B7,2022-11-15
ITEM_0319,Product_319,Clothing,"{'length': 68, 'width': 26, 'height': 26}",16.28,True,2023-11-16,ZONE_4-R5-B9,2022-11-16
ITEM_0320,Product_320,Furniture,"{'length': 40, 'width': 21, 'height': 23}",16.28,False,2023-11-17,ZONE_4-R4-B14,2022-11-17
ITEM_0321,Product_321,Furniture,"{'length': 71, 'width': 43, 'height': 5}",16.28,True,2023-11-18,ZONE_5-R3-B12,2022-11-18
ITEM_0322,Product_322,Electronics,"{'length': 67, 'width': 28, 'height': 20}",16.28,True,2023-11-19,ZONE_1-R7-B4,2022-11-19
ITEM_0323,Product_323,Machinery,"{'length': 20, 'width': 40, 'height': 22}",16.28,False,2023-11-20,ZONE_1-R6-B18,2022-11-20
ITEM_0324,Product_324,Furniture,"{'length': 69, 'width': 27, 'height': 28}",16.28,False,2023-11-21,ZONE_1-R10-B20,2022-11-21
ITEM_0325,Product_325,Clothing,"{'length': 75, 'width': 25, 'height': 23}",16.28,False,2023-11-22,ZONE_1-R4-B17,2022-11-22
ITEM_0326,Product_326,Furniture,"{'length': 72, 'width': 27, 'height': 14}",16.28,False,2023-11-23,ZONE_2-R7-B1,2022-11-23
ITEM_0327,Product_327,Food,"{'length': 16, 'width': 29, 'height': 11}",16.28,False,2023-11-24,ZONE_5-R8-B8,2022-11-24
ITEM_0328,Product_328,Furniture,"{'length': 63, 'width': 32, 'height': 12}",16.28,True,2023-11-25,ZONE_3-R10-B1,2022-11-25
ITEM_0329,Product_329,Pharmaceuticals,"{'length': 33, 'width': 33, 'height': 29}",16.28,False,2023-11-26,ZONE_4-R5-B6,2022-11-26
ITEM_0330,Product_330,Pharmaceuticals,"{'length': 30, 'width': 37, 'height': 16}",16.28,False,2023-11-27,ZONE_3-R9-B4,2022-11-27
ITEM_0331,Product_331,Furniture,"{'length': 75, 'width': 46, 'height': 16}",16.28,False,2023-11-28,ZONE_1-R3-B19,2022-11-28
ITEM_0332,Product_332,Furniture,"{'length': 53, 'width': 44, 'height': 16}",16.28,True,2023-11-29,ZONE_2-R6-B19,2022-11-29
ITEM_0333,Product_333,Furniture,"{'length': 67, 'width': 24, 'height': 18}",16.28,True,2023-11-30,ZONE_5-R5-B19,2022-11-30
ITEM_0334,Product_334,Clothing,"{'length': 81, 'width': 14, 'height': 18}",16.28,True,2023-12-01,ZONE_4-R2-B16,2022-12-01
ITEM_0335,Product_335,Furniture,"{'length': 83, 'width': 46, 'height': 27}",16.28,False,2023-12-02,ZONE_4-R5-B3,2022-12-02
ITEM_0336,Product_336,Electronics,"{'length': 47, 'width': 18, 'height': 22}",16.28,False,2023-12-03,ZONE_2-R6-B13,2022-12-03
ITEM_0337,Product_337,Machinery,"{'length': 57, 'width': 19, 'height': 8}",16.28,False,2023-12-04,ZONE_1-R6-B15,2022-12-04
ITEM_0338,Product_338,Pharmaceuticals,"{'length': 36, 'width': 26, 'height': 29}",16.28,True,2023-12-05,ZONE_5-R7-B13,2022-12-05
ITEM_0339,Product_339,Pharmaceuticals,"{'length': 57, 'width': 44, 'height': 15}",16.28,False,2023-12-06,ZONE_5-R5-B4,2022-12-06
ITEM_0340,Product_340,Food,"{'length': 83, 'width': 33, 'height': 28}",16.28,True,2023-12-07,ZONE_4-R9-B2,2022-12-07
ITEM_0341,Product_341,Furniture,"{'length': 27, 'width': 47, 'height': 10}",16.28,False,2023-12-08,ZONE_5-R4-B2,2022-12-08
ITEM_0342,Product_342,Electronics,"{'length': 79, 'width': 28, 'height': 9}",16.28,True,2023-12-09,ZONE_5-R6-B10,2022-12-09
ITEM_0343,Product_343,Electronics,"{'length': 25, 'width': 22, 'height': 10}",16.28,False,2023-12-10,ZONE_4-R7-B18,2022-12-10
ITEM_0344,Product_344,Clothing,"{'length': 59, 'width': 24, 'height': 9}",16.28,False,2023-12-11,ZONE_1-R6-B12,2022-12-11
ITEM_0345,Product_345,Clothing,"{'length': 86, 'width': 48, 'height': 29}",16.28,False,2023-12-12,ZONE_2-R5-B3,2022-12-12
ITEM_0346,Product_346,Furniture,"{'length': 76, 'width': 44, 'height': 27}",16.28,False,2023-12-13,ZONE_1-R10-B13,2022-12-13
ITEM_0347,Product_347,Electronics,"{'length': 13, 'width': 47, 'height': 18}",16.28,True,2023-12-14,ZONE_5-R7-B10,2022-12-14
ITEM_0348,Product_348,Food,"{'length': 44, 'width': 21, 'height': 23}",16.28,False,2023-12-15,ZONE_3-R1-B12,2022-12-15
ITEM_0349,Product_349,Food,"{'length': 42, 'width': 41, 'height': 27}",16.28,True,2023-12-16,ZONE_1-R10-B8,2022-12-16
ITEM_0350,Product_350,Electronics,"{'length': 36, 'width': 35, 'height': 19}",16.28,False,2023-12-17,ZONE_1-R5-B8,2022-12-17
ITEM_0351,Product_351,Furniture,"{'length': 96, 'width': 38, 'height': 25}",16.28,False,2023-12-18,ZONE_3-R8-B16,2022-12-18
ITEM_0352,Product_352,Machinery,"{'length': 51, 'width': 33, 'height': 14}",16.28,False,2023-12-19,ZONE_5-R8-B16,2022-12-19
ITEM_0353,Product_353,Pharmaceuticals,"{'length': 61, 'width': 49, 'height': 24}",16.28,False,2023-12-20,ZONE_3-R2-B6,2022-12-20
ITEM_0354,Product_354,Machinery,"{'length': 38, 'width': 38, 'height': 17}",16.28,False,2023-12-21,ZONE_4-R9-B15,2022-12-21
ITEM_0355,Product_355,Furniture,"{'length': 30, 'width': 16, 'height': 13}",16.28,True,2023-12-22,ZONE_4-R9-B4,2022-12-22
ITEM_0356,Product_356,Pharmaceuticals,"{'length': 19, 'width': 40, 'height': 20}",16.28,False,2023-12-23,ZONE_3-R3-B3,2022-12-23
ITEM_0357,Product_357,Clothing,"{'length': 85, 'width': 43, 'height': 11}",16.28,True,2023-12-24,ZONE_2-R2-B20,2022-12-24
ITEM_0358,Product_358,Furniture,"{'length': 18, 'width': 46, 'height': 7}",16.28,True,2023-12-25,ZONE_2-R7-B17,2022-12-25
ITEM_0359,Product_359,Electronics,"{'length': 79, 'width': 34, 'height': 28}",16.28,False,2023-12-26,ZONE_5-R1-B1,2022-12-26
ITEM_0360,Product_360,Clothing,"{'length': 50, 'width': 41, 'height': 26}",16.28,False,2023-12-27,ZONE_1-R1-B17,2022-12-27
ITEM_0361,Product_361,Electronics,"{'length': 33, 'width': 47, 'height': 13}",16.28,False,2023-12-28,ZONE_5-R9-B4,2022-12-28
ITEM_0362,Product_362,Clothing,"{'length': 41, 'width': 40, 'height': 16}",16.28,True,2023-12-29,ZONE_4-R7-B2,2022-12-29
ITEM_0363,Product_363,Food,"{'length': 48, 'width': 27, 'height': 16}",16.28,True,2023-12-30,ZONE_5-R6-B9,2022-12-30
ITEM_0364,Product_364,Food,"{'length': 53, 'width': 49, 'height': 14}",16.28,True,2023-12-31,ZONE_4-R3-B6,2022-12-31
ITEM_0365,Product_365,Furniture,"{'length': 76, 'width': 16, 'height': 11}",16.28,False,2024-01-01,ZONE_3-R9-B3,2023-01-01
ITEM_0366,Product_366,Furniture,"{'length': 13, 'width': 31, 'height': 10}",16.28,False,2024-01-02,ZONE_3-R6-B8,2023-01-02
ITEM_0367,Product_367,Pharmaceuticals,"{'length': 66, 'width': 47, 'height': 17}",16.28,False,2024-01-03,ZONE_5-R6-B3,2023-01-03
ITEM_0368,Product_368,Food,"{'length': 43, 'width': 36, 'height': 23}",16.28,False,2024-01-04,ZONE_5-R2-B15,2023-01-04
ITEM_0369,Product_369,Pharmaceuticals,"{'length': 56, 'width': 37, 'height': 27}",16.28,True,2024-01-05,ZONE_3-R4-B14,2023-01-05
ITEM_0370,Product_370,Furniture,"{'length': 87, 'width': 30, 'height': 24}",16.28,True,2024-01-06,ZONE_4-R1-B9,2023-01-06
ITEM_0371,Product_371,Electronics,"{'length': 31, 'width': 33, 'height': 24}",16.28,True,2024-01-07,ZONE_5-R5-B16,2023-01-07
ITEM_0372,Product_372,Food,"{'length': 62, 'width': 20, 'height': 18}",16.28,False,2024-01-08,ZONE_1-R1-B16,2023-01-08
ITEM_0373,Product_373,Pharmaceuticals,"{'length': 81, 'width': 48, 'height': 25}",16.28,False,2024-01-09,ZONE_4-R1-B11,2023-01-09
ITEM_0374,Product_374,Machinery,"{'length': 37, 'width': 48, 'height': 18}",16.28,False,2024-01-10,ZONE_1-R8-B14,2023-01-10
ITEM_0375,Product_375,Electronics,"{'length': 97, 'width': 36, 'height': 25}",16.28,True,2024-01-11,ZONE_3-R9-B6,2023-01-11
ITEM_0376,Product_376,Clothing,"{'length': 52, 'width': 49, 'height': 16}",16.28,False,2024-01-12,ZONE_3-R3-B6,2023-01-12
ITEM_0377,Product_377,Furniture,"{'length': 76, 'width': 24, 'height': 10}",16.28,False,2024-01-13,ZONE_1-R8-B14,2023-01-13
ITEM_0378,Product_378,Furniture,"{'length': 73, 'width': 37, 'height': 10}",16.28,True,2024-01-14,ZONE_1-R2-B7,2023-01-14
ITEM_0379,Product_379,Electronics,"{'length': 71, 'width': 27, 'height': 9}",16.28,False,2024-01-15,ZONE_3-R9-B9,2023-01-15
ITEM_0380,Product_380,Pharmaceuticals,"{'length': 24, 'width': 40, 'height': 26}",16.28,False,2024-01-16,ZONE_1-R5-B5,2023-01-16
ITEM_0381,Product_381,Pharmaceuticals,"{'length': 84, 'width': 34, 'height': 20}",16.28,False,2024-01-17,ZONE_3-R10-B6,2023-01-17
ITEM_0382,Product_382,Food,"{'length': 51, 'width': 27, 'height': 9}",16.28,False,2024-01-18,ZONE_3-R2-B20,2023-01-18
ITEM_0383,Product_383,Machinery,"{'length': 28, 'width': 14, 'height': 29}",16.28,True,2024-01-19,ZONE_1-R9-B11,2023-01-19
ITEM_0384,Product_384,Clothing,"{'length': 78, 'width': 21, 'height': 8}",16.28,False,2024-01-20,ZONE_1-R5-B12,2023-01-20
ITEM_0385,Product_385,Pharmaceuticals,"{'length': 69, 'width': 23, 'height': 14}",16.28,False,2024-01-21,ZONE_5-R5-B15,2023-01-21
ITEM_0386,Product_386,Electronics,"{'length': 42, 'width': 34, 'height': 11}",16.28,True,2024-01-22,ZONE_2-R5-B15,2023-01-22
ITEM_0387,Product_387,Furniture,"{'length': 75, 'width': 41, 'height': 17}",16.28,True,2024-01-23,ZONE_4-R9-B20,2023-01-23
ITEM_0388,Product_388,Clothing,"{'length': 20, 'width': 12, 'height': 25}",16.28,False,2024-01-24,ZONE_1-R5-B8,2023-01-24
ITEM_0389,Product_389,Machinery,"{'length': 82, 'width': 43, 'height': 28}",16.28,False,2024-01-25,ZONE_3-R7-B11,2023-01-25
ITEM_0390,Product_390,Clothing,"{'length': 74, 'width': 44, 'height': 9}",16.28,False,2024-01-26,ZONE_5-R6-B20,2023-01-26
ITEM_0391,Product_391,Machinery,"{'length': 91, 'width': 18, 'height': 11}",16.28,False,2024-01-27,ZONE_3-R1-B13,2023-01-27
ITEM_0392,Product_392,Electronics,"{'length': 36, 'width': 14, 'height': 20}",16.28,True,2024-01-28,ZONE_1-R2-B6,2023-01-28
ITEM_0393,Product_393,Food,"{'length': 22, 'width': 23, 'height': 7}",16.28,False,2024-01-29,ZONE_3-R6-B4,2023-01-29
ITEM_0394,Product_394,Machinery,"{'length': 96, 'width': 31, 'height': 5}",16.28,True,2024-01-30,ZONE_1-R1-B8,2023-01-30
ITEM_0395,Product_395,Electronics,"{'length': 75, 'width': 28, 'height': 28}",16.28,True,2024-01-31,ZONE_4-R10-B7,2023-01-31
ITEM_0396,Product_396,Food,"{'length': 41, 'width': 10, 'height': 11}",16.28,False,2024-02-01,ZONE_5-R1-B16,2023-02-01
ITEM_0397,Product_397,Furniture,"{'length': 12, 'width': 40, 'height': 28}",16.28,True,2024-02-02,ZONE_5-R7-B20,2023-02-02
ITEM_0398,Product_398,Machinery,"{'length': 83, 'width': 45, 'height': 16}",16.28,True,2024-02-03,ZONE_5-R5-B1,2023-02-03
ITEM_0399,Product_399,Electronics,"{'length': 11, 'width': 24, 'height': 8}",16.28,True,2024-02-04,ZONE_3-R7-B11,2023-02-04
ITEM_0400,Product_400,Pharmaceuticals,"{'length': 60, 'width': 21, 'height': 12}",16.28,True,2024-02-05,ZONE_3-R8-B6,2023-02-05
ITEM_0401,Product_401,Pharmaceuticals,"{'length': 93, 'width': 18, 'height': 22}",16.28,False,2024-02-06,ZONE_5-R7-B12,2023-02-06
ITEM_0402,Product_402,Clothing,"{'length': 28, 'width': 38, 'height': 12}",16.28,True,2024-02-07,ZONE_2-R6-B17,2023-02-07
ITEM_0403,Product_403,Clothing,"{'length': 20, 'width': 44, 'height': 14}",16.28,False,2024-02-08,ZONE_5-R9-B19,2023-02-08
ITEM_0404,Product_404,Machinery,"{'length': 38, 'width': 30, 'height': 6}",16.28,True,2024-02-09,ZONE_4-R4-B10,2023-02-09
ITEM_0405,Product_405,Pharmaceuticals,"{'length': 20, 'width': 26, 'height': 19}",16.28,False,2024-02-10,ZONE_4-R8-B12,2023-02-10
ITEM_0406,Product_406,Electronics,"{'length': 20, 'width': 29, 'height': 16}",16.28,False,2024-02-11,ZONE_2-R8-B19,2023-02-11
ITEM_0407,Product_407,Furniture,"{'length': 49, 'width': 32, 'height': 20}",16.28,False,2024-02-12,ZONE_4-R5-B1,2023-02-12
ITEM_0408,Product_408,Food,"{'length': 25, 'width': 36, 'height': 8}",16.28,False,2024-02-13,ZONE_2-R1-B20,2023-02-13
ITEM_0409,Product_409,Electronics,"{'length': 24, 'width': 47, 'height': 15}",16.28,True,2024-02-14,ZONE_5-R1-B10,2023-02-14
ITEM_0410,Product_410,Furniture,"{'length': 25, 'width': 10, 'height': 22}",16.28,False,2024-02-15,ZONE_4-R9-B14,2023-02-15
ITEM_0411,Product_411,Electronics,"{'length': 49, 'width': 12, 'height': 15}",16.28,False,2024-02-16,ZONE_1-R6-B11,2023-02-16
ITEM_0412,Product_412,Furniture,"{'length': 55, 'width': 10, 'height': 18}",16.28,True,2024-02-17,ZONE_2-R10-B3,2023-02-17
ITEM_0413,Product_413,Clothing,"{'length': 16, 'width': 45, 'height': 17}",16.28,False,2024-02-18,ZONE_2-R5-B13,2023-02-18
ITEM_0414,Product_414,Furniture,"{'length': 46, 'width': 41, 'height': 12}",16.28,True,2024-02-19,ZONE_3-R1-B15,2023-02-19
ITEM_0415,Product_415,Clothing,"{'length': 16, 'width': 11, 'height': 15}",16.28,False,2024-02-20,ZONE_3-R3-B14,2023-02-20
ITEM_0416,Product_416,Clothing,"{'length': 96, 'width': 46, 'height': 12}",16.28,True,2024-02-21,ZONE_1-R5-B9,2023-02-21
ITEM_0417,Product_417,Machinery,"{'length': 38, 'width': 41, 'height': 19}",16.28,False,2024-02-22,ZONE_4-R3-B2,2023-02-22
ITEM_0418,Product_418,Machinery,"{'length': 42, 'width': 31, 'height': 7}",16.28,True,2024-02-23,ZONE_3-R1-B15,2023-02-23
ITEM_0419,Product_419,Machinery,"{'length': 20, 'width': 24, 'height': 14}",16.28,False,2024-02-24,ZONE_5-R8-B3,2023-02-24
ITEM_0420,Product_420,Clothing,"{'length': 89, 'width': 16, 'height': 9}",16.28,True,2024-02-25,ZONE_3-R4-B7,2023-02-25
ITEM_0421,Product_421,Machinery,"{'length': 93, 'width': 40, 'height': 14}",16.28,False,2024-02-26,ZONE_5-R3-B6,2023-02-26
ITEM_0422,Product_422,Food,"{'length': 77, 'width': 24, 'height': 17}",16.28,False,2024-02-27,ZONE_1-R9-B18,2023-02-27
ITEM_0423,Product_423,Electronics,"{'length': 24, 'width': 47, 'height': 23}",16.28,False,2024-02-28,ZONE_5-R4-B1,2023-02-28
ITEM_0424,Product_424,Clothing,"{'length': 62, 'width': 40, 'height': 17}",16.28,False,2024-02-29,ZONE_4-R6-B6,2023-03-01
ITEM_0425,Product_425,Furniture,"{'length': 46, 'width': 49, 'height': 22}",16.28,False,2024-03-01,ZONE_1-R4-B16,2023-03-02
ITEM_0426,Product_426,Electronics,"{'length': 80, 'width': 38, 'height': 11}",16.28,True,2024-03-02,ZONE_3-R7-B12,2023-03-03
ITEM_0427,Product_427,Machinery,"{'length': 77, 'width': 11, 'height': 29}",16.28,True,2024-03-03,ZONE_2-R6-B13,2023-03-04
ITEM_0428,Product_428,Electronics,"{'length': 94, 'width': 46, 'height': 17}",16.28,True,2024-03-04,ZONE_3-R9-B17,2023-03-05
ITEM_0429,Product_429,Clothing,"{'length': 10, 'width': 39, 'height': 10}",16.28,True,2024-03-05,ZONE_3-R7-B13,2023-03-06
ITEM_0430,Product_430,Electronics,"{'length': 52, 'width': 29, 'height': 13}",16.28,True,2024-03-06,ZONE_4-R9-B13,2023-03-07
ITEM_0431,Product_431,Pharmaceuticals,"{'length': 52, 'width': 27, 'height': 27}",16.28,False,2024-03-07,ZONE_2-R4-B6,2023-03-08
ITEM_0432,Product_432,Furniture,"{'length': 92, 'width': 31, 'height': 6}",16.28,False,2024-03-08,ZONE_5-R2-B10,2023-03-09
ITEM_0433,Product_433,Clothing,"{'length': 47, 'width': 25, 'height': 16}",16.28,False,2024-03-09,ZONE_3-R7-B12,2023-03-10
ITEM_0434,Product_434,Machinery,"{'length': 33, 'width': 14, 'height': 14}",16.28,False,2024-03-10,ZONE_4-R1-B20,2023-03-11
ITEM_0435,Product_435,Food,"{'length': 60, 'width': 39, 'height': 25}",16.28,False,2024-03-11,ZONE_3-R7-B8,2023-03-12
ITEM_0436,Product_436,Pharmaceuticals,"{'length': 51, 'width': 21, 'height': 9}",16.28,False,2024-03-12,ZONE_5-R9-B11,2023-03-13
ITEM_0437,Product_437,Food,"{'length': 70, 'width': 11, 'height': 25}",16.28,True,2024-03-13,ZONE_4-R3-B15,2023-03-14
ITEM_0438,Product_438,Machinery,"{'length': 78, 'width': 32, 'height': 17}",16.28,False,2024-03-14,ZONE_1-R1-B5,2023-03-15
ITEM_0439,Product_439,Furniture,"{'length': 50, 'width': 37, 'height': 18}",16.28,True,2024-03-15,ZONE_3-R1-B4,2023-03-16
ITEM_0440,Product_440,Food,"{'length': 95, 'width': 34, 'height': 11}",16.28,False,2024-03-16,ZONE_1-R5-B10,2023-03-17
ITEM_0441,Product_441,Clothing,"{'length': 27, 'width': 16, 'height': 25}",16.28,True,2024-03-17,ZONE_4-R4-B6,2023-03-18
ITEM_0442,Product_442,Furniture,"{'length': 47, 'width': 41, 'height': 18}",16.28,True,2024-03-18,ZONE_3-R7-B10,2023-03-19
ITEM_0443,Product_443,Electronics,"{'length': 75, 'width': 25, 'height': 8}",16.28,False,2024-03-19,ZONE_1-R1-B17,2023-03-20
ITEM_0444,Product_444,Furniture,"{'length': 16, 'width': 32, 'height': 28}",16.28,True,2024-03-20,ZONE_3-R10-B8,2023-03-21
ITEM_0445,Product_445,Furniture,"{'length': 85, 'width': 22, 'height': 7}",16.28,False,2024-03-21,ZONE_2-R4-B8,2023-03-22
ITEM_0446,Product_446,Food,"{'length': 46, 'width': 35, 'height': 27}",16.28,True,2024-03-22,ZONE_4-R8-B2,2023-03-23
ITEM_0447,Product_447,Machinery,"{'length': 81, 'width': 10, 'height': 28}",16.28,False,2024-03-23,ZONE_4-R1-B16,2023-03-24
ITEM_0448,Product_448,Pharmaceuticals,"{'length': 47, 'width': 39, 'height': 11}",16.28,False,2024-03-24,ZONE_5-R1-B17,2023-03-25
ITEM_0449,Product_449,Clothing,"{'length': 57, 'width': 11, 'height': 5}",16.28,False,2024-03-25,ZONE_1-R6-B13,2023-03-26
ITEM_0450,Product_450,Clothing,"{'length': 35, 'width': 12, 'height': 27}",16.28,True,2024-03-26,ZONE_1-R9-B3,2023-03-27
ITEM_0451,Product_451,Pharmaceuticals,"{'length': 35, 'width': 37, 'height': 16}",16.28,False,2024-03-27,ZONE_1-R7-B15,2023-03-28
ITEM_0452,Product_452,Food,"{'length': 57, 'width': 19, 'height': 26}",16.28,False,2024-03-28,ZONE_1-R7-B20,2023-03-29
ITEM_0453,Product_453,Furniture,"{'length': 87, 'width': 35, 'height': 20}",16.28,True,2024-03-29,ZONE_2-R5-B6,2023-03-30
ITEM_0454,Product_454,Furniture,"{'length': 13, 'width': 30, 'height': 9}",16.28,False,2024-03-30,ZONE_4-R8-B11,2023-03-31
ITEM_0455,Product_455,Electronics,"{'length': 35, 'width': 37, 'height': 14}",16.28,True,2024-03-31,ZONE_1-R10-B19,2023-04-01
ITEM_0456,Product_456,Food,"{'length': 61, 'width': 26, 'height': 8}",16.28,True,2024-04-01,ZONE_3-R2-B14,2023-04-02
ITEM_0457,Product_457,Machinery,"{'length': 61, 'width': 33, 'height': 6}",16.28,True,2024-04-02,ZONE_1-R8-B11,2023-04-03
ITEM_0458,Product_458,Electronics,"{'length': 45, 'width': 15, 'height': 22}",16.28,True,2024-04-03,ZONE_3-R9-B12,2023-04-04
ITEM_0459,Product_459,Clothing,"{'length': 15, 'width': 20, 'height': 18}",16.28,False,2024-04-04,ZONE_1-R9-B3,2023-04-05
ITEM_0460,Product_460,Furniture,"{'length': 99, 'width': 44, 'height': 10}",16.28,True,2024-04-05,ZONE_4-R5-B12,2023-04-06
ITEM_0461,Product_461,Clothing,"{'length': 39, 'width': 31, 'height': 12}",16.28,False,2024-04-06,ZONE_1-R8-B11,2023-04-07
ITEM_0462,Product_462,Clothing,"{'length': 46, 'width': 46, 'height': 28}",16.28,True,2024-04-07,ZONE_1-R1-B13,2023-04-08
ITEM_0463,Product_463,Clothing,"{'length': 88, 'width': 37, 'height': 25}",16.28,False,2024-04-08,ZONE_3-R4-B9,2023-04-09
ITEM_0464,Product_464,Furniture,"{'length': 50, 'width': 15, 'height': 5}",16.28,False,2024-04-09,ZONE_2-R6-B15,2023-04-10
ITEM_0465,Product_465,Food,"{'length': 99, 'width': 35, 'height': 20}",16.28,True,2024-04-10,ZONE_1-R1-B14,2023-04-11
ITEM_0466,Product_466,Pharmaceuticals,"{'length': 88, 'width': 13, 'height': 27}",16.28,False,2024-04-11,ZONE_3-R4-B14,2023-04-12
ITEM_0467,Product_467,Pharmaceuticals,"{'length': 91, 'width': 22, 'height': 21}",16.28,True,2024-04-12,ZONE_3-R1-B18,2023-04-13
ITEM_0468,Product_468,Machinery,"{'length': 19, 'width': 49, 'height': 17}",16.28,True,2024-04-13,ZONE_5-R2-B16,2023-04-14
ITEM_0469,Product_469,Pharmaceuticals,"{'length': 92, 'width': 11, 'height': 14}",16.28,False,2024-04-14,ZONE_1-R10-B10,2023-04-15
ITEM_0470,Product_470,Pharmaceuticals,"{'length': 65, 'width': 10, 'height': 21}",16.28,True,2024-04-15,ZONE_5-R9-B8,2023-04-16
ITEM_0471,Product_471,Electronics,"{'length': 59, 'width': 40, 'height': 17}",16.28,False,2024-04-16,ZONE_2-R2-B3,2023-04-17
ITEM_0472,Product_472,Food,"{'length': 64, 'width': 36, 'height': 14}",16.28,False,2024-04-17,ZONE_5-R1-B5,2023-04-18
ITEM_0473,Product_473,Pharmaceuticals,"{'length': 26, 'width': 20, 'height': 13}",16.28,True,2024-04-18,ZONE_1-R9-B18,2023-04-19
ITEM_0474,Product_474,Machinery,"{'length': 99, 'width': 17, 'height': 26}",16.28,False,2024-04-19,ZONE_4-R10-B14,2023-04-20
ITEM_0475,Product_475,Food,"{'length': 54, 'width': 17, 'height': 14}",16.28,True,2024-04-20,ZONE_4-R2-B14,2023-04-21
ITEM_0476,Product_476,Pharmaceuticals,"{'length': 13, 'width': 27, 'height': 13}",16.28,False,2024-04-21,ZONE_5-R8-B3,2023-04-22
ITEM_0477,Product_477,Pharmaceuticals,"{'length': 41, 'width': 46, 'height': 17}",16.28,False,2024-04-22,ZONE_5-R6-B4,2023-04-23
ITEM_0478,Product_478,Clothing,"{'length': 56, 'width': 41, 'height': 14}",16.28,True,2024-04-23,ZONE_1-R5-B12,2023-04-24
ITEM_0479,Product_479,Pharmaceuticals,"{'length': 82, 'width': 15, 'height': 25}",16.28,True,2024-04-24,ZONE_4-R8-B2,2023-04-25
ITEM_0480,Product_480,Clothing,"{'length': 36, 'width': 10, 'height': 9}",16.28,True,2024-04-25,ZONE_4-R3-B18,2023-04-26
ITEM_0481,Product_481,Food,"{'length': 52, 'width': 31, 'height': 8}",16.28,True,2024-04-26,ZONE_5-R5-B19,2023-04-27
ITEM_0482,Product_482,Electronics,"{'length': 55, 'width': 17, 'height': 20}",16.28,False,2024-04-27,ZONE_2-R3-B3,2023-04-28
ITEM_0483,Product_483,Furniture,"{'length': 30, 'width': 38, 'height': 27}",16.28,True,2024-04-28,ZONE_2-R5-B19,2023-04-29
ITEM_0484,Product_484,Clothing,"{'length': 62, 'width': 40, 'height': 24}",16.28,True,2024-04-29,ZONE_5-R2-B4,2023-04-30
ITEM_0485,Product_485,Machinery,"{'length': 11, 'width': 41, 'height': 29}",16.28,False,2024-04-30,ZONE_5-R3-B10,2023-05-01
ITEM_0486,Product_486,Electronics,"{'length': 21, 'width': 36, 'height': 8}",16.28,True,2024-05-01,ZONE_1-R4-B3,2023-05-02
ITEM_0487,Product_487,Machinery,"{'length': 14, 'width': 25, 'height': 18}",16.28,True,2024-05-02,ZONE_4-R1-B2,2023-05-03
ITEM_0488,Product_488,Clothing,"{'length': 21, 'width': 45, 'height': 9}",16.28,True,2024-05-03,ZONE_3-R8-B1,2023-05-04
ITEM_0489,Product_489,Furniture,"{'length': 84, 'width': 40, 'height': 28}",16.28,False,2024-05-04,ZONE_4-R7-B16,2023-05-05
ITEM_0490,Product_490,Clothing,"{'length': 20, 'width': 27, 'height': 9}",16.28,True,2024-05-05,ZONE_2-R3-B12,2023-05-06
ITEM_0491,Product_491,Clothing,"{'length': 38, 'width': 46, 'height': 11}",16.28,False,2024-05-06,ZONE_1-R1-B17,2023-05-07
ITEM_0492,Product_492,Pharmaceuticals,"{'length': 91, 'width': 28, 'height': 26}",16.28,True,2024-05-07,ZONE_4-R10-B2,2023-05-08
ITEM_0493,Product_493,Electronics,"{'length': 65, 'width': 38, 'height': 13}",16.28,False,2024-05-08,ZONE_4-R3-B2,2023-05-09
ITEM_0494,Product_494,Food,"{'length': 19, 'width': 48, 'height': 28}",16.28,False,2024-05-09,ZONE_5-R9-B13,2023-05-10
ITEM_0495,Product_495,Pharmaceuticals,"{'length': 90, 'width': 41, 'height': 18}",16.28,True,2024-05-10,ZONE_2-R3-B19,2023-05-11
ITEM_0496,Product_496,Furniture,"{'length': 26, 'width': 40, 'height': 12}",16.28,True,2024-05-11,ZONE_1-R1-B1,2023-05-12
ITEM_0497,Product_497,Machinery,"{'length': 45, 'width': 26, 'height': 14}",16.28,False,2024-05-12,ZONE_4-R9-B20,2023-05-13
ITEM_0498,Product_498,Electronics,"{'length': 24, 'width': 45, 'height': 24}",16.28,True,2024-05-13,ZONE_2-R2-B10,2023-05-14
ITEM_0499,Product_499,Pharmaceuticals,"{'length': 49, 'width': 11, 'height': 23}",16.28,False,2024-05-14,ZONE_5-R4-B13,2023-05-15
ITEM_0500,Product_500,Pharmaceuticals,"{'length': 56, 'width': 39, 'height': 20}",16.28,True,2024-05-15,ZONE_5-R1-B16,2023-05-16
ITEM_0501,Product_501,Food,"{'length': 70, 'width': 44, 'height': 9}",16.28,False,2024-05-16,ZONE_1-R5-B9,2023-05-17
ITEM_0502,Product_502,Electronics,"{'length': 34, 'width': 10, 'height': 5}",16.28,False,2024-05-17,ZONE_4-R10-B20,2023-05-18
ITEM_0503,Product_503,Pharmaceuticals,"{'length': 27, 'width': 35, 'height': 17}",16.28,False,2024-05-18,ZONE_5-R10-B11,2023-05-19
ITEM_0504,Product_504,Furniture,"{'length': 70, 'width': 35, 'height': 26}",16.28,False,2024-05-19,ZONE_4-R6-B9,2023-05-20
ITEM_0505,Product_505,Electronics,"{'length': 32, 'width': 23, 'height': 12}",16.28,True,2024-05-20,ZONE_1-R3-B14,2023-05-21
ITEM_0506,Product_506,Pharmaceuticals,"{'length': 57, 'width': 24, 'height': 11}",16.28,False,2024-05-21,ZONE_5-R2-B8,2023-05-22
ITEM_0507,Product_507,Clothing,"{'length': 87, 'width': 30, 'height': 24}",16.28,False,2024-05-22,ZONE_3-R6-B14,2023-05-23
ITEM_0508,Product_508,Machinery,"{'length': 45, 'width': 48, 'height': 6}",16.28,False,2024-05-23,ZONE_2-R6-B8,2023-05-24
ITEM_0509,Product_509,Machinery,"{'length': 42, 'width': 41, 'height': 29}",16.28,True,2024-05-24,ZONE_1-R5-B1,2023-05-25
ITEM_0510,Product_510,Furniture,"{'length': 35, 'width': 10, 'height': 22}",16.28,True,2024-05-25,ZONE_1-R9-B7,2023-05-26
ITEM_0511,Product_511,Food,"{'length': 43, 'width': 21, 'height': 19}",16.28,True,2024-05-26,ZONE_3-R3-B20,2023-05-27
ITEM_0512,Product_512,Food,"{'length': 25, 'width': 32, 'height': 11}",16.28,False,2024-05-27,ZONE_1-R6-B19,2023-05-28
ITEM_0513,Product_513,Pharmaceuticals,"{'length': 36, 'width': 30, 'height': 20}",16.28,True,2024-05-28,ZONE_3-R4-B3,2023-05-29
ITEM_0514,Product_514,Machinery,"{'length': 55, 'width': 21, 'height': 12}",16.28,True,2024-05-29,ZONE_4-R4-B18,2023-05-30
ITEM_0515,Product_515,Machinery,"{'length': 12, 'width': 23, 'height': 9}",16.28,False,2024-05-30,ZONE_4-R4-B18,2023-05-31
ITEM_0516,Product_516,Furniture,"{'length': 20, 'width': 41, 'height': 14}",16.28,True,2024-05-31,ZONE_1-R5-B12,2023-06-01
ITEM_0517,Product_517,Furniture,"{'length': 41, 'width': 42, 'height': 7}",16.28,True,2024-06-01,ZONE_3-R5-B2,2023-06-02
ITEM_0518,Product_518,Machinery,"{'length': 90, 'width': 44, 'height': 5}",16.28,False,2024-06-02,ZONE_4-R1-B3,2023-06-03
ITEM_0519,Product_519,Electronics,"{'length': 78, 'width': 37, 'height': 23}",16.28,False,2024-06-03,ZONE_2-R1-B11,2023-06-04
ITEM_0520,Product_520,Pharmaceuticals,"{'length': 48, 'width': 22, 'height': 29}",16.28,True,2024-06-04,ZONE_1-R6-B20,2023-06-05
ITEM_0521,Product_521,Clothing,"{'length': 87, 'width': 26, 'height': 21}",16.28,False,2024-06-05,ZONE_4-R10-B1,2023-06-06
ITEM_0522,Product_522,Machinery,"{'length': 74, 'width': 37, 'height': 14}",16.28,False,2024-06-06,ZONE_1-R9-B7,2023-06-07
ITEM_0523,Product_523,Furniture,"{'length': 32, 'width': 44, 'height': 11}",16.28,True,2024-06-07,ZONE_4-R1-B1,2023-06-08
ITEM_0524,Product_524,Pharmaceuticals,"{'length': 38, 'width': 43, 'height': 15}",16.28,True,2024-06-08,ZONE_1-R5-B20,2023-06-09
ITEM_0525,Product_525,Food,"{'length': 88, 'width': 27, 'height': 9}",16.28,True,2024-06-09,ZONE_2-R6-B9,2023-06-10
ITEM_0526,Product_526,Machinery,"{'length': 95, 'width': 34, 'height': 11}",16.28,False,2024-06-10,ZONE_3-R2-B17,2023-06-11
ITEM_0527,Product_527,Clothing,"{'length': 62, 'width': 28, 'height': 25}",16.28,True,2024-06-11,ZONE_1-R5-B6,2023-06-12
ITEM_0528,Product_528,Electronics,"{'length': 84, 'width': 37, 'height': 19}",16.28,True,2024-06-12,ZONE_5-R7-B9,2023-06-13
ITEM_0529,Product_529,Food,"{'length': 86, 'width': 23, 'height': 17}",16.28,False,2024-06-13,ZONE_1-R2-B16,2023-06-14
ITEM_0530,Product_530,Electronics,"{'length': 68, 'width': 46, 'height': 28}",16.28,True,2024-06-14,ZONE_5-R9-B17,2023-06-15
ITEM_0531,Product_531,Furniture,"{'length': 79, 'width': 32, 'height': 25}",16.28,False,2024-06-15,ZONE_2-R5-B14,2023-06-16
ITEM_0532,Product_532,Clothing,"{'length': 26, 'width': 21, 'height': 20}",16.28,False,2024-06-16,ZONE_3-R9-B5,2023-06-17
ITEM_0533,Product_533,Machinery,"{'length': 71, 'width': 13, 'height': 29}",16.28,True,2024-06-17,ZONE_3-R9-B18,2023-06-18
ITEM_0534,Product_534,Furniture,"{'length': 31, 'width': 29, 'height': 16}",16.28,True,2024-06-18,ZONE_4-R10-B1,2023-06-19
ITEM_0535,Product_535,Furniture,"{'length': 10, 'width': 30, 'height': 17}",16.28,True,2024-06-19,ZONE_1-R3-B20,2023-06-20
ITEM_0536,Product_536,Food,"{'length': 99, 'width': 40, 'height': 26}",16.28,True,2024-06-20,ZONE_5-R8-B3,2023-06-21
ITEM_0537,Product_537,Machinery,"{'length': 51, 'width': 47, 'height': 26}",16.28,False,2024-06-21,ZONE_2-R10-B14,2023-06-22
ITEM_0538,Product_538,Clothing,"{'length': 11, 'width': 36, 'height': 14}",16.28,False,2024-06-22,ZONE_1-R5-B15,2023-06-23
ITEM_0539,Product_539,Food,"{'length': 90, 'width': 37, 'height': 23}",16.28,False,2024-06-23,ZONE_3-R9-B16,2023-06-24
ITEM_0540,Product_540,Clothing,"{'length': 21, 'width': 30, 'height': 24}",16.28,False,2024-06-24,ZONE_5-R7-B13,2023-06-25
ITEM_0541,Product_541,Pharmaceuticals,"{'length': 89, 'width': 39, 'height': 19}",16.28,False,2024-06-25,ZONE_3-R4-B3,2023-06-26
ITEM_0542,Product_542,Machinery,"{'length': 96, 'width': 16, 'height': 13}",16.28,True,2024-06-26,ZONE_2-R8-B10,2023-06-27
ITEM_0543,Product_543,Machinery,"{'length': 73, 'width': 41, 'height': 25}",16.28,True,2024-06-27,ZONE_1-R2-B3,2023-06-28
ITEM_0544,Product_544,Clothing,"{'length': 42, 'width': 10, 'height': 26}",16.28,True,2024-06-28,ZONE_5-R3-B3,2023-06-29
ITEM_0545,Product_545,Machinery,"{'length': 91, 'width': 34, 'height': 28}",16.28,True,2024-06-29,ZONE_1-R3-B18,2023-06-30
ITEM_0546,Product_546,Furniture,"{'length': 97, 'width': 21, 'height': 12}",16.28,True,2024-06-30,ZONE_4-R10-B7,2023-07-01
ITEM_0547,Product_547,Food,"{'length': 40, 'width': 14, 'height': 26}",16.28,True,2024-07-01,ZONE_2-R1-B12,2023-07-02
ITEM_0548,Product_548,Clothing,"{'length': 44, 'width': 16, 'height': 5}",16.28,True,2024-07-02,ZONE_4-R10-B3,2023-07-03
ITEM_0549,Product_549,Furniture,"{'length': 25, 'width': 20, 'height': 27}",16.28,False,2024-07-03,ZONE_5-R4-B2,2023-07-04
ITEM_0550,Product_550,Clothing,"{'length': 14, 'width': 49, 'height': 27}",16.28,False,2024-07-04,ZONE_4-R3-B5,2023-07-05
ITEM_0551,Product_551,Pharmaceuticals,"{'length': 42, 'width': 48, 'height': 6}",16.28,True,2024-07-05,ZONE_5-R8-B16,2023-07-06
ITEM_0552,Product_552,Electronics,"{'length': 31, 'width': 29, 'height': 11}",16.28,True,2024-07-06,ZONE_2-R2-B17,2023-07-07
ITEM_0553,Product_553,Electronics,"{'length': 46, 'width': 13, 'height': 29}",16.28,False,2024-07-07,ZONE_3-R7-B7,2023-07-08
ITEM_0554,Product_554,Furniture,"{'length': 47, 'width': 13, 'height': 9}",16.28,True,2024-07-08,ZONE_5-R3-B4,2023-07-09
ITEM_0555,Product_555,Clothing,"{'length': 91, 'width': 29, 'height': 16}",16.28,False,2024-07-09,ZONE_1-R5-B1,2023-07-10
ITEM_0556,Product_556,Furniture,"{'length': 19, 'width': 44, 'height': 22}",16.28,True,2024-07-10,ZONE_2-R2-B19,2023-07-11
ITEM_0557,Product_557,Electronics,"{'length': 19, 'width': 36, 'height': 25}",16.28,True,2024-07-11,ZONE_1-R7-B20,2023-07-12
ITEM_0558,Product_558,Clothing,"{'length': 45, 'width': 45, 'height': 25}",16.28,False,2024-07-12,ZONE_2-R2-B7,2023-07-13
ITEM_0559,Product_559,Furniture,"{'length': 52, 'width': 17, 'height': 6}",16.28,False,2024-07-13,ZONE_5-R10-B10,2023-07-14
ITEM_0560,Product_560,Electronics,"{'length': 21, 'width': 32, 'height': 14}",16.28,True,2024-07-14,ZONE_5-R2-B5,2023-07-15
ITEM_0561,Product_561,Furniture,"{'length': 67, 'width': 10, 'height': 25}",16.28,False,2024-07-15,ZONE_2-R10-B20,2023-07-16
ITEM_0562,Product_562,Machinery,"{'length': 42, 'width': 47, 'height': 12}",16.28,False,2024-07-16,ZONE_1-R1-B14,2023-07-17
ITEM_0563,Product_563,Furniture,"{'length': 34, 'width': 29, 'height': 17}",16.28,False,2024-07-17,ZONE_3-R2-B20,2023-07-18
ITEM_0564,Product_564,Machinery,"{'length': 14, 'width': 21, 'height': 27}",16.28,False,2024-07-18,ZONE_3-R9-B19,2023-07-19
ITEM_0565,Product_565,Pharmaceuticals,"{'length': 87, 'width': 19, 'height': 19}",16.28,True,2024-07-19,ZONE_3-R8-B13,2023-07-20
ITEM_0566,Product_566,Food,"{'length': 49, 'width': 25, 'height': 8}",16.28,True,2024-07-20,ZONE_3-R3-B1,2023-07-21
ITEM_0567,Product_567,Machinery,"{'length': 32, 'width': 12, 'height': 16}",16.28,False,2024-07-21,ZONE_2-R7-B20,2023-07-22
ITEM_0568,Product_568,Machinery,"{'length': 36, 'width': 47, 'height': 26}",16.28,True,2024-07-22,ZONE_1-R1-B17,2023-07-23
ITEM_0569,Product_569,Furniture,"{'length': 94, 'width': 16, 'height': 23}",16.28,True,2024-07-23,ZONE_5-R6-B1,2023-07-24
ITEM_0570,Product_570,Food,"{'length': 80, 'width': 10, 'height': 26}",16.28,False,2024-07-24,ZONE_4-R1-B6,2023-07-25
ITEM_0571,Product_571,Furniture,"{'length': 20, 'width': 34, 'height': 24}",16.28,False,2024-07-25,ZONE_5-R10-B1,2023-07-26
ITEM_0572,Product_572,Machinery,"{'length': 85, 'width': 28, 'height': 11}",16.28,True,2024-07-26,ZONE_4-R7-B12,2023-07-27
ITEM_0573,Product_573,Furniture,"{'length': 26, 'width': 26, 'height': 26}",16.28,True,2024-07-27,ZONE_5-R5-B8,2023-07-28
ITEM_0574,Product_574,Food,"{'length': 25, 'width': 10, 'height': 27}",16.28,False,2024-07-28,ZONE_3-R3-B17,2023-07-29
ITEM_0575,Product_575,Machinery,"{'length': 64, 'width': 49, 'height': 19}",16.28,False,2024-07-29,ZONE_1-R7-B7,2023-07-30
ITEM_0576,Product_576,Machinery,"{'length': 28, 'width': 40, 'height': 13}",16.28,True,2024-07-30,ZONE_2-R6-B13,2023-07-31
ITEM_0577,Product_577,Food,"{'length': 64, 'width': 21, 'height': 11}",16.28,True,2024-07-31,ZONE_2-R1-B20,2023-08-01
ITEM_0578,Product_578,Clothing,"{'length': 19, 'width': 37, 'height': 29}",16.28,True,2024-08-01,ZONE_2-R7-B11,2023-08-02
ITEM_0579,Product_579,Machinery,"{'length': 94, 'width': 35, 'height': 11}",16.28,False,2024-08-02,ZONE_2-R7-B10,2023-08-03
ITEM_0580,Product_580,Food,"{'length': 74, 'width': 17, 'height': 26}",16.28,True,2024-08-03,ZONE_2-R2-B5,2023-08-04
ITEM_0581,Product_581,Food,"{'length': 49, 'width': 15, 'height': 25}",16.28,True,2024-08-04,ZONE_4-R6-B20,2023-08-05
ITEM_0582,Product_582,Machinery,"{'length': 67, 'width': 13, 'height': 18}",16.28,False,2024-08-05,ZONE_4-R4-B18,2023-08-06
ITEM_0583,Product_583,Furniture,"{'length': 46, 'width': 45, 'height': 24}",16.28,True,2024-08-06,ZONE_3-R6-B16,2023-08-07
ITEM_0584,Product_584,Furniture,"{'length': 20, 'width': 15, 'height': 24}",16.28,False,2024-08-07,ZONE_3-R7-B4,2023-08-08
ITEM_0585,Product_585,Electronics,"{'length': 48, 'width': 17, 'height': 21}",16.28,True,2024-08-08,ZONE_5-R3-B4,2023-08-09
ITEM_0586,Product_586,Pharmaceuticals,"{'length': 98, 'width': 18, 'height': 21}",16.28,True,2024-08-09,ZONE_1-R5-B18,2023-08-10
ITEM_0587,Product_587,Furniture,"{'length': 94, 'width': 13, 'height': 11}",16.28,False,2024-08-10,ZONE_1-R1-B5,2023-08-11
ITEM_0588,Product_588,Pharmaceuticals,"{'length': 68, 'width': 12, 'height': 14}",16.28,True,2024-08-11,ZONE_1-R1-B5,2023-08-12
ITEM_0589,Product_589,Food,"{'length': 71, 'width': 20, 'height': 26}",16.28,True,2024-08-12,ZONE_3-R3-B3,2023-08-13
ITEM_0590,Product_590,Machinery,"{'length': 32, 'width': 22, 'height': 10}",16.28,False,2024-08-13,ZONE_4-R3-B11,2023-08-14
ITEM_0591,Product_591,Clothing,"{'length': 72, 'width': 42, 'height': 9}",16.28,False,2024-08-14,ZONE_3-R10-B13,2023-08-15
ITEM_0592,Product_592,Clothing,"{'length': 22, 'width': 34, 'height': 28}",16.28,False,2024-08-15,ZONE_2-R3-B2,2023-08-16
ITEM_0593,Product_593,Food,"{'length': 35, 'width': 38, 'height': 23}",16.28,True,2024-08-16,ZONE_2-R1-B15,2023-08-17
ITEM_0594,Product_594,Machinery,"{'length': 76, 'width': 33, 'height': 10}",16.28,False,2024-08-17,ZONE_1-R5-B6,2023-08-18
ITEM_0595,Product_595,Machinery,"{'length': 38, 'width': 44, 'height': 16}",16.28,True,2024-08-18,ZONE_4-R4-B3,2023-08-19
ITEM_0596,Product_596,Furniture,"{'length': 54, 'width': 45, 'height': 13}",16.28,False,2024-08-19,ZONE_3-R2-B2,2023-08-20
ITEM_0597,Product_597,Furniture,"{'length': 34, 'width': 20, 'height': 16}",16.28,True,2024-08-20,ZONE_1-R6-B13,2023-08-21
ITEM_0598,Product_598,Pharmaceuticals,"{'length': 43, 'width': 24, 'height': 11}",16.28,False,2024-08-21,ZONE_3-R2-B13,2023-08-22
ITEM_0599,Product_599,Clothing,"{'length': 83, 'width': 26, 'height': 20}",16.28,True,2024-08-22,ZONE_2-R9-B7,2023-08-23
ITEM_0600,Product_600,Clothing,"{'length': 67, 'width': 10, 'height': 15}",16.28,True,2024-08-23,ZONE_3-R3-B3,2023-08-24
ITEM_0601,Product_601,Pharmaceuticals,"{'length': 36, 'width': 33, 'height': 18}",16.28,False,2024-08-24,ZONE_5-R6-B15,2023-08-25
ITEM_0602,Product_602,Furniture,"{'length': 27, 'width': 11, 'height': 19}",16.28,False,2024-08-25,ZONE_3-R7-B20,2023-08-26
ITEM_0603,Product_603,Furniture,"{'length': 40, 'width': 30, 'height': 13}",16.28,False,2024-08-26,ZONE_5-R5-B9,2023-08-27
ITEM_0604,Product_604,Pharmaceuticals,"{'length': 14, 'width': 45, 'height': 24}",16.28,False,2024-08-27,ZONE_4-R6-B13,2023-08-28
ITEM_0605,Product_605,Clothing,"{'length': 62, 'width': 15, 'height': 20}",16.28,False,2024-08-28,ZONE_4-R8-B7,2023-08-29
ITEM_0606,Product_606,Clothing,"{'length': 53, 'width': 12, 'height': 13}",16.28,False,2024-08-29,ZONE_3-R7-B12,2023-08-30
ITEM_0607,Product_607,Food,"{'length': 14, 'width': 40, 'height': 24}",16.28,False,2024-08-30,ZONE_2-R1-B3,2023-08-31
ITEM_0608,Product_608,Food,"{'length': 94, 'width': 40, 'height': 10}",16.28,False,2024-08-31,ZONE_2-R8-B16,2023-09-01
ITEM_0609,Product_609,Furniture,"{'length': 89, 'width': 15, 'height': 16}",16.28,False,2024-09-01,ZONE_2-R7-B16,2023-09-02
ITEM_0610,Product_610,Furniture,"{'length': 23, 'width': 48, 'height': 7}",16.28,True,2024-09-02,ZONE_2-R2-B15,2023-09-03
ITEM_0611,Product_611,Electronics,"{'length': 70, 'width': 18, 'height': 25}",16.28,False,2024-09-03,ZONE_4-R6-B2,2023-09-04
ITEM_0612,Product_612,Clothing,"{'length': 22, 'width': 41, 'height': 7}",16.28,True,2024-09-04,ZONE_1-R5-B13,2023-09-05
ITEM_0613,Product_613,Electronics,"{'length': 65, 'width': 36, 'height': 22}",16.28,True,2024-09-05,ZONE_1-R9-B3,2023-09-06
ITEM_0614,Product_614,Clothing,"{'length': 95, 'width': 19, 'height': 26}",16.28,False,2024-09-06,ZONE_2-R6-B11,2023-09-07
ITEM_0615,Product_615,Furniture,"{'length': 88, 'width': 35, 'height': 7}",16.28,True,2024-09-07,ZONE_4-R5-B3,2023-09-08
ITEM_0616,Product_616,Machinery,"{'length': 36, 'width': 13, 'height': 22}",16.28,True,2024-09-08,ZONE_5-R4-B18,2023-09-09
ITEM_0617,Product_617,Machinery,"{'length': 29, 'width': 32, 'height': 17}",16.28,False,2024-09-09,ZONE_1-R8-B4,2023-09-10
ITEM_0618,Product_618,Pharmaceuticals,"{'length': 50, 'width': 22, 'height': 24}",16.28,True,2024-09-10,ZONE_2-R6-B20,2023-09-11
ITEM_0619,Product_619,Pharmaceuticals,"{'length': 69, 'width': 47, 'height': 17}",16.28,True,2024-09-11,ZONE_3-R5-B10,2023-09-12
ITEM_0620,Product_620,Pharmaceuticals,"{'length': 43, 'width': 12, 'height': 29}",16.28,True,2024-09-12,ZONE_5-R10-B1,2023-09-13
ITEM_0621,Product_621,Electronics,"{'length': 60, 'width': 36, 'height': 24}",16.28,False,2024-09-13,ZONE_3-R9-B4,2023-09-14
ITEM_0622,Product_622,Pharmaceuticals,"{'length': 63, 'width': 15, 'height': 14}",16.28,True,2024-09-14,ZONE_4-R8-B6,2023-09-15
ITEM_0623,Product_623,Furniture,"{'length': 61, 'width': 13, 'height': 29}",16.28,False,2024-09-15,ZONE_4-R3-B6,2023-09-16
ITEM_0624,Product_624,Clothing,"{'length': 67, 'width': 17, 'height': 21}",16.28,False,2024-09-16,ZONE_5-R2-B16,2023-09-17
ITEM_0625,Product_625,Pharmaceuticals,"{'length': 33, 'width': 30, 'height': 17}",16.28,True,2024-09-17,ZONE_3-R10-B4,2023-09-18
ITEM_0626,Product_626,Food,"{'length': 68, 'width': 37, 'height': 23}",16.28,False,2024-09-18,ZONE_3-R6-B17,2023-09-19
ITEM_0627,Product_627,Clothing,"{'length': 77, 'width': 11, 'height': 14}",16.28,False,2024-09-19,ZONE_1-R7-B3,2023-09-20
ITEM_0628,Product_628,Electronics,"{'length': 61, 'width': 10, 'height': 7}",16.28,True,2024-09-20,ZONE_5-R4-B20,2023-09-21
ITEM_0629,Product_629,Electronics,"{'length': 90, 'width': 35, 'height': 28}",16.28,True,2024-09-21,ZONE_3-R10-B9,2023-09-22
ITEM_0630,Product_630,Electronics,"{'length': 53, 'width': 14, 'height': 27}",16.28,True,2024-09-22,ZONE_5-R6-B15,2023-09-23
ITEM_0631,Product_631,Electronics,"{'length': 17, 'width': 10, 'height': 22}",16.28,True,2024-09-23,ZONE_4-R9-B10,2023-09-24
ITEM_0632,Product_632,Machinery,"{'length': 88, 'width': 13, 'height': 13}",16.28,True,2024-09-24,ZONE_2-R10-B20,2023-09-25
ITEM_0633,Product_633,Food,"{'length': 22, 'width': 14, 'height': 8}",16.28,True,2024-09-25,ZONE_2-R4-B2,2023-09-26
ITEM_0634,Product_634,Food,"{'length': 25, 'width': 28, 'height': 26}",16.28,False,2024-09-26,ZONE_3-R7-B14,2023-09-27
ITEM_0635,Product_635,Clothing,"{'length': 16, 'width': 16, 'height': 25}",16.28,False,2024-09-27,ZONE_5-R6-B17,2023-09-28
ITEM_0636,Product_636,Electronics,"{'length': 56, 'width': 40, 'height': 25}",16.28,True,2024-09-28,ZONE_5-R9-B6,2023-09-29
ITEM_0637,Product_637,Machinery,"{'length': 27, 'width': 12, 'height': 27}",16.28,True,2024-09-29,ZONE_5-R5-B14,2023-09-30
ITEM_0638,Product_638,Furniture,"{'length': 50, 'width': 45, 'height': 14}",16.28,True,2024-09-30,ZONE_2-R10-B19,2023-10-01
ITEM_0639,Product_639,Machinery,"{'length': 17, 'width': 18, 'height': 13}",16.28,True,2024-10-01,ZONE_1-R2-B15,2023-10-02
ITEM_0640,Product_640,Pharmaceuticals,"{'length': 79, 'width': 28, 'height': 13}",16.28,True,2024-10-02,ZONE_5-R8-B3,2023-10-03
ITEM_0641,Product_641,Electronics,"{'length': 28, 'width': 25, 'height': 13}",16.28,True,2024-10-03,ZONE_4-R9-B20,2023-10-04
ITEM_0642,Product_642,Furniture,"{'length': 36, 'width': 35, 'height': 12}",16.28,True,2024-10-04,ZONE_2-R6-B8,2023-10-05
ITEM_0643,Product_643,Pharmaceuticals,"{'length': 44, 'width': 20, 'height': 11}",16.28,True,2024-10-05,ZONE_1-R3-B18,2023-10-06
ITEM_0644,Product_644,Electronics,"{'length': 79, 'width': 29, 'height': 12}",16.28,False,2024-10-06,ZONE_4-R2-B14,2023-10-07
ITEM_0645,Product_645,Pharmaceuticals,"{'length': 63, 'width': 18, 'height': 24}",16.28,True,2024-10-07,ZONE_2-R8-B4,2023-10-08
ITEM_0646,Product_646,Electronics,"{'length': 45, 'width': 49, 'height': 28}",16.28,False,2024-10-08,ZONE_5-R6-B6,2023-10-09
ITEM_0647,Product_647,Clothing,"{'length': 21, 'width': 44, 'height': 23}",16.28,True,2024-10-09,ZONE_2-R6-B10,2023-10-10
ITEM_0648,Product_648,Pharmaceuticals,"{'length': 31, 'width': 10, 'height': 11}",16.28,False,2024-10-10,ZONE_3-R10-B11,2023-10-11
ITEM_0649,Product_649,Electronics,"{'length': 86, 'width': 28, 'height': 11}",16.28,False,2024-10-11,ZONE_3-R8-B10,2023-10-12
ITEM_0650,Product_650,Electronics,"{'length': 83, 'width': 24, 'height': 25}",16.28,False,2024-10-12,ZONE_5-R6-B12,2023-10-13
ITEM_0651,Product_651,Pharmaceuticals,"{'length': 60, 'width': 13, 'height': 8}",16.28,False,2024-10-13,ZONE_3-R6-B9,2023-10-14
ITEM_0652,Product_652,Machinery,"{'length': 93, 'width': 49, 'height': 26}",16.28,True,2024-10-14,ZONE_4-R9-B6,2023-10-15
ITEM_0653,Product_653,Clothing,"{'length': 88, 'width': 32, 'height': 23}",16.28,False,2024-10-15,ZONE_2-R1-B19,2023-10-16
ITEM_0654,Product_654,Clothing,"{'length': 61, 'width': 36, 'height': 12}",16.28,True,2024-10-16,ZONE_3-R4-B13,2023-10-17
ITEM_0655,Product_655,Pharmaceuticals,"{'length': 99, 'width': 39, 'height': 24}",16.28,False,2024-10-17,ZONE_4-R1-B7,2023-10-18
ITEM_0656,Product_656,Electronics,"{'length': 96, 'width': 48, 'height': 24}",16.28,True,2024-10-18,ZONE_4-R1-B6,2023-10-19
ITEM_0657,Product_657,Machinery,"{'length': 29, 'width': 35, 'height': 13}",16.28,True,2024-10-19,ZONE_4-R3-B7,2023-10-20
ITEM_0658,Product_658,Furniture,"{'length': 71, 'width': 25, 'height': 27}",16.28,True,2024-10-20,ZONE_1-R6-B4,2023-10-21
ITEM_0659,Product_659,Pharmaceuticals,"{'length': 91, 'width': 21, 'height': 11}",16.28,False,2024-10-21,ZONE_4-R9-B6,2023-10-22
ITEM_0660,Product_660,Electronics,"{'length': 33, 'width': 28, 'height': 5}",16.28,True,2024-10-22,ZONE_1-R8-B7,2023-10-23
ITEM_0661,Product_661,Food,"{'length': 48, 'width': 39, 'height': 22}",16.28,True,2024-10-23,ZONE_4-R3-B19,2023-10-24
ITEM_0662,Product_662,Clothing,"{'length': 53, 'width': 33, 'height': 11}",16.28,True,2024-10-24,ZONE_1-R10-B14,2023-10-25
ITEM_0663,Product_663,Machinery,"{'length': 88, 'width': 44, 'height': 7}",16.28,True,2024-10-25,ZONE_1-R9-B19,2023-10-26
ITEM_0664,Product_664,Electronics,"{'length': 22, 'width': 13, 'height': 5}",16.28,False,2024-10-26,ZONE_4-R10-B10,2023-10-27
ITEM_0665,Product_665,Electronics,"{'length': 91, 'width': 38, 'height': 16}",16.28,False,2024-10-27,ZONE_4-R5-B9,2023-10-28
ITEM_0666,Product_666,Furniture,"{'length': 29, 'width': 46, 'height': 5}",16.28,True,2024-10-28,ZONE_3-R3-B18,2023-10-29
ITEM_0667,Product_667,Electronics,"{'length': 31, 'width': 45, 'height': 23}",16.28,True,2024-10-29,ZONE_3-R3-B5,2023-10-30
ITEM_0668,Product_668,Clothing,"{'length': 73, 'width': 46, 'height': 23}",16.28,False,2024-10-30,ZONE_2-R1-B8,2023-10-31
ITEM_0669,Product_669,Electronics,"{'length': 57, 'width': 44, 'height': 5}",16.28,True,2024-10-31,ZONE_1-R1-B5,2023-11-01
ITEM_0670,Product_670,Food,"{'length': 50, 'width': 49, 'height': 14}",16.28,False,2024-11-01,ZONE_4-R2-B9,2023-11-02
ITEM_0671,Product_671,Food,"{'length': 58, 'width': 36, 'height': 14}",16.28,True,2024-11-02,ZONE_3-R10-B4,2023-11-03
ITEM_0672,Product_672,Clothing,"{'length': 42, 'width': 37, 'height': 8}",16.28,True,2024-11-03,ZONE_2-R3-B1,2023-11-04
ITEM_0673,Product_673,Furniture,"{'length': 77, 'width': 21, 'height': 24}",16.28,True,2024-11-04,ZONE_2-R1-B3,2023-11-05
ITEM_0674,Product_674,Food,"{'length': 16, 'width': 17, 'height': 24}",16.28,False,2024-11-05,ZONE_2-R4-B11,2023-11-06
ITEM_0675,Product_675,Food,"{'length': 18, 'width': 14, 'height': 10}",16.28,True,2024-11-06,ZONE_4-R7-B18,2023-11-07
ITEM_0676,Product_676,Electronics,"{'length': 47, 'width': 49, 'height': 26}",16.28,True,2024-11-07,ZONE_1-R9-B6,2023-11-08
ITEM_0677,Product_677,Electronics,"{'length': 88, 'width': 47, 'height': 23}",16.28,True,2024-11-08,ZONE_2-R4-B4,2023-11-09
ITEM_0678,Product_678,Food,"{'length': 71, 'width': 32, 'height': 19}",16.28,True,2024-11-09,ZONE_1-R7-B16,2023-11-10
ITEM_0679,Product_679,Machinery,"{'length': 81, 'width': 12, 'height': 19}",16.28,True,2024-11-10,ZONE_1-R7-B14,2023-11-11
ITEM_0680,Product_680,Electronics,"{'length': 29, 'width': 31, 'height': 26}",16.28,False,2024-11-11,ZONE_3-R6-B20,2023-11-12
ITEM_0681,Product_681,Clothing,"{'length': 24, 'width': 34, 'height': 9}",16.28,False,2024-11-12,ZONE_2-R2-B16,2023-11-13
ITEM_0682,Product_682,Food,"{'length': 56, 'width': 15, 'height': 8}",16.28,False,2024-11-13,ZONE_5-R9-B7,2023-11-14
ITEM_0683,Product_683,Pharmaceuticals,"{'length': 69, 'width': 22, 'height': 16}",16.28,False,2024-11-14,ZONE_3-R8-B5,2023-11-15
ITEM_0684,Product_684,Pharmaceuticals,"{'length': 35, 'width': 41, 'height': 24}",16.28,False,2024-11-15,ZONE_2-R2-B13,2023-11-16
ITEM_0685,Product_685,Machinery,"{'length': 37, 'width': 45, 'height': 23}",16.28,False,2024-11-16,ZONE_5-R9-B19,2023-11-17
ITEM_0686,Product_686,Food,"{'length': 68, 'width': 41, 'height': 21}",16.28,True,2024-11-17,ZONE_3-R3-B2,2023-11-18
ITEM_0687,Product_687,Clothing,"{'length': 73, 'width': 39, 'height': 15}",16.28,False,2024-11-18,ZONE_5-R9-B7,2023-11-19
ITEM_0688,Product_688,Electronics,"{'length': 67, 'width': 21, 'height': 13}",16.28,False,2024-11-19,ZONE_3-R7-B14,2023-11-20
ITEM_0689,Product_689,Machinery,"{'length': 63, 'width': 35, 'height': 22}",16.28,True,2024-11-20,ZONE_4-R2-B8,2023-11-21
ITEM_0690,Product_690,Furniture,"{'length': 98, 'width': 46, 'height': 10}",16.28,False,2024-11-21,ZONE_1-R1-B16,2023-11-22
ITEM_0691,Product_691,Machinery,"{'length': 34, 'width': 43, 'height': 23}",16.28,False,2024-11-22,ZONE_2-R1-B12,2023-11-23
ITEM_0692,Product_692,Machinery,"{'length': 96, 'width': 12, 'height': 12}",16.28,False,2024-11-23,ZONE_5-R7-B13,2023-11-24
ITEM_0693,Product_693,Furniture,"{'length': 53, 'width': 24, 'height': 11}",16.28,True,2024-11-24,ZONE_2-R10-B7,2023-11-25
ITEM_0694,Product_694,Food,"{'length': 48, 'width': 18, 'height': 13}",16.28,False,2024-11-25,ZONE_4-R8-B9,2023-11-26
ITEM_0695,Product_695,Food,"{'length': 98, 'width': 26, 'height': 22}",16.28,True,2024-11-26,ZONE_5-R5-B14,2023-11-27
ITEM_0696,Product_696,Machinery,"{'length': 76, 'width': 16, 'height': 13}",16.28,False,2024-11-27,ZONE_2-R10-B9,2023-11-28
ITEM_0697,Product_697,Clothing,"{'length': 55, 'width': 19, 'height': 6}",16.28,True,2024-11-28,ZONE_1-R4-B7,2023-11-29
ITEM_0698,Product_698,Food,"{'length': 11, 'width': 46, 'height': 8}",16.28,True,2024-11-29,ZONE_4-R1-B18,2023-11-30
ITEM_0699,Product_699,Machinery,"{'length': 85, 'width': 48, 'height': 19}",16.28,True,2024-11-30,ZONE_2-R10-B7,2023-12-01
ITEM_0700,Product_700,Food,"{'length': 97, 'width': 15, 'height': 5}",16.28,True,2024-12-01,ZONE_3-R7-B18,2023-12-02
ITEM_0701,Product_701,Pharmaceuticals,"{'length': 34, 'width': 26, 'height': 6}",16.28,False,2024-12-02,ZONE_3-R2-B6,2023-12-03
ITEM_0702,Product_702,Electronics,"{'length': 93, 'width': 18, 'height': 14}",16.28,False,2024-12-03,ZONE_5-R7-B4,2023-12-04
ITEM_0703,Product_703,Machinery,"{'length': 62, 'width': 33, 'height': 8}",16.28,True,2024-12-04,ZONE_1-R9-B4,2023-12-05
ITEM_0704,Product_704,Food,"{'length': 84, 'width': 20, 'height': 18}",16.28,False,2024-12-05,ZONE_1-R2-B11,2023-12-06
ITEM_0705,Product_705,Food,"{'length': 33, 'width': 21, 'height': 20}",16.28,False,2024-12-06,ZONE_2-R9-B3,2023-12-07
ITEM_0706,Product_706,Pharmaceuticals,"{'length': 32, 'width': 16, 'height': 28}",16.28,True,2024-12-07,ZONE_4-R5-B16,2023-12-08
ITEM_0707,Product_707,Furniture,"{'length': 80, 'width': 46, 'height': 27}",16.28,False,2024-12-08,ZONE_5-R2-B17,2023-12-09
ITEM_0708,Product_708,Machinery,"{'length': 19, 'width': 47, 'height': 9}",16.28,False,2024-12-09,ZONE_2-R3-B12,2023-12-10
ITEM_0709,Product_709,Pharmaceuticals,"{'length': 25, 'width': 44, 'height': 21}",16.28,True,2024-12-10,ZONE_2-R10-B6,2023-12-11
ITEM_0710,Product_710,Food,"{'length': 78, 'width': 43, 'height': 25}",16.28,True,2024-12-11,ZONE_2-R10-B17,2023-12-12
ITEM_0711,Product_711,Pharmaceuticals,"{'length': 71, 'width': 16, 'height': 28}",16.28,True,2024-12-12,ZONE_1-R10-B17,2023-12-13
ITEM_0712,Product_712,Food,"{'length': 75, 'width': 45, 'height': 5}",16.28,True,2024-12-13,ZONE_2-R1-B7,2023-12-14
ITEM_0713,Product_713,Electronics,"{'length': 17, 'width': 35, 'height': 15}",16.28,False,2024-12-14,ZONE_4-R2-B20,2023-12-15
ITEM_0714,Product_714,Electronics,"{'length': 18, 'width': 20, 'height': 8}",16.28,False,2024-12-15,ZONE_2-R1-B18,2023-12-16
ITEM_0715,Product_715,Pharmaceuticals,"{'length': 15, 'width': 25, 'height': 15}",16.28,True,2024-12-16,ZONE_2-R3-B10,2023-12-17
ITEM_0716,Product_716,Pharmaceuticals,"{'length': 91, 'width': 25, 'height': 6}",16.28,False,2024-12-17,ZONE_3-R2-B18,2023-12-18
ITEM_0717,Product_717,Pharmaceuticals,"{'length': 83, 'width': 20, 'height': 5}",16.28,False,2024-12-18,ZONE_1-R8-B1,2023-12-19
ITEM_0718,Product_718,Machinery,"{'length': 59, 'width': 43, 'height': 26}",16.28,False,2024-12-19,ZONE_3-R8-B13,2023-12-20
ITEM_0719,Product_719,Machinery,"{'length': 81, 'width': 12, 'height': 6}",16.28,False,2024-12-20,ZONE_2-R3-B17,2023-12-21
ITEM_0720,Product_720,Food,"{'length': 88, 'width': 20, 'height': 17}",16.28,True,2024-12-21,ZONE_3-R9-B3,2023-12-22
ITEM_0721,Product_721,Machinery,"{'length': 35, 'width': 29, 'height': 21}",16.28,True,2024-12-22,ZONE_4-R3-B1,2023-12-23
ITEM_0722,Product_722,Clothing,"{'length': 11, 'width': 30, 'height': 26}",16.28,True,2024-12-23,ZONE_1-R4-B18,2023-12-24
ITEM_0723,Product_723,Furniture,"{'length': 86, 'width': 41, 'height': 15}",16.28,False,2024-12-24,ZONE_4-R2-B12,2023-12-25
ITEM_0724,Product_724,Food,"{'length': 39, 'width': 40, 'height': 28}",16.28,True,2024-12-25,ZONE_4-R6-B4,2023-12-26
ITEM_0725,Product_725,Machinery,"{'length': 21, 'width': 28, 'height': 16}",16.28,True,2024-12-26,ZONE_4-R2-B19,2023-12-27
ITEM_0726,Product_726,Pharmaceuticals,"{'length': 76, 'width': 29, 'height': 7}",16.28,True,2024-12-27,ZONE_4-R4-B14,2023-12-28
ITEM_0727,Product_727,Food,"{'length': 57, 'width': 35, 'height': 5}",16.28,False,2024-12-28,ZONE_3-R4-B17,2023-12-29
ITEM_0728,Product_728,Machinery,"{'length': 20, 'width': 46, 'height': 17}",16.28,True,2024-12-29,ZONE_5-R3-B4,2023-12-30
ITEM_0729,Product_729,Machinery,"{'length': 32, 'width': 42, 'height': 12}",16.28,False,2024-12-30,ZONE_4-R2-B18,2023-12-31
ITEM_0730,Product_730,Machinery,"{'length': 62, 'width': 18, 'height': 29}",16.28,True,2024-12-31,ZONE_2-R10-B11,2024-01-01
ITEM_0731,Product_731,Pharmaceuticals,"{'length': 57, 'width': 33, 'height': 24}",16.28,False,2025-01-01,ZONE_4-R2-B2,2024-01-02
ITEM_0732,Product_732,Clothing,"{'length': 99, 'width': 35, 'height': 19}",16.28,True,2025-01-02,ZONE_3-R1-B11,2024-01-03
ITEM_0733,Product_733,Food,"{'length': 68, 'width': 11, 'height': 27}",16.28,False,2025-01-03,ZONE_3-R3-B8,2024-01-04
ITEM_0734,Product_734,Furniture,"{'length': 83, 'width': 30, 'height': 10}",16.28,False,2025-01-04,ZONE_4-R1-B9,2024-01-05
ITEM_0735,Product_735,Pharmaceuticals,"{'length': 82, 'width': 11, 'height': 15}",16.28,True,2025-01-05,ZONE_1-R6-B13,2024-01-06
ITEM_0736,Product_736,Clothing,"{'length': 68, 'width': 21, 'height': 19}",16.28,False,2025-01-06,ZONE_4-R9-B12,2024-01-07
ITEM_0737,Product_737,Clothing,"{'length': 71, 'width': 49, 'height': 14}",16.28,True,2025-01-07,ZONE_4-R6-B12,2024-01-08
ITEM_0738,Product_738,Furniture,"{'length': 14, 'width': 36, 'height': 15}",16.28,False,2025-01-08,ZONE_3-R4-B14,2024-01-09
ITEM_0739,Product_739,Pharmaceuticals,"{'length': 78, 'width': 23, 'height': 16}",16.28,True,2025-01-09,ZONE_1-R2-B8,2024-01-10
ITEM_0740,Product_740,Pharmaceuticals,"{'length': 27, 'width': 46, 'height': 5}",16.28,False,2025-01-10,ZONE_2-R3-B20,2024-01-11
ITEM_0741,Product_741,Food,"{'length': 92, 'width': 49, 'height': 24}",16.28,False,2025-01-11,ZONE_5-R5-B7,2024-01-12
ITEM_0742,Product_742,Pharmaceuticals,"{'length': 43, 'width': 39, 'height': 20}",16.28,False,2025-01-12,ZONE_4-R7-B11,2024-01-13
ITEM_0743,Product_743,Machinery,"{'length': 76, 'width': 34, 'height': 7}",16.28,False,2025-01-13,ZONE_1-R10-B6,2024-01-14
ITEM_0744,Product_744,Pharmaceuticals,"{'length': 86, 'width': 32, 'height': 7}",16.28,True,2025-01-14,ZONE_3-R9-B8,2024-01-15
ITEM_0745,Product_745,Machinery,"{'length': 36, 'width': 21, 'height': 10}",16.28,True,2025-01-15,ZONE_4-R5-B7,2024-01-16
ITEM_0746,Product_746,Machinery,"{'length': 90, 'width': 21, 'height': 21}",16.28,False,2025-01-16,ZONE_1-R2-B20,2024-01-17
ITEM_0747,Product_747,Machinery,"{'length': 88, 'width': 30, 'height': 25}",16.28,False,2025-01-17,ZONE_4-R2-B17,2024-01-18
ITEM_0748,Product_748,Machinery,"{'length': 85, 'width': 23, 'height': 26}",16.28,False,2025-01-18,ZONE_1-R9-B11,2024-01-19
ITEM_0749,Product_749,Machinery,"{'length': 41, 'width': 30, 'height': 14}",16.28,False,2025-01-19,ZONE_3-R2-B15,2024-01-20
ITEM_0750,Product_750,Food,"{'length': 56, 'width': 19, 'height': 9}",16.28,True,2025-01-20,ZONE_2-R9-B16,2024-01-21
ITEM_0751,Product_751,Clothing,"{'length': 25, 'width': 30, 'height': 19}",16.28,False,2025-01-21,ZONE_5-R8-B17,2024-01-22
ITEM_0752,Product_752,Pharmaceuticals,"{'length': 77, 'width': 41, 'height': 18}",16.28,False,2025-01-22,ZONE_1-R3-B9,2024-01-23
ITEM_0753,Product_753,Furniture,"{'length': 20, 'width': 15, 'height': 8}",16.28,False,2025-01-23,ZONE_1-R9-B1,2024-01-24
ITEM_0754,Product_754,Food,"{'length': 67, 'width': 24, 'height': 24}",16.28,True,2025-01-24,ZONE_4-R8-B17,2024-01-25
ITEM_0755,Product_755,Electronics,"{'length': 79, 'width': 35, 'height': 7}",16.28,True,2025-01-25,ZONE_2-R9-B17,2024-01-26
ITEM_0756,Product_756,Electronics,"{'length': 10, 'width': 30, 'height': 10}",16.28,False,2025-01-26,ZONE_2-R5-B16,2024-01-27
ITEM_0757,Product_757,Pharmaceuticals,"{'length': 37, 'width': 27, 'height': 23}",16.28,False,2025-01-27,ZONE_3-R7-B16,2024-01-28
ITEM_0758,Product_758,Food,"{'length': 14, 'width': 37, 'height': 29}",16.28,True,2025-01-28,ZONE_5-R2-B20,2024-01-29
ITEM_0759,Product_759,Machinery,"{'length': 28, 'width': 48, 'height': 28}",16.28,True,2025-01-29,ZONE_2-R7-B9,2024-01-30
ITEM_0760,Product_760,Furniture,"{'length': 42, 'width': 14, 'height': 29}",16.28,True,2025-01-30,ZONE_4-R2-B12,2024-01-31
ITEM_0761,Product_761,Pharmaceuticals,"{'length': 84, 'width': 13, 'height': 15}",16.28,False,2025-01-31,ZONE_2-R9-B3,2024-02-01
ITEM_0762,Product_762,Clothing,"{'length': 15, 'width': 32, 'height': 11}",16.28,False,2025-02-01,ZONE_3-R1-B3,2024-02-02
ITEM_0763,Product_763,Electronics,"{'length': 90, 'width': 30, 'height': 23}",16.28,False,2025-02-02,ZONE_5-R5-B8,2024-02-03
ITEM_0764,Product_764,Furniture,"{'length': 21, 'width': 10, 'height': 28}",16.28,False,2025-02-03,ZONE_1-R3-B16,2024-02-04
ITEM_0765,Product_765,Furniture,"{'length': 28, 'width': 31, 'height': 6}",16.28,False,2025-02-04,ZONE_2-R1-B14,2024-02-05
ITEM_0766,Product_766,Food,"{'length': 59, 'width': 47, 'height': 12}",16.28,True,2025-02-05,ZONE_5-R3-B4,2024-02-06
ITEM_0767,Product_767,Pharmaceuticals,"{'length': 82, 'width': 10, 'height': 13}",16.28,True,2025-02-06,ZONE_3-R5-B1,2024-02-07
ITEM_0768,Product_768,Clothing,"{'length': 44, 'width': 16, 'height': 28}",16.28,True,2025-02-07,ZONE_4-R10-B5,2024-02-08
ITEM_0769,Product_769,Machinery,"{'length': 59, 'width': 47, 'height': 29}",16.28,True,2025-02-08,ZONE_1-R7-B5,2024-02-09
ITEM_0770,Product_770,Electronics,"{'length': 30, 'width': 38, 'height': 6}",16.28,True,2025-02-09,ZONE_2-R10-B7,2024-02-10
ITEM_0771,Product_771,Machinery,"{'length': 72, 'width': 19, 'height': 6}",16.28,True,2025-02-10,ZONE_2-R8-B19,2024-02-11
ITEM_0772,Product_772,Pharmaceuticals,"{'length': 74, 'width': 48, 'height': 9}",16.28,False,2025-02-11,ZONE_4-R7-B16,2024-02-12
ITEM_0773,Product_773,Clothing,"{'length': 22, 'width': 23, 'height': 10}",16.28,True,2025-02-12,ZONE_3-R5-B18,2024-02-13
ITEM_0774,Product_774,Pharmaceuticals,"{'length': 90, 'width': 43, 'height': 11}",16.28,False,2025-02-13,ZONE_3-R1-B9,2024-02-14
ITEM_0775,Product_775,Clothing,"{'length': 10, 'width': 42, 'height': 15}",16.28,False,2025-02-14,ZONE_5-R5-B6,2024-02-15
ITEM_0776,Product_776,Electronics,"{'length': 61, 'width': 35, 'height': 5}",16.28,True,2025-02-15,ZONE_5-R4-B14,2024-02-16
ITEM_0777,Product_777,Machinery,"{'length': 55, 'width': 29, 'height': 16}",16.28,False,2025-02-16,ZONE_1-R10-B9,2024-02-17
ITEM_0778,Product_778,Machinery,"{'length': 90, 'width': 45, 'height': 5}",16.28,True,2025-02-17,ZONE_3-R10-B10,2024-02-18
ITEM_0779,Product_779,Pharmaceuticals,"{'length': 92, 'width': 45, 'height': 27}",16.28,True,2025-02-18,ZONE_4-R5-B15,2024-02-19
ITEM_0780,Product_780,Machinery,"{'length': 20, 'width': 14, 'height': 28}",16.28,False,2025-02-19,ZONE_5-R3-B6,2024-02-20
ITEM_0781,Product_781,Electronics,"{'length': 59, 'width': 35, 'height': 13}",16.28,True,2025-02-20,ZONE_4-R6-B17,2024-02-21
ITEM_0782,Product_782,Food,"{'length': 22, 'width': 43, 'height': 17}",16.28,False,2025-02-21,ZONE_4-R8-B9,2024-02-22
ITEM_0783,Product_783,Food,"{'length': 84, 'width': 15, 'height': 7}",16.28,False,2025-02-22,ZONE_2-R9-B1,2024-02-23
ITEM_0784,Product_784,Clothing,"{'length': 49, 'width': 27, 'height': 12}",16.28,True,2025-02-23,ZONE_3-R2-B19,2024-02-24
ITEM_0785,Product_785,Pharmaceuticals,"{'length': 66, 'width': 10, 'height': 11}",16.28,True,2025-02-24,ZONE_2-R9-B5,2024-02-25
ITEM_0786,Product_786,Pharmaceuticals,"{'length': 77, 'width': 30, 'height': 20}",16.28,False,2025-02-25,ZONE_5-R2-B10,2024-02-26
ITEM_0787,Product_787,Food,"{'length': 43, 'width': 25, 'height': 7}",16.28,False,2025-02-26,ZONE_4-R1-B5,2024-02-27
ITEM_0788,Product_788,Pharmaceuticals,"{'length': 77, 'width': 23, 'height': 24}",16.28,True,2025-02-27,ZONE_5-R1-B16,2024-02-28
ITEM_0789,Product_789,Furniture,"{'length': 57, 'width': 25, 'height': 13}",16.28,False,2025-02-28,ZONE_4-R7-B7,2024-02-29
ITEM_0790,Product_790,Electronics,"{'length': 16, 'width': 25, 'height': 15}",16.28,True,2025-03-01,ZONE_2-R3-B2,2024-03-01
ITEM_0791,Product_791,Food,"{'length': 51, 'width': 49, 'height': 28}",16.28,True,2025-03-02,ZONE_4-R4-B4,2024-03-02
ITEM_0792,Product_792,Food,"{'length': 67, 'width': 25, 'height': 29}",16.28,False,2025-03-03,ZONE_5-R1-B18,2024-03-03
ITEM_0793,Product_793,Food,"{'length': 29, 'width': 14, 'height': 28}",16.28,False,2025-03-04,ZONE_1-R8-B18,2024-03-04
ITEM_0794,Product_794,Machinery,"{'length': 73, 'width': 22, 'height': 23}",16.28,True,2025-03-05,ZONE_4-R8-B5,2024-03-05
ITEM_0795,Product_795,Clothing,"{'length': 99, 'width': 13, 'height': 24}",16.28,True,2025-03-06,ZONE_4-R3-B9,2024-03-06
ITEM_0796,Product_796,Pharmaceuticals,"{'length': 88, 'width': 21, 'height': 15}",16.28,True,2025-03-07,ZONE_5-R3-B2,2024-03-07
ITEM_0797,Product_797,Machinery,"{'length': 14, 'width': 49, 'height': 29}",16.28,False,2025-03-08,ZONE_2-R2-B5,2024-03-08
ITEM_0798,Product_798,Clothing,"{'length': 11, 'width': 11, 'height': 26}",16.28,True,2025-03-09,ZONE_2-R5-B15,2024-03-09
ITEM_0799,Product_799,Furniture,"{'length': 70, 'width': 43, 'height': 13}",16.28,False,2025-03-10,ZONE_2-R10-B14,2024-03-10
ITEM_0800,Product_800,Clothing,"{'length': 95, 'width': 37, 'height': 16}",16.28,True,2025-03-11,ZONE_3-R7-B10,2024-03-11
ITEM_0801,Product_801,Clothing,"{'length': 46, 'width': 26, 'height': 15}",16.28,True,2025-03-12,ZONE_1-R3-B19,2024-03-12
ITEM_0802,Product_802,Furniture,"{'length': 24, 'width': 31, 'height': 13}",16.28,True,2025-03-13,ZONE_2-R10-B2,2024-03-13
ITEM_0803,Product_803,Furniture,"{'length': 60, 'width': 47, 'height': 10}",16.28,True,2025-03-14,ZONE_3-R7-B17,2024-03-14
ITEM_0804,Product_804,Machinery,"{'length': 27, 'width': 21, 'height': 21}",16.28,True,2025-03-15,ZONE_4-R8-B10,2024-03-15
ITEM_0805,Product_805,Clothing,"{'length': 68, 'width': 37, 'height': 19}",16.28,False,2025-03-16,ZONE_2-R8-B2,2024-03-16
ITEM_0806,Product_806,Electronics,"{'length': 40, 'width': 49, 'height': 23}",16.28,False,2025-03-17,ZONE_5-R8-B16,2024-03-17
ITEM_0807,Product_807,Food,"{'length': 62, 'width': 41, 'height': 16}",16.28,True,2025-03-18,ZONE_3-R8-B1,2024-03-18
ITEM_0808,Product_808,Pharmaceuticals,"{'length': 89, 'width': 27, 'height': 18}",16.28,True,2025-03-19,ZONE_2-R1-B6,2024-03-19
ITEM_0809,Product_809,Pharmaceuticals,"{'length': 86, 'width': 45, 'height': 6}",16.28,True,2025-03-20,ZONE_2-R5-B11,2024-03-20
ITEM_0810,Product_810,Food,"{'length': 62, 'width': 16, 'height': 25}",16.28,False,2025-03-21,ZONE_3-R3-B12,2024-03-21
ITEM_0811,Product_811,Clothing,"{'length': 68, 'width': 49, 'height': 12}",16.28,False,2025-03-22,ZONE_1-R2-B7,2024-03-22
ITEM_0812,Product_812,Furniture,"{'length': 10, 'width': 46, 'height': 23}",16.28,False,2025-03-23,ZONE_4-R5-B14,2024-03-23
ITEM_0813,Product_813,Machinery,"{'length': 23, 'width': 22, 'height': 8}",16.28,False,2025-03-24,ZONE_5-R5-B16,2024-03-24
ITEM_0814,Product_814,Furniture,"{'length': 89, 'width': 37, 'height': 29}",16.28,True,2025-03-25,ZONE_1-R3-B10,2024-03-25
ITEM_0815,Product_815,Pharmaceuticals,"{'length': 20, 'width': 10, 'height': 24}",16.28,False,2025-03-26,ZONE_1-R9-B14,2024-03-26
ITEM_0816,Product_816,Clothing,"{'length': 18, 'width': 17, 'height': 11}",16.28,False,2025-03-27,ZONE_4-R4-B20,2024-03-27
ITEM_0817,Product_817,Pharmaceuticals,"{'length': 62, 'width': 38, 'height': 29}",16.28,True,2025-03-28,ZONE_2-R2-B3,2024-03-28
ITEM_0818,Product_818,Clothing,"{'length': 76, 'width': 41, 'height': 9}",16.28,True,2025-03-29,ZONE_4-R2-B13,2024-03-29
ITEM_0819,Product_819,Clothing,"{'length': 67, 'width': 11, 'height': 13}",16.28,True,2025-03-30,ZONE_4-R3-B2,2024-03-30
ITEM_0820,Product_820,Furniture,"{'length': 63, 'width': 14, 'height': 14}",16.28,True,2025-03-31,ZONE_2-R10-B15,2024-03-31
ITEM_0821,Product_821,Pharmaceuticals,"{'length': 71, 'width': 33, 'height': 26}",16.28,False,2025-04-01,ZONE_3-R3-B13,2024-04-01
ITEM_0822,Product_822,Pharmaceuticals,"{'length': 28, 'width': 31, 'height': 19}",16.28,True,2025-04-02,ZONE_2-R10-B19,2024-04-02
ITEM_0823,Product_823,Food,"{'length': 14, 'width': 15, 'height': 5}",16.28,True,2025-04-03,ZONE_3-R1-B14,2024-04-03
ITEM_0824,Product_824,Furniture,"{'length': 68, 'width': 33, 'height': 20}",16.28,False,2025-04-04,ZONE_3-R4-B5,2024-04-04
ITEM_0825,Product_825,Electronics,"{'length': 97, 'width': 32, 'height': 18}",16.28,True,2025-04-05,ZONE_5-R8-B15,2024-04-05
ITEM_0826,Product_826,Electronics,"{'length': 49, 'width': 30, 'height': 21}",16.28,False,2025-04-06,ZONE_2-R7-B2,2024-04-06
ITEM_0827,Product_827,Food,"{'length': 15, 'width': 29, 'height': 10}",16.28,True,2025-04-07,ZONE_5-R5-B5,2024-04-07
ITEM_0828,Product_828,Machinery,"{'length': 51, 'width': 13, 'height': 5}",16.28,False,2025-04-08,ZONE_3-R3-B5,2024-04-08
ITEM_0829,Product_829,Pharmaceuticals,"{'length': 62, 'width': 40, 'height': 24}",16.28,False,2025-04-09,ZONE_3-R2-B8,2024-04-09
ITEM_0830,Product_830,Machinery,"{'length': 26, 'width': 35, 'height': 6}",16.28,True,2025-04-10,ZONE_4-R9-B1,2024-04-10
ITEM_0831,Product_831,Machinery,"{'length': 56, 'width': 39, 'height': 24}",16.28,False,2025-04-11,ZONE_5-R6-B1,2024-04-11
ITEM_0832,Product_832,Machinery,"{'length': 43, 'width': 27, 'height': 14}",16.28,True,2025-04-12,ZONE_3-R6-B11,2024-04-12
ITEM_0833,Product_833,Pharmaceuticals,"{'length': 83, 'width': 10, 'height': 23}",16.28,True,2025-04-13,ZONE_1-R10-B11,2024-04-13
ITEM_0834,Product_834,Clothing,"{'length': 16, 'width': 12, 'height': 7}",16.28,True,2025-04-14,ZONE_2-R2-B10,2024-04-14
ITEM_0835,Product_835,Machinery,"{'length': 63, 'width': 41, 'height': 11}",16.28,True,2025-04-15,ZONE_4-R9-B13,2024-04-15
ITEM_0836,Product_836,Electronics,"{'length': 89, 'width': 26, 'height': 21}",16.28,False,2025-04-16,ZONE_3-R10-B2,2024-04-16
ITEM_0837,Product_837,Food,"{'length': 18, 'width': 32, 'height': 13}",16.28,False,2025-04-17,ZONE_3-R1-B9,2024-04-17
ITEM_0838,Product_838,Clothing,"{'length': 19, 'width': 47, 'height': 5}",16.28,False,2025-04-18,ZONE_2-R1-B2,2024-04-18
ITEM_0839,Product_839,Electronics,"{'length': 14, 'width': 11, 'height': 16}",16.28,True,2025-04-19,ZONE_2-R9-B16,2024-04-19
ITEM_0840,Product_840,Clothing,"{'length': 18, 'width': 30, 'height': 24}",16.28,True,2025-04-20,ZONE_4-R6-B17,2024-04-20
ITEM_0841,Product_841,Pharmaceuticals,"{'length': 34, 'width': 39, 'height': 5}",16.28,False,2025-04-21,ZONE_1-R9-B11,2024-04-21
ITEM_0842,Product_842,Electronics,"{'length': 71, 'width': 47, 'height': 29}",16.28,True,2025-04-22,ZONE_1-R9-B11,2024-04-22
ITEM_0843,Product_843,Clothing,"{'length': 71, 'width': 15, 'height': 22}",16.28,False,2025-04-23,ZONE_5-R10-B19,2024-04-23
ITEM_0844,Product_844,Clothing,"{'length': 75, 'width': 38, 'height': 27}",16.28,True,2025-04-24,ZONE_1-R7-B5,2024-04-24
ITEM_0845,Product_845,Clothing,"{'length': 50, 'width': 26, 'height': 28}",16.28,True,2025-04-25,ZONE_1-R5-B17,2024-04-25
ITEM_0846,Product_846,Pharmaceuticals,"{'length': 50, 'width': 17, 'height': 20}",16.28,True,2025-04-26,ZONE_2-R8-B13,2024-04-26
ITEM_0847,Product_847,Furniture,"{'length': 75, 'width': 14, 'height': 26}",16.28,False,2025-04-27,ZONE_3-R1-B5,2024-04-27
ITEM_0848,Product_848,Food,"{'length': 59, 'width': 34, 'height': 28}",16.28,False,2025-04-28,ZONE_1-R5-B20,2024-04-28
ITEM_0849,Product_849,Furniture,"{'length': 34, 'width': 45, 'height': 18}",16.28,False,2025-04-29,ZONE_3-R8-B19,2024-04-29
ITEM_0850,Product_850,Machinery,"{'length': 96, 'width': 14, 'height': 16}",16.28,True,2025-04-30,ZONE_1-R2-B11,2024-04-30
ITEM_0851,Product_851,Food,"{'length': 55, 'width': 26, 'height': 15}",16.28,True,2025-05-01,ZONE_3-R5-B8,2024-05-01
ITEM_0852,Product_852,Furniture,"{'length': 70, 'width': 30, 'height': 29}",16.28,True,2025-05-02,ZONE_1-R10-B13,2024-05-02
ITEM_0853,Product_853,Pharmaceuticals,"{'length': 41, 'width': 21, 'height': 16}",16.28,True,2025-05-03,ZONE_2-R9-B9,2024-05-03
ITEM_0854,Product_854,Food,"{'length': 45, 'width': 45, 'height': 11}",16.28,True,2025-05-04,ZONE_1-R8-B6,2024-05-04
ITEM_0855,Product_855,Food,"{'length': 48, 'width': 15, 'height': 22}",16.28,True,2025-05-05,ZONE_2-R7-B1,2024-05-05
ITEM_0856,Product_856,Machinery,"{'length': 26, 'width': 35, 'height': 19}",16.28,True,2025-05-06,ZONE_5-R6-B18,2024-05-06
ITEM_0857,Product_857,Clothing,"{'length': 22, 'width': 36, 'height': 15}",16.28,True,2025-05-07,ZONE_2-R2-B5,2024-05-07
ITEM_0858,Product_858,Furniture,"{'length': 57, 'width': 31, 'height': 16}",16.28,True,2025-05-08,ZONE_2-R2-B20,2024-05-08
ITEM_0859,Product_859,Food,"{'length': 16, 'width': 30, 'height': 25}",16.28,False,2025-05-09,ZONE_1-R7-B16,2024-05-09
ITEM_0860,Product_860,Clothing,"{'length': 61, 'width': 35, 'height': 12}",16.28,False,2025-05-10,ZONE_5-R2-B13,2024-05-10
ITEM_0861,Product_861,Pharmaceuticals,"{'length': 30, 'width': 40, 'height': 27}",16.28,False,2025-05-11,ZONE_5-R8-B5,2024-05-11
ITEM_0862,Product_862,Food,"{'length': 17, 'width': 18, 'height': 6}",16.28,True,2025-05-12,ZONE_1-R3-B17,2024-05-12
ITEM_0863,Product_863,Clothing,"{'length': 64, 'width': 10, 'height': 14}",16.28,True,2025-05-13,ZONE_5-R2-B8,2024-05-13
ITEM_0864,Product_864,Furniture,"{'length': 97, 'width': 36, 'height': 21}",16.28,False,2025-05-14,ZONE_1-R2-B2,2024-05-14
ITEM_0865,Product_865,Pharmaceuticals,"{'length': 96, 'width': 43, 'height': 11}",16.28,False,2025-05-15,ZONE_4-R7-B7,2024-05-15
ITEM_0866,Product_866,Furniture,"{'length': 98, 'width': 22, 'height': 29}",16.28,False,2025-05-16,ZONE_3-R2-B4,2024-05-16
ITEM_0867,Product_867,Food,"{'length': 21, 'width': 17, 'height': 17}",16.28,True,2025-05-17,ZONE_1-R10-B6,2024-05-17
ITEM_0868,Product_868,Pharmaceuticals,"{'length': 63, 'width': 44, 'height': 25}",16.28,False,2025-05-18,ZONE_5-R3-B15,2024-05-18
ITEM_0869,Product_869,Machinery,"{'length': 62, 'width': 30, 'height': 13}",16.28,False,2025-05-19,ZONE_2-R10-B15,2024-05-19
ITEM_0870,Product_870,Electronics,"{'length': 52, 'width': 12, 'height': 9}",16.28,True,2025-05-20,ZONE_2-R10-B5,2024-05-20
ITEM_0871,Product_871,Pharmaceuticals,"{'length': 80, 'width': 26, 'height': 7}",16.28,True,2025-05-21,ZONE_1-R9-B16,2024-05-21
ITEM_0872,Product_872,Clothing,"{'length': 97, 'width': 26, 'height': 29}",16.28,False,2025-05-22,ZONE_3-R4-B4,2024-05-22
ITEM_0873,Product_873,Machinery,"{'length': 21, 'width': 36, 'height': 10}",16.28,True,2025-05-23,ZONE_5-R5-B12,2024-05-23
ITEM_0874,Product_874,Machinery,"{'length': 72, 'width': 36, 'height': 20}",16.28,True,2025-05-24,ZONE_2-R3-B8,2024-05-24
ITEM_0875,Product_875,Clothing,"{'length': 52, 'width': 14, 'height': 27}",16.28,True,2025-05-25,ZONE_4-R8-B4,2024-05-25
ITEM_0876,Product_876,Pharmaceuticals,"{'length': 68, 'width': 37, 'height': 7}",16.28,True,2025-05-26,ZONE_2-R1-B17,2024-05-26
ITEM_0877,Product_877,Electronics,"{'length': 30, 'width': 34, 'height': 12}",16.28,True,2025-05-27,ZONE_4-R4-B6,2024-05-27
ITEM_0878,Product_878,Machinery,"{'length': 83, 'width': 28, 'height': 23}",16.28,True,2025-05-28,ZONE_5-R3-B2,2024-05-28
ITEM_0879,Product_879,Furniture,"{'length': 98, 'width': 20, 'height': 24}",16.28,False,2025-05-29,ZONE_3-R9-B10,2024-05-29
ITEM_0880,Product_880,Food,"{'length': 63, 'width': 23, 'height': 25}",16.28,True,2025-05-30,ZONE_5-R5-B4,2024-05-30
ITEM_0881,Product_881,Furniture,"{'length': 59, 'width': 19, 'height': 9}",16.28,True,2025-05-31,ZONE_2-R6-B12,2024-05-31
ITEM_0882,Product_882,Furniture,"{'length': 45, 'width': 10, 'height': 11}",16.28,False,2025-06-01,ZONE_1-R1-B10,2024-06-01
ITEM_0883,Product_883,Pharmaceuticals,"{'length': 37, 'width': 32, 'height': 26}",16.28,False,2025-06-02,ZONE_1-R1-B2,2024-06-02
ITEM_0884,Product_884,Furniture,"{'length': 40, 'width': 27, 'height': 23}",16.28,True,2025-06-03,ZONE_2-R3-B9,2024-06-03
ITEM_0885,Product_885,Electronics,"{'length': 38, 'width': 46, 'height': 5}",16.28,True,2025-06-04,ZONE_2-R7-B8,2024-06-04
ITEM_0886,Product_886,Furniture,"{'length': 83, 'width': 38, 'height': 25}",16.28,False,2025-06-05,ZONE_2-R1-B14,2024-06-05
ITEM_0887,Product_887,Machinery,"{'length': 90, 'width': 14, 'height': 20}",16.28,False,2025-06-06,ZONE_3-R4-B2,2024-06-06
ITEM_0888,Product_888,Electronics,"{'length': 91, 'width': 45, 'height': 10}",16.28,True,2025-06-07,ZONE_1-R9-B20,2024-06-07
ITEM_0889,Product_889,Food,"{'length': 52, 'width': 11, 'height': 20}",16.28,False,2025-06-08,ZONE_5-R5-B7,2024-06-08
ITEM_0890,Product_890,Clothing,"{'length': 31, 'width': 16, 'height': 29}",16.28,True,2025-06-09,ZONE_2-R9-B5,2024-06-09
ITEM_0891,Product_891,Furniture,"{'length': 87, 'width': 31, 'height': 10}",16.28,True,2025-06-10,ZONE_1-R6-B11,2024-06-10
ITEM_0892,Product_892,Food,"{'length': 61, 'width': 10, 'height': 15}",16.28,True,2025-06-11,ZONE_2-R5-B10,2024-06-11
ITEM_0893,Product_893,Machinery,"{'length': 77, 'width': 17, 'height': 11}",16.28,True,2025-06-12,ZONE_2-R1-B20,2024-06-12
ITEM_0894,Product_894,Furniture,"{'length': 94, 'width': 32, 'height': 19}",16.28,True,2025-06-13,ZONE_4-R8-B19,2024-06-13
ITEM_0895,Product_895,Clothing,"{'length': 53, 'width': 35, 'height': 18}",16.28,False,2025-06-14,ZONE_1-R3-B20,2024-06-14
ITEM_0896,Product_896,Furniture,"{'length': 76, 'width': 10, 'height': 26}",16.28,True,2025-06-15,ZONE_5-R2-B12,2024-06-15
ITEM_0897,Product_897,Food,"{'length': 32, 'width': 25, 'height': 10}",16.28,True,2025-06-16,ZONE_1-R2-B16,2024-06-16
ITEM_0898,Product_898,Clothing,"{'length': 61, 'width': 23, 'height': 11}",16.28,False,2025-06-17,ZONE_2-R3-B12,2024-06-17
ITEM_0899,Product_899,Furniture,"{'length': 17, 'width': 24, 'height': 26}",16.28,False,2025-06-18,ZONE_5-R2-B8,2024-06-18
ITEM_0900,Product_900,Furniture,"{'length': 23, 'width': 20, 'height': 13}",16.28,True,2025-06-19,ZONE_5-R3-B17,2024-06-19
ITEM_0901,Product_901,Pharmaceuticals,"{'length': 43, 'width': 33, 'height': 17}",16.28,True,2025-06-20,ZONE_5-R1-B3,2024-06-20
ITEM_0902,Product_902,Pharmaceuticals,"{'length': 55, 'width': 20, 'height': 23}",16.28,False,2025-06-21,ZONE_3-R5-B20,2024-06-21
ITEM_0903,Product_903,Clothing,"{'length': 69, 'width': 16, 'height': 23}",16.28,True,2025-06-22,ZONE_4-R7-B20,2024-06-22
ITEM_0904,Product_904,Clothing,"{'length': 60, 'width': 13, 'height': 16}",16.28,True,2025-06-23,ZONE_3-R10-B6,2024-06-23
ITEM_0905,Product_905,Machinery,"{'length': 29, 'width': 27, 'height': 16}",16.28,False,2025-06-24,ZONE_4-R6-B1,2024-06-24
ITEM_0906,Product_906,Furniture,"{'length': 55, 'width': 33, 'height': 17}",16.28,True,2025-06-25,ZONE_3-R3-B13,2024-06-25
ITEM_0907,Product_907,Clothing,"{'length': 27, 'width': 29, 'height': 23}",16.28,False,2025-06-26,ZONE_3-R6-B6,2024-06-26
ITEM_0908,Product_908,Food,"{'length': 53, 'width': 49, 'height': 28}",16.28,False,2025-06-27,ZONE_4-R4-B13,2024-06-27
ITEM_0909,Product_909,Pharmaceuticals,"{'length': 92, 'width': 44, 'height': 15}",16.28,False,2025-06-28,ZONE_4-R6-B6,2024-06-28
ITEM_0910,Product_910,Clothing,"{'length': 58, 'width': 25, 'height': 14}",16.28,False,2025-06-29,ZONE_2-R8-B10,2024-06-29
ITEM_0911,Product_911,Clothing,"{'length': 22, 'width': 14, 'height': 19}",16.28,True,2025-06-30,ZONE_1-R2-B10,2024-06-30
ITEM_0912,Product_912,Electronics,"{'length': 10, 'width': 32, 'height': 13}",16.28,True,2025-07-01,ZONE_5-R7-B10,2024-07-01
ITEM_0913,Product_913,Clothing,"{'length': 68, 'width': 22, 'height': 8}",16.28,True,2025-07-02,ZONE_5-R1-B5,2024-07-02
ITEM_0914,Product_914,Pharmaceuticals,"{'length': 22, 'width': 15, 'height': 25}",16.28,True,2025-07-03,ZONE_5-R2-B7,2024-07-03
ITEM_0915,Product_915,Machinery,"{'length': 24, 'width': 46, 'height': 9}",16.28,False,2025-07-04,ZONE_2-R6-B17,2024-07-04
ITEM_0916,Product_916,Furniture,"{'length': 72, 'width': 11, 'height': 6}",16.28,False,2025-07-05,ZONE_2-R1-B15,2024-07-05
ITEM_0917,Product_917,Clothing,"{'length': 48, 'width': 21, 'height': 18}",16.28,True,2025-07-06,ZONE_2-R1-B13,2024-07-06
ITEM_0918,Product_918,Machinery,"{'length': 42, 'width': 48, 'height': 22}",16.28,False,2025-07-07,ZONE_5-R4-B4,2024-07-07
ITEM_0919,Product_919,Machinery,"{'length': 55, 'width': 47, 'height': 20}",16.28,False,2025-07-08,ZONE_2-R9-B6,2024-07-08
ITEM_0920,Product_920,Electronics,"{'length': 74, 'width': 37, 'height': 13}",16.28,True,2025-07-09,ZONE_4-R2-B13,2024-07-09
ITEM_0921,Product_921,Furniture,"{'length': 80, 'width': 42, 'height': 18}",16.28,True,2025-07-10,ZONE_3-R5-B5,2024-07-10
ITEM_0922,Product_922,Electronics,"{'length': 80, 'width': 29, 'height': 14}",16.28,True,2025-07-11,ZONE_4-R8-B16,2024-07-11
ITEM_0923,Product_923,Clothing,"{'length': 73, 'width': 26, 'height': 22}",16.28,False,2025-07-12,ZONE_1-R5-B10,2024-07-12
ITEM_0924,Product_924,Electronics,"{'length': 81, 'width': 27, 'height': 17}",16.28,True,2025-07-13,ZONE_2-R3-B10,2024-07-13
ITEM_0925,Product_925,Pharmaceuticals,"{'length': 61, 'width': 16, 'height': 12}",16.28,False,2025-07-14,ZONE_5-R6-B5,2024-07-14
ITEM_0926,Product_926,Machinery,"{'length': 94, 'width': 32, 'height': 17}",16.28,True,2025-07-15,ZONE_3-R2-B9,2024-07-15
ITEM_0927,Product_927,Machinery,"{'length': 68, 'width': 17, 'height': 25}",16.28,True,2025-07-16,ZONE_1-R9-B8,2024-07-16
ITEM_0928,Product_928,Food,"{'length': 70, 'width': 13, 'height': 26}",16.28,False,2025-07-17,ZONE_3-R10-B10,2024-07-17
ITEM_0929,Product_929,Furniture,"{'length': 93, 'width': 27, 'height': 17}",16.28,False,2025-07-18,ZONE_4-R8-B4,2024-07-18
ITEM_0930,Product_930,Pharmaceuticals,"{'length': 67, 'width': 22, 'height': 13}",16.28,True,2025-07-19,ZONE_5-R7-B18,2024-07-19
ITEM_0931,Product_931,Electronics,"{'length': 66, 'width': 12, 'height': 29}",16.28,True,2025-07-20,ZONE_5-R8-B1,2024-07-20
ITEM_0932,Product_932,Food,"{'length': 70, 'width': 15, 'height': 21}",16.28,False,2025-07-21,ZONE_1-R2-B7,2024-07-21
ITEM_0933,Product_933,Pharmaceuticals,"{'length': 14, 'width': 11, 'height': 22}",16.28,False,2025-07-22,ZONE_5-R7-B11,2024-07-22
ITEM_0934,Product_934,Pharmaceuticals,"{'length': 50, 'width': 22, 'height': 7}",16.28,True,2025-07-23,ZONE_3-R3-B7,2024-07-23
ITEM_0935,Product_935,Machinery,"{'length': 50, 'width': 14, 'height': 27}",16.28,True,2025-07-24,ZONE_1-R2-B12,2024-07-24
ITEM_0936,Product_936,Furniture,"{'length': 71, 'width': 34, 'height': 16}",16.28,False,2025-07-25,ZONE_5-R9-B10,2024-07-25
ITEM_0937,Product_937,Machinery,"{'length': 64, 'width': 27, 'height': 14}",16.28,True,2025-07-26,ZONE_5-R3-B14,2024-07-26
ITEM_0938,Product_938,Electronics,"{'length': 23, 'width': 36, 'height': 29}",16.28,False,2025-07-27,ZONE_3-R9-B4,2024-07-27
ITEM_0939,Product_939,Machinery,"{'length': 35, 'width': 30, 'height': 14}",16.28,False,2025-07-28,ZONE_3-R10-B7,2024-07-28
ITEM_0940,Product_940,Furniture,"{'length': 82, 'width': 37, 'height': 23}",16.28,True,2025-07-29,ZONE_1-R8-B11,2024-07-29
ITEM_0941,Product_941,Furniture,"{'length': 15, 'width': 13, 'height': 28}",16.28,True,2025-07-30,ZONE_2-R3-B3,2024-07-30
ITEM_0942,Product_942,Machinery,"{'length': 85, 'width': 23, 'height': 17}",16.28,True,2025-07-31,ZONE_4-R7-B20,2024-07-31
ITEM_0943,Product_943,Electronics,"{'length': 64, 'width': 34, 'height': 8}",16.28,True,2025-08-01,ZONE_4-R4-B4,2024-08-01
ITEM_0944,Product_944,Clothing,"{'length': 70, 'width': 47, 'height': 12}",16.28,False,2025-08-02,ZONE_4-R8-B8,2024-08-02
ITEM_0945,Product_945,Furniture,"{'length': 81, 'width': 49, 'height': 26}",16.28,False,2025-08-03,ZONE_4-R1-B16,2024-08-03
ITEM_0946,Product_946,Pharmaceuticals,"{'length': 81, 'width': 46, 'height': 29}",16.28,False,2025-08-04,ZONE_5-R9-B12,2024-08-04
ITEM_0947,Product_947,Pharmaceuticals,"{'length': 54, 'width': 31, 'height': 25}",16.28,False,2025-08-05,ZONE_4-R5-B20,2024-08-05
ITEM_0948,Product_948,Electronics,"{'length': 66, 'width': 43, 'height': 29}",16.28,False,2025-08-06,ZONE_3-R2-B1,2024-08-06
ITEM_0949,Product_949,Furniture,"{'length': 68, 'width': 35, 'height': 22}",16.28,True,2025-08-07,ZONE_4-R9-B10,2024-08-07
ITEM_0950,Product_950,Food,"{'length': 80, 'width': 10, 'height': 19}",16.28,False,2025-08-08,ZONE_1-R6-B3,2024-08-08
ITEM_0951,Product_951,Food,"{'length': 72, 'width': 31, 'height': 26}",16.28,False,2025-08-09,ZONE_5-R1-B18,2024-08-09
ITEM_0952,Product_952,Food,"{'length': 77, 'width': 39, 'height': 24}",16.28,False,2025-08-10,ZONE_5-R6-B10,2024-08-10
ITEM_0953,Product_953,Food,"{'length': 19, 'width': 41, 'height': 18}",16.28,False,2025-08-11,ZONE_2-R3-B7,2024-08-11
ITEM_0954,Product_954,Machinery,"{'length': 70, 'width': 19, 'height': 18}",16.28,True,2025-08-12,ZONE_3-R8-B12,2024-08-12
ITEM_0955,Product_955,Machinery,"{'length': 80, 'width': 40, 'height': 16}",16.28,False,2025-08-13,ZONE_4-R6-B18,2024-08-13
ITEM_0956,Product_956,Food,"{'length': 83, 'width': 23, 'height': 26}",16.28,True,2025-08-14,ZONE_4-R5-B2,2024-08-14
ITEM_0957,Product_957,Food,"{'length': 93, 'width': 22, 'height': 15}",16.28,True,2025-08-15,ZONE_5-R1-B9,2024-08-15
ITEM_0958,Product_958,Electronics,"{'length': 53, 'width': 39, 'height': 15}",16.28,False,2025-08-16,ZONE_1-R4-B4,2024-08-16
ITEM_0959,Product_959,Machinery,"{'length': 71, 'width': 17, 'height': 24}",16.28,False,2025-08-17,ZONE_3-R3-B19,2024-08-17
ITEM_0960,Product_960,Furniture,"{'length': 94, 'width': 12, 'height': 29}",16.28,True,2025-08-18,ZONE_1-R10-B6,2024-08-18
ITEM_0961,Product_961,Furniture,"{'length': 63, 'width': 30, 'height': 6}",16.28,True,2025-08-19,ZONE_4-R8-B17,2024-08-19
ITEM_0962,Product_962,Electronics,"{'length': 72, 'width': 37, 'height': 7}",16.28,False,2025-08-20,ZONE_1-R7-B2,2024-08-20
ITEM_0963,Product_963,Pharmaceuticals,"{'length': 84, 'width': 22, 'height': 11}",16.28,False,2025-08-21,ZONE_4-R4-B18,2024-08-21
ITEM_0964,Product_964,Pharmaceuticals,"{'length': 98, 'width': 26, 'height': 15}",16.28,True,2025-08-22,ZONE_5-R2-B18,2024-08-22
ITEM_0965,Product_965,Food,"{'length': 32, 'width': 35, 'height': 27}",16.28,True,2025-08-23,ZONE_5-R8-B19,2024-08-23
ITEM_0966,Product_966,Electronics,"{'length': 57, 'width': 14, 'height': 9}",16.28,False,2025-08-24,ZONE_2-R8-B19,2024-08-24
ITEM_0967,Product_967,Machinery,"{'length': 62, 'width': 28, 'height': 28}",16.28,False,2025-08-25,ZONE_4-R10-B9,2024-08-25
ITEM_0968,Product_968,Machinery,"{'length': 16, 'width': 23, 'height': 28}",16.28,True,2025-08-26,ZONE_1-R6-B10,2024-08-26
ITEM_0969,Product_969,Machinery,"{'length': 94, 'width': 36, 'height': 6}",16.28,True,2025-08-27,ZONE_4-R3-B18,2024-08-27
ITEM_0970,Product_970,Electronics,"{'length': 48, 'width': 30, 'height': 16}",16.28,True,2025-08-28,ZONE_4-R3-B10,2024-08-28
ITEM_0971,Product_971,Pharmaceuticals,"{'length': 23, 'width': 39, 'height': 22}",16.28,True,2025-08-29,ZONE_2-R5-B15,2024-08-29
ITEM_0972,Product_972,Pharmaceuticals,"{'length': 37, 'width': 29, 'height': 10}",16.28,True,2025-08-30,ZONE_5-R2-B12,2024-08-30
ITEM_0973,Product_973,Electronics,"{'length': 46, 'width': 38, 'height': 12}",16.28,True,2025-08-31,ZONE_4-R8-B10,2024-08-31
ITEM_0974,Product_974,Electronics,"{'length': 73, 'width': 28, 'height': 9}",16.28,False,2025-09-01,ZONE_1-R8-B11,2024-09-01
ITEM_0975,Product_975,Machinery,"{'length': 52, 'width': 27, 'height': 22}",16.28,True,2025-09-02,ZONE_2-R1-B1,2024-09-02
ITEM_0976,Product_976,Furniture,"{'length': 20, 'width': 31, 'height': 12}",16.28,True,2025-09-03,ZONE_3-R5-B1,2024-09-03
ITEM_0977,Product_977,Pharmaceuticals,"{'length': 93, 'width': 15, 'height': 9}",16.28,True,2025-09-04,ZONE_2-R8-B3,2024-09-04
ITEM_0978,Product_978,Pharmaceuticals,"{'length': 92, 'width': 17, 'height': 21}",16.28,True,2025-09-05,ZONE_3-R2-B12,2024-09-05
ITEM_0979,Product_979,Clothing,"{'length': 77, 'width': 12, 'height': 22}",16.28,False,2025-09-06,ZONE_2-R5-B16,2024-09-06
ITEM_0980,Product_980,Furniture,"{'length': 50, 'width': 28, 'height': 11}",16.28,False,2025-09-07,ZONE_5-R6-B8,2024-09-07
ITEM_0981,Product_981,Furniture,"{'length': 10, 'width': 49, 'height': 17}",16.28,True,2025-09-08,ZONE_4-R3-B3,2024-09-08
ITEM_0982,Product_982,Machinery,"{'length': 24, 'width': 29, 'height': 24}",16.28,False,2025-09-09,ZONE_3-R1-B9,2024-09-09
ITEM_0983,Product_983,Food,"{'length': 39, 'width': 35, 'height': 17}",16.28,True,2025-09-10,ZONE_2-R7-B17,2024-09-10
ITEM_0984,Product_984,Furniture,"{'length': 83, 'width': 42, 'height': 18}",16.28,False,2025-09-11,ZONE_4-R8-B19,2024-09-11
ITEM_0985,Product_985,Furniture,"{'length': 37, 'width': 31, 'height': 29}",16.28,False,2025-09-12,ZONE_3-R3-B20,2024-09-12
ITEM_0986,Product_986,Furniture,"{'length': 19, 'width': 43, 'height': 5}",16.28,False,2025-09-13,ZONE_3-R10-B1,2024-09-13
ITEM_0987,Product_987,Pharmaceuticals,"{'length': 72, 'width': 45, 'height': 11}",16.28,False,2025-09-14,ZONE_4-R7-B5,2024-09-14
ITEM_0988,Product_988,Clothing,"{'length': 91, 'width': 13, 'height': 10}",16.28,True,2025-09-15,ZONE_2-R4-B5,2024-09-15
ITEM_0989,Product_989,Furniture,"{'length': 33, 'width': 43, 'height': 5}",16.28,True,2025-09-16,ZONE_1-R5-B20,2024-09-16
ITEM_0990,Product_990,Electronics,"{'length': 88, 'width': 30, 'height': 6}",16.28,False,2025-09-17,ZONE_4-R4-B18,2024-09-17
ITEM_0991,Product_991,Clothing,"{'length': 61, 'width': 15, 'height': 13}",16.28,False,2025-09-18,ZONE_5-R7-B18,2024-09-18
ITEM_0992,Product_992,Pharmaceuticals,"{'length': 30, 'width': 32, 'height': 7}",16.28,False,2025-09-19,ZONE_3-R8-B12,2024-09-19
ITEM_0993,Product_993,Furniture,"{'length': 16, 'width': 20, 'height': 29}",16.28,True,2025-09-20,ZONE_2-R1-B1,2024-09-20
ITEM_0994,Product_994,Food,"{'length': 66, 'width': 42, 'height': 17}",16.28,False,2025-09-21,ZONE_5-R8-B20,2024-09-21
ITEM_0995,Product_995,Pharmaceuticals,"{'length': 30, 'width': 43, 'height': 25}",16.28,False,2025-09-22,ZONE_2-R5-B6,2024-09-22
ITEM_0996,Product_996,Clothing,"{'length': 26, 'width': 25, 'height': 26}",16.28,False,2025-09-23,ZONE_4-R2-B12,2024-09-23
ITEM_0997,Product_997,Machinery,"{'length': 83, 'width': 14, 'height': 7}",16.28,True,2025-09-24,ZONE_3-R7-B11,2024-09-24
ITEM_0998,Product_998,Food,"{'length': 22, 'width': 38, 'height': 22}",16.28,True,2025-09-25,ZONE_5-R6-B5,2024-09-25
ITEM_0999,Product_999,Food,"{'length': 83, 'width': 49, 'height': 9}",16.28,True,2025-09-26,ZONE_5-R2-B2,2024-09-26
