log_id,item_id,timestamp,movement_type,location,order_id
LOG_00000,ITEM_0702,2023-01-01 00:00:00,out,B17,ORD_0000
LOG_00001,ITEM_0979,2023-01-01 01:00:00,out,B1,ORD_0001
LOG_00002,ITEM_0679,2023-01-01 02:00:00,out,B9,ORD_0002
LOG_00003,ITEM_0659,2023-01-01 03:00:00,in,B1,ORD_0003
LOG_00004,ITEM_0678,2023-01-01 04:00:00,in,B13,ORD_0004
LOG_00005,ITEM_0043,2023-01-01 05:00:00,out,B13,ORD_0005
LOG_00006,ITEM_0796,2023-01-01 06:00:00,in,B16,ORD_0006
LOG_00007,ITEM_0636,2023-01-01 07:00:00,in,B5,ORD_0007
LOG_00008,ITEM_0254,2023-01-01 08:00:00,out,B9,ORD_0008
LOG_00009,ITEM_0761,2023-01-01 09:00:00,out,B19,ORD_0009
LOG_00010,ITEM_0491,2023-01-01 10:00:00,out,B2,ORD_0010
LOG_00011,ITEM_0461,2023-01-01 11:00:00,out,B20,ORD_0011
LOG_00012,ITEM_0998,2023-01-01 12:00:00,out,B10,ORD_0012
LOG_00013,ITEM_0899,2023-01-01 13:00:00,in,B17,ORD_0013
LOG_00014,ITEM_0265,2023-01-01 14:00:00,out,B18,ORD_0014
LOG_00015,ITEM_0353,2023-01-01 15:00:00,out,B20,ORD_0015
LOG_00016,ITEM_0657,2023-01-01 16:00:00,in,B17,ORD_0016
LOG_00017,ITEM_0090,2023-01-01 17:00:00,out,B19,ORD_0017
LOG_00018,ITEM_0150,2023-01-01 18:00:00,in,B8,ORD_0018
LOG_00019,ITEM_0072,2023-01-01 19:00:00,in,B15,ORD_0019
LOG_00020,ITEM_0254,2023-01-01 20:00:00,in,B5,ORD_0020
LOG_00021,ITEM_0207,2023-01-01 21:00:00,out,B5,ORD_0021
LOG_00022,ITEM_0580,2023-01-01 22:00:00,out,B16,ORD_0022
LOG_00023,ITEM_0055,2023-01-01 23:00:00,in,B17,ORD_0023
LOG_00024,ITEM_0565,2023-01-02 00:00:00,out,B9,ORD_0024
LOG_00025,ITEM_0547,2023-01-02 01:00:00,out,B13,ORD_0025
LOG_00026,ITEM_0350,2023-01-02 02:00:00,out,B11,ORD_0026
LOG_00027,ITEM_0276,2023-01-02 03:00:00,in,B12,ORD_0027
LOG_00028,ITEM_0418,2023-01-02 04:00:00,out,B14,ORD_0028
LOG_00029,ITEM_0255,2023-01-02 05:00:00,out,B9,ORD_0029
LOG_00030,ITEM_0836,2023-01-02 06:00:00,out,B1,ORD_0030
LOG_00031,ITEM_0649,2023-01-02 07:00:00,out,B19,ORD_0031
LOG_00032,ITEM_0163,2023-01-02 08:00:00,out,B20,ORD_0032
LOG_00033,ITEM_0400,2023-01-02 09:00:00,in,B2,ORD_0033
LOG_00034,ITEM_0767,2023-01-02 10:00:00,out,B2,ORD_0034
LOG_00035,ITEM_0637,2023-01-02 11:00:00,out,B15,ORD_0035
LOG_00036,ITEM_0511,2023-01-02 12:00:00,out,B1,ORD_0036
LOG_00037,ITEM_0653,2023-01-02 13:00:00,in,B15,ORD_0037
LOG_00038,ITEM_0813,2023-01-02 14:00:00,in,B3,ORD_0038
LOG_00039,ITEM_0374,2023-01-02 15:00:00,in,B19,ORD_0039
LOG_00040,ITEM_0098,2023-01-02 16:00:00,out,B2,ORD_0040
LOG_00041,ITEM_0453,2023-01-02 17:00:00,in,B16,ORD_0041
LOG_00042,ITEM_0852,2023-01-02 18:00:00,in,B16,ORD_0042
LOG_00043,ITEM_0715,2023-01-02 19:00:00,in,B17,ORD_0043
LOG_00044,ITEM_0229,2023-01-02 20:00:00,out,B18,ORD_0044
LOG_00045,ITEM_0774,2023-01-02 21:00:00,out,B17,ORD_0045
LOG_00046,ITEM_0007,2023-01-02 22:00:00,out,B8,ORD_0046
LOG_00047,ITEM_0703,2023-01-02 23:00:00,out,B13,ORD_0047
LOG_00048,ITEM_0977,2023-01-03 00:00:00,out,B1,ORD_0048
LOG_00049,ITEM_0708,2023-01-03 01:00:00,out,B16,ORD_0049
LOG_00050,ITEM_0712,2023-01-03 02:00:00,in,B4,ORD_0050
LOG_00051,ITEM_0972,2023-01-03 03:00:00,in,B14,ORD_0051
LOG_00052,ITEM_0321,2023-01-03 04:00:00,out,B3,ORD_0052
LOG_00053,ITEM_0263,2023-01-03 05:00:00,in,B7,ORD_0053
LOG_00054,ITEM_0792,2023-01-03 06:00:00,out,B15,ORD_0054
LOG_00055,ITEM_0304,2023-01-03 07:00:00,in,B2,ORD_0055
LOG_00056,ITEM_0784,2023-01-03 08:00:00,out,B6,ORD_0056
LOG_00057,ITEM_0033,2023-01-03 09:00:00,in,B16,ORD_0057
LOG_00058,ITEM_0346,2023-01-03 10:00:00,out,B9,ORD_0058
LOG_00059,ITEM_0837,2023-01-03 11:00:00,out,B7,ORD_0059
LOG_00060,ITEM_0339,2023-01-03 12:00:00,out,B6,ORD_0060
LOG_00061,ITEM_0305,2023-01-03 13:00:00,out,B12,ORD_0061
LOG_00062,ITEM_0440,2023-01-03 14:00:00,out,B13,ORD_0062
LOG_00063,ITEM_0755,2023-01-03 15:00:00,out,B12,ORD_0063
LOG_00064,ITEM_0472,2023-01-03 16:00:00,in,B11,ORD_0064
LOG_00065,ITEM_0236,2023-01-03 17:00:00,in,B10,ORD_0065
LOG_00066,ITEM_0258,2023-01-03 18:00:00,in,B14,ORD_0066
LOG_00067,ITEM_0347,2023-01-03 19:00:00,in,B4,ORD_0067
LOG_00068,ITEM_0364,2023-01-03 20:00:00,in,B12,ORD_0068
LOG_00069,ITEM_0498,2023-01-03 21:00:00,in,B13,ORD_0069
LOG_00070,ITEM_0843,2023-01-03 22:00:00,out,B15,ORD_0070
LOG_00071,ITEM_0694,2023-01-03 23:00:00,in,B9,ORD_0071
LOG_00072,ITEM_0819,2023-01-04 00:00:00,out,B18,ORD_0072
LOG_00073,ITEM_0540,2023-01-04 01:00:00,in,B4,ORD_0073
LOG_00074,ITEM_0893,2023-01-04 02:00:00,out,B13,ORD_0074
LOG_00075,ITEM_0675,2023-01-04 03:00:00,out,B3,ORD_0075
LOG_00076,ITEM_0599,2023-01-04 04:00:00,out,B16,ORD_0076
LOG_00077,ITEM_0934,2023-01-04 05:00:00,out,B13,ORD_0077
LOG_00078,ITEM_0974,2023-01-04 06:00:00,out,B16,ORD_0078
LOG_00079,ITEM_0503,2023-01-04 07:00:00,in,B1,ORD_0079
LOG_00080,ITEM_0185,2023-01-04 08:00:00,out,B13,ORD_0080
LOG_00081,ITEM_0087,2023-01-04 09:00:00,out,B2,ORD_0081
LOG_00082,ITEM_0881,2023-01-04 10:00:00,out,B4,ORD_0082
LOG_00083,ITEM_0520,2023-01-04 11:00:00,out,B2,ORD_0083
LOG_00084,ITEM_0592,2023-01-04 12:00:00,out,B7,ORD_0084
LOG_00085,ITEM_0633,2023-01-04 13:00:00,in,B6,ORD_0085
LOG_00086,ITEM_0635,2023-01-04 14:00:00,out,B3,ORD_0086
LOG_00087,ITEM_0899,2023-01-04 15:00:00,in,B12,ORD_0087
LOG_00088,ITEM_0861,2023-01-04 16:00:00,in,B11,ORD_0088
LOG_00089,ITEM_0747,2023-01-04 17:00:00,in,B10,ORD_0089
LOG_00090,ITEM_0711,2023-01-04 18:00:00,in,B14,ORD_0090
LOG_00091,ITEM_0099,2023-01-04 19:00:00,in,B9,ORD_0091
LOG_00092,ITEM_0180,2023-01-04 20:00:00,in,B14,ORD_0092
LOG_00093,ITEM_0196,2023-01-04 21:00:00,in,B8,ORD_0093
LOG_00094,ITEM_0442,2023-01-04 22:00:00,out,B6,ORD_0094
LOG_00095,ITEM_0549,2023-01-04 23:00:00,in,B11,ORD_0095
LOG_00096,ITEM_0367,2023-01-05 00:00:00,in,B6,ORD_0096
LOG_00097,ITEM_0739,2023-01-05 01:00:00,in,B13,ORD_0097
LOG_00098,ITEM_0593,2023-01-05 02:00:00,in,B9,ORD_0098
LOG_00099,ITEM_0737,2023-01-05 03:00:00,out,B18,ORD_0099
LOG_00100,ITEM_0281,2023-01-05 04:00:00,in,B12,ORD_0100
LOG_00101,ITEM_0196,2023-01-05 05:00:00,in,B13,ORD_0101
LOG_00102,ITEM_0218,2023-01-05 06:00:00,in,B1,ORD_0102
LOG_00103,ITEM_0095,2023-01-05 07:00:00,out,B15,ORD_0103
LOG_00104,ITEM_0619,2023-01-05 08:00:00,out,B7,ORD_0104
LOG_00105,ITEM_0959,2023-01-05 09:00:00,in,B11,ORD_0105
LOG_00106,ITEM_0304,2023-01-05 10:00:00,out,B11,ORD_0106
LOG_00107,ITEM_0128,2023-01-05 11:00:00,out,B19,ORD_0107
LOG_00108,ITEM_0259,2023-01-05 12:00:00,out,B8,ORD_0108
LOG_00109,ITEM_0434,2023-01-05 13:00:00,out,B5,ORD_0109
LOG_00110,ITEM_0184,2023-01-05 14:00:00,out,B10,ORD_0110
LOG_00111,ITEM_0443,2023-01-05 15:00:00,out,B13,ORD_0111
LOG_00112,ITEM_0957,2023-01-05 16:00:00,in,B14,ORD_0112
LOG_00113,ITEM_0937,2023-01-05 17:00:00,out,B12,ORD_0113
LOG_00114,ITEM_0649,2023-01-05 18:00:00,in,B11,ORD_0114
LOG_00115,ITEM_0874,2023-01-05 19:00:00,out,B1,ORD_0115
LOG_00116,ITEM_0602,2023-01-05 20:00:00,in,B1,ORD_0116
LOG_00117,ITEM_0757,2023-01-05 21:00:00,in,B9,ORD_0117
LOG_00118,ITEM_0284,2023-01-05 22:00:00,in,B4,ORD_0118
LOG_00119,ITEM_0742,2023-01-05 23:00:00,in,B4,ORD_0119
LOG_00120,ITEM_0023,2023-01-06 00:00:00,in,B4,ORD_0120
LOG_00121,ITEM_0631,2023-01-06 01:00:00,out,B20,ORD_0121
LOG_00122,ITEM_0588,2023-01-06 02:00:00,in,B1,ORD_0122
LOG_00123,ITEM_0031,2023-01-06 03:00:00,out,B12,ORD_0123
LOG_00124,ITEM_0725,2023-01-06 04:00:00,in,B10,ORD_0124
LOG_00125,ITEM_0357,2023-01-06 05:00:00,out,B19,ORD_0125
LOG_00126,ITEM_0676,2023-01-06 06:00:00,in,B19,ORD_0126
LOG_00127,ITEM_0787,2023-01-06 07:00:00,out,B15,ORD_0127
LOG_00128,ITEM_0705,2023-01-06 08:00:00,in,B9,ORD_0128
LOG_00129,ITEM_0833,2023-01-06 09:00:00,out,B5,ORD_0129
LOG_00130,ITEM_0259,2023-01-06 10:00:00,out,B12,ORD_0130
LOG_00131,ITEM_0116,2023-01-06 11:00:00,in,B18,ORD_0131
LOG_00132,ITEM_0622,2023-01-06 12:00:00,out,B20,ORD_0132
LOG_00133,ITEM_0952,2023-01-06 13:00:00,in,B4,ORD_0133
LOG_00134,ITEM_0407,2023-01-06 14:00:00,out,B19,ORD_0134
LOG_00135,ITEM_0072,2023-01-06 15:00:00,in,B13,ORD_0135
LOG_00136,ITEM_0166,2023-01-06 16:00:00,out,B9,ORD_0136
LOG_00137,ITEM_0289,2023-01-06 17:00:00,out,B13,ORD_0137
LOG_00138,ITEM_0292,2023-01-06 18:00:00,in,B18,ORD_0138
LOG_00139,ITEM_0479,2023-01-06 19:00:00,in,B3,ORD_0139
LOG_00140,ITEM_0685,2023-01-06 20:00:00,in,B15,ORD_0140
LOG_00141,ITEM_0346,2023-01-06 21:00:00,out,B1,ORD_0141
LOG_00142,ITEM_0915,2023-01-06 22:00:00,in,B11,ORD_0142
LOG_00143,ITEM_0641,2023-01-06 23:00:00,out,B8,ORD_0143
LOG_00144,ITEM_0453,2023-01-07 00:00:00,in,B17,ORD_0144
LOG_00145,ITEM_0857,2023-01-07 01:00:00,in,B12,ORD_0145
LOG_00146,ITEM_0054,2023-01-07 02:00:00,in,B18,ORD_0146
LOG_00147,ITEM_0110,2023-01-07 03:00:00,out,B3,ORD_0147
LOG_00148,ITEM_0208,2023-01-07 04:00:00,out,B9,ORD_0148
LOG_00149,ITEM_0210,2023-01-07 05:00:00,in,B13,ORD_0149
LOG_00150,ITEM_0578,2023-01-07 06:00:00,in,B3,ORD_0150
LOG_00151,ITEM_0737,2023-01-07 07:00:00,in,B7,ORD_0151
LOG_00152,ITEM_0996,2023-01-07 08:00:00,in,B13,ORD_0152
LOG_00153,ITEM_0919,2023-01-07 09:00:00,out,B3,ORD_0153
LOG_00154,ITEM_0290,2023-01-07 10:00:00,out,B17,ORD_0154
LOG_00155,ITEM_0987,2023-01-07 11:00:00,in,B19,ORD_0155
LOG_00156,ITEM_0287,2023-01-07 12:00:00,out,B18,ORD_0156
LOG_00157,ITEM_0363,2023-01-07 13:00:00,out,B8,ORD_0157
LOG_00158,ITEM_0767,2023-01-07 14:00:00,out,B17,ORD_0158
LOG_00159,ITEM_0291,2023-01-07 15:00:00,in,B9,ORD_0159
LOG_00160,ITEM_0331,2023-01-07 16:00:00,out,B13,ORD_0160
LOG_00161,ITEM_0067,2023-01-07 17:00:00,in,B20,ORD_0161
LOG_00162,ITEM_0073,2023-01-07 18:00:00,out,B9,ORD_0162
LOG_00163,ITEM_0756,2023-01-07 19:00:00,in,B1,ORD_0163
LOG_00164,ITEM_0056,2023-01-07 20:00:00,out,B9,ORD_0164
LOG_00165,ITEM_0623,2023-01-07 21:00:00,in,B15,ORD_0165
LOG_00166,ITEM_0166,2023-01-07 22:00:00,in,B20,ORD_0166
LOG_00167,ITEM_0899,2023-01-07 23:00:00,in,B15,ORD_0167
LOG_00168,ITEM_0613,2023-01-08 00:00:00,in,B7,ORD_0168
LOG_00169,ITEM_0909,2023-01-08 01:00:00,out,B12,ORD_0169
LOG_00170,ITEM_0749,2023-01-08 02:00:00,out,B13,ORD_0170
LOG_00171,ITEM_0416,2023-01-08 03:00:00,out,B13,ORD_0171
LOG_00172,ITEM_0328,2023-01-08 04:00:00,in,B2,ORD_0172
LOG_00173,ITEM_0432,2023-01-08 05:00:00,out,B18,ORD_0173
LOG_00174,ITEM_0502,2023-01-08 06:00:00,in,B18,ORD_0174
LOG_00175,ITEM_0979,2023-01-08 07:00:00,out,B16,ORD_0175
LOG_00176,ITEM_0539,2023-01-08 08:00:00,out,B17,ORD_0176
LOG_00177,ITEM_0041,2023-01-08 09:00:00,out,B18,ORD_0177
LOG_00178,ITEM_0582,2023-01-08 10:00:00,out,B19,ORD_0178
LOG_00179,ITEM_0520,2023-01-08 11:00:00,in,B15,ORD_0179
LOG_00180,ITEM_0725,2023-01-08 12:00:00,out,B8,ORD_0180
LOG_00181,ITEM_0082,2023-01-08 13:00:00,out,B12,ORD_0181
LOG_00182,ITEM_0389,2023-01-08 14:00:00,in,B20,ORD_0182
LOG_00183,ITEM_0833,2023-01-08 15:00:00,out,B3,ORD_0183
LOG_00184,ITEM_0886,2023-01-08 16:00:00,out,B12,ORD_0184
LOG_00185,ITEM_0713,2023-01-08 17:00:00,out,B5,ORD_0185
LOG_00186,ITEM_0161,2023-01-08 18:00:00,in,B4,ORD_0186
LOG_00187,ITEM_0234,2023-01-08 19:00:00,out,B12,ORD_0187
LOG_00188,ITEM_0849,2023-01-08 20:00:00,in,B19,ORD_0188
LOG_00189,ITEM_0819,2023-01-08 21:00:00,in,B4,ORD_0189
LOG_00190,ITEM_0834,2023-01-08 22:00:00,out,B6,ORD_0190
LOG_00191,ITEM_0471,2023-01-08 23:00:00,in,B14,ORD_0191
LOG_00192,ITEM_0675,2023-01-09 00:00:00,out,B5,ORD_0192
LOG_00193,ITEM_0845,2023-01-09 01:00:00,in,B12,ORD_0193
LOG_00194,ITEM_0437,2023-01-09 02:00:00,out,B16,ORD_0194
LOG_00195,ITEM_0412,2023-01-09 03:00:00,out,B6,ORD_0195
LOG_00196,ITEM_0736,2023-01-09 04:00:00,in,B17,ORD_0196
LOG_00197,ITEM_0401,2023-01-09 05:00:00,out,B17,ORD_0197
LOG_00198,ITEM_0738,2023-01-09 06:00:00,in,B9,ORD_0198
LOG_00199,ITEM_0789,2023-01-09 07:00:00,out,B17,ORD_0199
LOG_00200,ITEM_0934,2023-01-09 08:00:00,out,B10,ORD_0200
LOG_00201,ITEM_0869,2023-01-09 09:00:00,in,B5,ORD_0201
LOG_00202,ITEM_0201,2023-01-09 10:00:00,out,B6,ORD_0202
LOG_00203,ITEM_0765,2023-01-09 11:00:00,out,B17,ORD_0203
LOG_00204,ITEM_0281,2023-01-09 12:00:00,out,B3,ORD_0204
LOG_00205,ITEM_0709,2023-01-09 13:00:00,out,B14,ORD_0205
LOG_00206,ITEM_0308,2023-01-09 14:00:00,in,B19,ORD_0206
LOG_00207,ITEM_0428,2023-01-09 15:00:00,in,B8,ORD_0207
LOG_00208,ITEM_0434,2023-01-09 16:00:00,in,B9,ORD_0208
LOG_00209,ITEM_0438,2023-01-09 17:00:00,out,B14,ORD_0209
LOG_00210,ITEM_0565,2023-01-09 18:00:00,out,B18,ORD_0210
LOG_00211,ITEM_0585,2023-01-09 19:00:00,in,B20,ORD_0211
LOG_00212,ITEM_0521,2023-01-09 20:00:00,in,B16,ORD_0212
LOG_00213,ITEM_0362,2023-01-09 21:00:00,in,B7,ORD_0213
LOG_00214,ITEM_0613,2023-01-09 22:00:00,in,B2,ORD_0214
LOG_00215,ITEM_0336,2023-01-09 23:00:00,in,B20,ORD_0215
LOG_00216,ITEM_0987,2023-01-10 00:00:00,in,B18,ORD_0216
LOG_00217,ITEM_0580,2023-01-10 01:00:00,in,B3,ORD_0217
LOG_00218,ITEM_0953,2023-01-10 02:00:00,in,B2,ORD_0218
LOG_00219,ITEM_0970,2023-01-10 03:00:00,in,B18,ORD_0219
LOG_00220,ITEM_0273,2023-01-10 04:00:00,out,B7,ORD_0220
LOG_00221,ITEM_0438,2023-01-10 05:00:00,in,B9,ORD_0221
LOG_00222,ITEM_0935,2023-01-10 06:00:00,in,B6,ORD_0222
LOG_00223,ITEM_0127,2023-01-10 07:00:00,out,B14,ORD_0223
LOG_00224,ITEM_0693,2023-01-10 08:00:00,out,B3,ORD_0224
LOG_00225,ITEM_0074,2023-01-10 09:00:00,in,B16,ORD_0225
LOG_00226,ITEM_0585,2023-01-10 10:00:00,in,B9,ORD_0226
LOG_00227,ITEM_0981,2023-01-10 11:00:00,in,B14,ORD_0227
LOG_00228,ITEM_0774,2023-01-10 12:00:00,in,B12,ORD_0228
LOG_00229,ITEM_0555,2023-01-10 13:00:00,out,B12,ORD_0229
LOG_00230,ITEM_0057,2023-01-10 14:00:00,in,B4,ORD_0230
LOG_00231,ITEM_0967,2023-01-10 15:00:00,out,B10,ORD_0231
LOG_00232,ITEM_0691,2023-01-10 16:00:00,in,B3,ORD_0232
LOG_00233,ITEM_0270,2023-01-10 17:00:00,in,B10,ORD_0233
LOG_00234,ITEM_0648,2023-01-10 18:00:00,out,B10,ORD_0234
LOG_00235,ITEM_0550,2023-01-10 19:00:00,in,B13,ORD_0235
LOG_00236,ITEM_0873,2023-01-10 20:00:00,out,B8,ORD_0236
LOG_00237,ITEM_0263,2023-01-10 21:00:00,out,B19,ORD_0237
LOG_00238,ITEM_0145,2023-01-10 22:00:00,out,B3,ORD_0238
LOG_00239,ITEM_0710,2023-01-10 23:00:00,in,B6,ORD_0239
LOG_00240,ITEM_0865,2023-01-11 00:00:00,in,B18,ORD_0240
LOG_00241,ITEM_0256,2023-01-11 01:00:00,out,B15,ORD_0241
LOG_00242,ITEM_0191,2023-01-11 02:00:00,in,B7,ORD_0242
LOG_00243,ITEM_0897,2023-01-11 03:00:00,in,B16,ORD_0243
LOG_00244,ITEM_0766,2023-01-11 04:00:00,out,B20,ORD_0244
LOG_00245,ITEM_0350,2023-01-11 05:00:00,out,B11,ORD_0245
LOG_00246,ITEM_0238,2023-01-11 06:00:00,in,B19,ORD_0246
LOG_00247,ITEM_0009,2023-01-11 07:00:00,in,B6,ORD_0247
LOG_00248,ITEM_0042,2023-01-11 08:00:00,out,B4,ORD_0248
LOG_00249,ITEM_0959,2023-01-11 09:00:00,in,B15,ORD_0249
LOG_00250,ITEM_0232,2023-01-11 10:00:00,out,B5,ORD_0250
LOG_00251,ITEM_0171,2023-01-11 11:00:00,out,B4,ORD_0251
LOG_00252,ITEM_0631,2023-01-11 12:00:00,out,B17,ORD_0252
LOG_00253,ITEM_0720,2023-01-11 13:00:00,in,B10,ORD_0253
LOG_00254,ITEM_0268,2023-01-11 14:00:00,out,B11,ORD_0254
LOG_00255,ITEM_0403,2023-01-11 15:00:00,in,B15,ORD_0255
LOG_00256,ITEM_0255,2023-01-11 16:00:00,out,B9,ORD_0256
LOG_00257,ITEM_0750,2023-01-11 17:00:00,in,B17,ORD_0257
LOG_00258,ITEM_0276,2023-01-11 18:00:00,out,B7,ORD_0258
LOG_00259,ITEM_0965,2023-01-11 19:00:00,in,B7,ORD_0259
LOG_00260,ITEM_0717,2023-01-11 20:00:00,out,B16,ORD_0260
LOG_00261,ITEM_0573,2023-01-11 21:00:00,out,B12,ORD_0261
LOG_00262,ITEM_0772,2023-01-11 22:00:00,out,B19,ORD_0262
LOG_00263,ITEM_0128,2023-01-11 23:00:00,out,B16,ORD_0263
LOG_00264,ITEM_0796,2023-01-12 00:00:00,out,B6,ORD_0264
LOG_00265,ITEM_0818,2023-01-12 01:00:00,in,B16,ORD_0265
LOG_00266,ITEM_0488,2023-01-12 02:00:00,out,B19,ORD_0266
LOG_00267,ITEM_0597,2023-01-12 03:00:00,in,B7,ORD_0267
LOG_00268,ITEM_0458,2023-01-12 04:00:00,in,B15,ORD_0268
LOG_00269,ITEM_0183,2023-01-12 05:00:00,out,B19,ORD_0269
LOG_00270,ITEM_0003,2023-01-12 06:00:00,in,B15,ORD_0270
LOG_00271,ITEM_0662,2023-01-12 07:00:00,in,B5,ORD_0271
LOG_00272,ITEM_0055,2023-01-12 08:00:00,out,B19,ORD_0272
LOG_00273,ITEM_0887,2023-01-12 09:00:00,in,B19,ORD_0273
LOG_00274,ITEM_0855,2023-01-12 10:00:00,out,B3,ORD_0274
LOG_00275,ITEM_0769,2023-01-12 11:00:00,in,B15,ORD_0275
LOG_00276,ITEM_0509,2023-01-12 12:00:00,out,B2,ORD_0276
LOG_00277,ITEM_0769,2023-01-12 13:00:00,in,B20,ORD_0277
LOG_00278,ITEM_0427,2023-01-12 14:00:00,out,B20,ORD_0278
LOG_00279,ITEM_0517,2023-01-12 15:00:00,out,B7,ORD_0279
LOG_00280,ITEM_0812,2023-01-12 16:00:00,in,B3,ORD_0280
LOG_00281,ITEM_0705,2023-01-12 17:00:00,out,B4,ORD_0281
LOG_00282,ITEM_0930,2023-01-12 18:00:00,out,B8,ORD_0282
LOG_00283,ITEM_0688,2023-01-12 19:00:00,in,B20,ORD_0283
LOG_00284,ITEM_0825,2023-01-12 20:00:00,out,B8,ORD_0284
LOG_00285,ITEM_0847,2023-01-12 21:00:00,in,B2,ORD_0285
LOG_00286,ITEM_0645,2023-01-12 22:00:00,out,B12,ORD_0286
LOG_00287,ITEM_0797,2023-01-12 23:00:00,in,B3,ORD_0287
LOG_00288,ITEM_0849,2023-01-13 00:00:00,out,B19,ORD_0288
LOG_00289,ITEM_0086,2023-01-13 01:00:00,in,B12,ORD_0289
LOG_00290,ITEM_0289,2023-01-13 02:00:00,in,B20,ORD_0290
LOG_00291,ITEM_0742,2023-01-13 03:00:00,out,B14,ORD_0291
LOG_00292,ITEM_0398,2023-01-13 04:00:00,out,B20,ORD_0292
LOG_00293,ITEM_0239,2023-01-13 05:00:00,in,B1,ORD_0293
LOG_00294,ITEM_0361,2023-01-13 06:00:00,in,B8,ORD_0294
LOG_00295,ITEM_0384,2023-01-13 07:00:00,out,B13,ORD_0295
LOG_00296,ITEM_0184,2023-01-13 08:00:00,out,B14,ORD_0296
LOG_00297,ITEM_0806,2023-01-13 09:00:00,out,B4,ORD_0297
LOG_00298,ITEM_0823,2023-01-13 10:00:00,out,B15,ORD_0298
LOG_00299,ITEM_0280,2023-01-13 11:00:00,in,B6,ORD_0299
LOG_00300,ITEM_0651,2023-01-13 12:00:00,in,B14,ORD_0300
LOG_00301,ITEM_0284,2023-01-13 13:00:00,in,B10,ORD_0301
LOG_00302,ITEM_0195,2023-01-13 14:00:00,out,B15,ORD_0302
LOG_00303,ITEM_0463,2023-01-13 15:00:00,in,B4,ORD_0303
LOG_00304,ITEM_0796,2023-01-13 16:00:00,out,B10,ORD_0304
LOG_00305,ITEM_0785,2023-01-13 17:00:00,in,B8,ORD_0305
LOG_00306,ITEM_0305,2023-01-13 18:00:00,out,B10,ORD_0306
LOG_00307,ITEM_0087,2023-01-13 19:00:00,out,B20,ORD_0307
LOG_00308,ITEM_0719,2023-01-13 20:00:00,in,B18,ORD_0308
LOG_00309,ITEM_0652,2023-01-13 21:00:00,out,B1,ORD_0309
LOG_00310,ITEM_0690,2023-01-13 22:00:00,in,B15,ORD_0310
LOG_00311,ITEM_0578,2023-01-13 23:00:00,in,B12,ORD_0311
LOG_00312,ITEM_0494,2023-01-14 00:00:00,out,B7,ORD_0312
LOG_00313,ITEM_0523,2023-01-14 01:00:00,in,B9,ORD_0313
LOG_00314,ITEM_0013,2023-01-14 02:00:00,in,B8,ORD_0314
LOG_00315,ITEM_0323,2023-01-14 03:00:00,out,B15,ORD_0315
LOG_00316,ITEM_0137,2023-01-14 04:00:00,in,B12,ORD_0316
LOG_00317,ITEM_0471,2023-01-14 05:00:00,in,B6,ORD_0317
LOG_00318,ITEM_0291,2023-01-14 06:00:00,out,B15,ORD_0318
LOG_00319,ITEM_0742,2023-01-14 07:00:00,in,B13,ORD_0319
LOG_00320,ITEM_0753,2023-01-14 08:00:00,out,B7,ORD_0320
LOG_00321,ITEM_0124,2023-01-14 09:00:00,out,B7,ORD_0321
LOG_00322,ITEM_0344,2023-01-14 10:00:00,out,B4,ORD_0322
LOG_00323,ITEM_0288,2023-01-14 11:00:00,in,B10,ORD_0323
LOG_00324,ITEM_0631,2023-01-14 12:00:00,in,B6,ORD_0324
LOG_00325,ITEM_0543,2023-01-14 13:00:00,in,B3,ORD_0325
LOG_00326,ITEM_0398,2023-01-14 14:00:00,in,B7,ORD_0326
LOG_00327,ITEM_0060,2023-01-14 15:00:00,out,B15,ORD_0327
LOG_00328,ITEM_0536,2023-01-14 16:00:00,in,B19,ORD_0328
LOG_00329,ITEM_0508,2023-01-14 17:00:00,out,B19,ORD_0329
LOG_00330,ITEM_0309,2023-01-14 18:00:00,out,B8,ORD_0330
LOG_00331,ITEM_0521,2023-01-14 19:00:00,out,B8,ORD_0331
LOG_00332,ITEM_0388,2023-01-14 20:00:00,in,B20,ORD_0332
LOG_00333,ITEM_0930,2023-01-14 21:00:00,in,B1,ORD_0333
LOG_00334,ITEM_0208,2023-01-14 22:00:00,out,B18,ORD_0334
LOG_00335,ITEM_0484,2023-01-14 23:00:00,in,B20,ORD_0335
LOG_00336,ITEM_0130,2023-01-15 00:00:00,out,B17,ORD_0336
LOG_00337,ITEM_0258,2023-01-15 01:00:00,out,B5,ORD_0337
LOG_00338,ITEM_0860,2023-01-15 02:00:00,out,B15,ORD_0338
LOG_00339,ITEM_0278,2023-01-15 03:00:00,out,B15,ORD_0339
LOG_00340,ITEM_0224,2023-01-15 04:00:00,in,B12,ORD_0340
LOG_00341,ITEM_0637,2023-01-15 05:00:00,out,B9,ORD_0341
LOG_00342,ITEM_0325,2023-01-15 06:00:00,out,B9,ORD_0342
LOG_00343,ITEM_0974,2023-01-15 07:00:00,out,B3,ORD_0343
LOG_00344,ITEM_0524,2023-01-15 08:00:00,out,B19,ORD_0344
LOG_00345,ITEM_0161,2023-01-15 09:00:00,in,B5,ORD_0345
LOG_00346,ITEM_0864,2023-01-15 10:00:00,in,B18,ORD_0346
LOG_00347,ITEM_0450,2023-01-15 11:00:00,out,B17,ORD_0347
LOG_00348,ITEM_0607,2023-01-15 12:00:00,out,B14,ORD_0348
LOG_00349,ITEM_0972,2023-01-15 13:00:00,in,B17,ORD_0349
LOG_00350,ITEM_0978,2023-01-15 14:00:00,out,B17,ORD_0350
LOG_00351,ITEM_0783,2023-01-15 15:00:00,out,B16,ORD_0351
LOG_00352,ITEM_0663,2023-01-15 16:00:00,in,B14,ORD_0352
LOG_00353,ITEM_0589,2023-01-15 17:00:00,in,B17,ORD_0353
LOG_00354,ITEM_0019,2023-01-15 18:00:00,out,B17,ORD_0354
LOG_00355,ITEM_0012,2023-01-15 19:00:00,out,B2,ORD_0355
LOG_00356,ITEM_0397,2023-01-15 20:00:00,in,B3,ORD_0356
LOG_00357,ITEM_0937,2023-01-15 21:00:00,out,B20,ORD_0357
LOG_00358,ITEM_0421,2023-01-15 22:00:00,out,B12,ORD_0358
LOG_00359,ITEM_0280,2023-01-15 23:00:00,out,B19,ORD_0359
LOG_00360,ITEM_0570,2023-01-16 00:00:00,out,B7,ORD_0360
LOG_00361,ITEM_0249,2023-01-16 01:00:00,out,B17,ORD_0361
LOG_00362,ITEM_0217,2023-01-16 02:00:00,in,B18,ORD_0362
LOG_00363,ITEM_0069,2023-01-16 03:00:00,in,B14,ORD_0363
LOG_00364,ITEM_0961,2023-01-16 04:00:00,in,B2,ORD_0364
LOG_00365,ITEM_0154,2023-01-16 05:00:00,in,B11,ORD_0365
LOG_00366,ITEM_0160,2023-01-16 06:00:00,out,B12,ORD_0366
LOG_00367,ITEM_0474,2023-01-16 07:00:00,in,B18,ORD_0367
LOG_00368,ITEM_0344,2023-01-16 08:00:00,out,B5,ORD_0368
LOG_00369,ITEM_0977,2023-01-16 09:00:00,in,B11,ORD_0369
LOG_00370,ITEM_0882,2023-01-16 10:00:00,out,B19,ORD_0370
LOG_00371,ITEM_0166,2023-01-16 11:00:00,out,B3,ORD_0371
LOG_00372,ITEM_0587,2023-01-16 12:00:00,in,B12,ORD_0372
LOG_00373,ITEM_0176,2023-01-16 13:00:00,out,B8,ORD_0373
LOG_00374,ITEM_0616,2023-01-16 14:00:00,out,B3,ORD_0374
LOG_00375,ITEM_0563,2023-01-16 15:00:00,in,B4,ORD_0375
LOG_00376,ITEM_0825,2023-01-16 16:00:00,in,B18,ORD_0376
LOG_00377,ITEM_0146,2023-01-16 17:00:00,out,B7,ORD_0377
LOG_00378,ITEM_0296,2023-01-16 18:00:00,out,B4,ORD_0378
LOG_00379,ITEM_0905,2023-01-16 19:00:00,in,B3,ORD_0379
LOG_00380,ITEM_0050,2023-01-16 20:00:00,in,B11,ORD_0380
LOG_00381,ITEM_0606,2023-01-16 21:00:00,in,B19,ORD_0381
LOG_00382,ITEM_0525,2023-01-16 22:00:00,in,B1,ORD_0382
LOG_00383,ITEM_0816,2023-01-16 23:00:00,in,B7,ORD_0383
LOG_00384,ITEM_0261,2023-01-17 00:00:00,in,B2,ORD_0384
LOG_00385,ITEM_0549,2023-01-17 01:00:00,in,B14,ORD_0385
LOG_00386,ITEM_0408,2023-01-17 02:00:00,in,B17,ORD_0386
LOG_00387,ITEM_0777,2023-01-17 03:00:00,in,B6,ORD_0387
LOG_00388,ITEM_0198,2023-01-17 04:00:00,in,B13,ORD_0388
LOG_00389,ITEM_0578,2023-01-17 05:00:00,out,B19,ORD_0389
LOG_00390,ITEM_0950,2023-01-17 06:00:00,in,B2,ORD_0390
LOG_00391,ITEM_0141,2023-01-17 07:00:00,out,B4,ORD_0391
LOG_00392,ITEM_0084,2023-01-17 08:00:00,in,B7,ORD_0392
LOG_00393,ITEM_0811,2023-01-17 09:00:00,in,B3,ORD_0393
LOG_00394,ITEM_0456,2023-01-17 10:00:00,out,B20,ORD_0394
LOG_00395,ITEM_0229,2023-01-17 11:00:00,out,B14,ORD_0395
LOG_00396,ITEM_0585,2023-01-17 12:00:00,out,B8,ORD_0396
LOG_00397,ITEM_0162,2023-01-17 13:00:00,in,B11,ORD_0397
LOG_00398,ITEM_0507,2023-01-17 14:00:00,in,B12,ORD_0398
LOG_00399,ITEM_0120,2023-01-17 15:00:00,out,B4,ORD_0399
LOG_00400,ITEM_0629,2023-01-17 16:00:00,out,B16,ORD_0400
LOG_00401,ITEM_0495,2023-01-17 17:00:00,out,B7,ORD_0401
LOG_00402,ITEM_0246,2023-01-17 18:00:00,out,B13,ORD_0402
LOG_00403,ITEM_0161,2023-01-17 19:00:00,in,B16,ORD_0403
LOG_00404,ITEM_0550,2023-01-17 20:00:00,out,B13,ORD_0404
LOG_00405,ITEM_0698,2023-01-17 21:00:00,out,B16,ORD_0405
LOG_00406,ITEM_0865,2023-01-17 22:00:00,in,B12,ORD_0406
LOG_00407,ITEM_0437,2023-01-17 23:00:00,in,B6,ORD_0407
LOG_00408,ITEM_0148,2023-01-18 00:00:00,out,B4,ORD_0408
LOG_00409,ITEM_0864,2023-01-18 01:00:00,in,B17,ORD_0409
LOG_00410,ITEM_0780,2023-01-18 02:00:00,in,B9,ORD_0410
LOG_00411,ITEM_0380,2023-01-18 03:00:00,in,B9,ORD_0411
LOG_00412,ITEM_0257,2023-01-18 04:00:00,out,B18,ORD_0412
LOG_00413,ITEM_0707,2023-01-18 05:00:00,in,B5,ORD_0413
LOG_00414,ITEM_0078,2023-01-18 06:00:00,in,B9,ORD_0414
LOG_00415,ITEM_0701,2023-01-18 07:00:00,in,B18,ORD_0415
LOG_00416,ITEM_0838,2023-01-18 08:00:00,in,B3,ORD_0416
LOG_00417,ITEM_0327,2023-01-18 09:00:00,out,B17,ORD_0417
LOG_00418,ITEM_0845,2023-01-18 10:00:00,in,B17,ORD_0418
LOG_00419,ITEM_0383,2023-01-18 11:00:00,out,B16,ORD_0419
LOG_00420,ITEM_0742,2023-01-18 12:00:00,out,B9,ORD_0420
LOG_00421,ITEM_0555,2023-01-18 13:00:00,out,B17,ORD_0421
LOG_00422,ITEM_0418,2023-01-18 14:00:00,in,B16,ORD_0422
LOG_00423,ITEM_0224,2023-01-18 15:00:00,in,B8,ORD_0423
LOG_00424,ITEM_0886,2023-01-18 16:00:00,in,B10,ORD_0424
LOG_00425,ITEM_0730,2023-01-18 17:00:00,out,B11,ORD_0425
LOG_00426,ITEM_0557,2023-01-18 18:00:00,out,B19,ORD_0426
LOG_00427,ITEM_0189,2023-01-18 19:00:00,in,B17,ORD_0427
LOG_00428,ITEM_0612,2023-01-18 20:00:00,out,B10,ORD_0428
LOG_00429,ITEM_0326,2023-01-18 21:00:00,out,B1,ORD_0429
LOG_00430,ITEM_0568,2023-01-18 22:00:00,out,B4,ORD_0430
LOG_00431,ITEM_0288,2023-01-18 23:00:00,in,B3,ORD_0431
LOG_00432,ITEM_0965,2023-01-19 00:00:00,out,B17,ORD_0432
LOG_00433,ITEM_0158,2023-01-19 01:00:00,out,B9,ORD_0433
LOG_00434,ITEM_0098,2023-01-19 02:00:00,in,B6,ORD_0434
LOG_00435,ITEM_0216,2023-01-19 03:00:00,out,B15,ORD_0435
LOG_00436,ITEM_0793,2023-01-19 04:00:00,in,B9,ORD_0436
LOG_00437,ITEM_0754,2023-01-19 05:00:00,in,B17,ORD_0437
LOG_00438,ITEM_0129,2023-01-19 06:00:00,out,B14,ORD_0438
LOG_00439,ITEM_0536,2023-01-19 07:00:00,out,B5,ORD_0439
LOG_00440,ITEM_0676,2023-01-19 08:00:00,out,B2,ORD_0440
LOG_00441,ITEM_0437,2023-01-19 09:00:00,out,B9,ORD_0441
LOG_00442,ITEM_0343,2023-01-19 10:00:00,in,B20,ORD_0442
LOG_00443,ITEM_0070,2023-01-19 11:00:00,in,B20,ORD_0443
LOG_00444,ITEM_0566,2023-01-19 12:00:00,out,B9,ORD_0444
LOG_00445,ITEM_0288,2023-01-19 13:00:00,in,B14,ORD_0445
LOG_00446,ITEM_0899,2023-01-19 14:00:00,in,B6,ORD_0446
LOG_00447,ITEM_0223,2023-01-19 15:00:00,out,B19,ORD_0447
LOG_00448,ITEM_0507,2023-01-19 16:00:00,out,B20,ORD_0448
LOG_00449,ITEM_0330,2023-01-19 17:00:00,in,B2,ORD_0449
LOG_00450,ITEM_0655,2023-01-19 18:00:00,out,B5,ORD_0450
LOG_00451,ITEM_0372,2023-01-19 19:00:00,out,B19,ORD_0451
LOG_00452,ITEM_0802,2023-01-19 20:00:00,out,B8,ORD_0452
LOG_00453,ITEM_0081,2023-01-19 21:00:00,out,B2,ORD_0453
LOG_00454,ITEM_0431,2023-01-19 22:00:00,in,B4,ORD_0454
LOG_00455,ITEM_0151,2023-01-19 23:00:00,in,B11,ORD_0455
LOG_00456,ITEM_0559,2023-01-20 00:00:00,in,B6,ORD_0456
LOG_00457,ITEM_0850,2023-01-20 01:00:00,in,B19,ORD_0457
LOG_00458,ITEM_0540,2023-01-20 02:00:00,out,B20,ORD_0458
LOG_00459,ITEM_0073,2023-01-20 03:00:00,in,B7,ORD_0459
LOG_00460,ITEM_0981,2023-01-20 04:00:00,in,B9,ORD_0460
LOG_00461,ITEM_0120,2023-01-20 05:00:00,in,B11,ORD_0461
LOG_00462,ITEM_0153,2023-01-20 06:00:00,in,B12,ORD_0462
LOG_00463,ITEM_0928,2023-01-20 07:00:00,out,B19,ORD_0463
LOG_00464,ITEM_0059,2023-01-20 08:00:00,in,B18,ORD_0464
LOG_00465,ITEM_0418,2023-01-20 09:00:00,in,B15,ORD_0465
LOG_00466,ITEM_0173,2023-01-20 10:00:00,in,B10,ORD_0466
LOG_00467,ITEM_0470,2023-01-20 11:00:00,in,B8,ORD_0467
LOG_00468,ITEM_0483,2023-01-20 12:00:00,in,B13,ORD_0468
LOG_00469,ITEM_0477,2023-01-20 13:00:00,in,B13,ORD_0469
LOG_00470,ITEM_0184,2023-01-20 14:00:00,in,B12,ORD_0470
LOG_00471,ITEM_0577,2023-01-20 15:00:00,in,B1,ORD_0471
LOG_00472,ITEM_0428,2023-01-20 16:00:00,in,B20,ORD_0472
LOG_00473,ITEM_0073,2023-01-20 17:00:00,in,B1,ORD_0473
LOG_00474,ITEM_0181,2023-01-20 18:00:00,out,B11,ORD_0474
LOG_00475,ITEM_0279,2023-01-20 19:00:00,in,B7,ORD_0475
LOG_00476,ITEM_0407,2023-01-20 20:00:00,out,B6,ORD_0476
LOG_00477,ITEM_0035,2023-01-20 21:00:00,in,B11,ORD_0477
LOG_00478,ITEM_0605,2023-01-20 22:00:00,out,B3,ORD_0478
LOG_00479,ITEM_0396,2023-01-20 23:00:00,out,B5,ORD_0479
LOG_00480,ITEM_0957,2023-01-21 00:00:00,out,B8,ORD_0480
LOG_00481,ITEM_0526,2023-01-21 01:00:00,in,B20,ORD_0481
LOG_00482,ITEM_0872,2023-01-21 02:00:00,out,B16,ORD_0482
LOG_00483,ITEM_0567,2023-01-21 03:00:00,out,B18,ORD_0483
LOG_00484,ITEM_0617,2023-01-21 04:00:00,in,B12,ORD_0484
LOG_00485,ITEM_0420,2023-01-21 05:00:00,in,B4,ORD_0485
LOG_00486,ITEM_0568,2023-01-21 06:00:00,in,B20,ORD_0486
LOG_00487,ITEM_0425,2023-01-21 07:00:00,out,B10,ORD_0487
LOG_00488,ITEM_0452,2023-01-21 08:00:00,out,B4,ORD_0488
LOG_00489,ITEM_0711,2023-01-21 09:00:00,out,B4,ORD_0489
LOG_00490,ITEM_0518,2023-01-21 10:00:00,out,B3,ORD_0490
LOG_00491,ITEM_0904,2023-01-21 11:00:00,in,B13,ORD_0491
LOG_00492,ITEM_0284,2023-01-21 12:00:00,out,B3,ORD_0492
LOG_00493,ITEM_0467,2023-01-21 13:00:00,in,B1,ORD_0493
LOG_00494,ITEM_0785,2023-01-21 14:00:00,out,B6,ORD_0494
LOG_00495,ITEM_0908,2023-01-21 15:00:00,in,B20,ORD_0495
LOG_00496,ITEM_0632,2023-01-21 16:00:00,in,B13,ORD_0496
LOG_00497,ITEM_0878,2023-01-21 17:00:00,out,B15,ORD_0497
LOG_00498,ITEM_0720,2023-01-21 18:00:00,out,B11,ORD_0498
LOG_00499,ITEM_0754,2023-01-21 19:00:00,out,B15,ORD_0499
LOG_00500,ITEM_0968,2023-01-21 20:00:00,in,B19,ORD_0500
LOG_00501,ITEM_0715,2023-01-21 21:00:00,in,B8,ORD_0501
LOG_00502,ITEM_0193,2023-01-21 22:00:00,out,B11,ORD_0502
LOG_00503,ITEM_0722,2023-01-21 23:00:00,out,B1,ORD_0503
LOG_00504,ITEM_0259,2023-01-22 00:00:00,in,B8,ORD_0504
LOG_00505,ITEM_0204,2023-01-22 01:00:00,out,B7,ORD_0505
LOG_00506,ITEM_0462,2023-01-22 02:00:00,in,B16,ORD_0506
LOG_00507,ITEM_0630,2023-01-22 03:00:00,in,B4,ORD_0507
LOG_00508,ITEM_0650,2023-01-22 04:00:00,in,B18,ORD_0508
LOG_00509,ITEM_0464,2023-01-22 05:00:00,in,B8,ORD_0509
LOG_00510,ITEM_0681,2023-01-22 06:00:00,out,B5,ORD_0510
LOG_00511,ITEM_0934,2023-01-22 07:00:00,in,B1,ORD_0511
LOG_00512,ITEM_0791,2023-01-22 08:00:00,in,B16,ORD_0512
LOG_00513,ITEM_0978,2023-01-22 09:00:00,in,B11,ORD_0513
LOG_00514,ITEM_0835,2023-01-22 10:00:00,out,B15,ORD_0514
LOG_00515,ITEM_0301,2023-01-22 11:00:00,out,B18,ORD_0515
LOG_00516,ITEM_0792,2023-01-22 12:00:00,in,B9,ORD_0516
LOG_00517,ITEM_0121,2023-01-22 13:00:00,in,B20,ORD_0517
LOG_00518,ITEM_0661,2023-01-22 14:00:00,in,B19,ORD_0518
LOG_00519,ITEM_0985,2023-01-22 15:00:00,out,B11,ORD_0519
LOG_00520,ITEM_0580,2023-01-22 16:00:00,out,B3,ORD_0520
LOG_00521,ITEM_0915,2023-01-22 17:00:00,in,B20,ORD_0521
LOG_00522,ITEM_0342,2023-01-22 18:00:00,in,B8,ORD_0522
LOG_00523,ITEM_0650,2023-01-22 19:00:00,out,B16,ORD_0523
LOG_00524,ITEM_0101,2023-01-22 20:00:00,in,B13,ORD_0524
LOG_00525,ITEM_0388,2023-01-22 21:00:00,out,B1,ORD_0525
LOG_00526,ITEM_0239,2023-01-22 22:00:00,out,B13,ORD_0526
LOG_00527,ITEM_0136,2023-01-22 23:00:00,out,B2,ORD_0527
LOG_00528,ITEM_0807,2023-01-23 00:00:00,out,B13,ORD_0528
LOG_00529,ITEM_0837,2023-01-23 01:00:00,out,B17,ORD_0529
LOG_00530,ITEM_0004,2023-01-23 02:00:00,out,B15,ORD_0530
LOG_00531,ITEM_0640,2023-01-23 03:00:00,out,B14,ORD_0531
LOG_00532,ITEM_0358,2023-01-23 04:00:00,in,B1,ORD_0532
LOG_00533,ITEM_0363,2023-01-23 05:00:00,in,B13,ORD_0533
LOG_00534,ITEM_0809,2023-01-23 06:00:00,out,B20,ORD_0534
LOG_00535,ITEM_0988,2023-01-23 07:00:00,in,B19,ORD_0535
LOG_00536,ITEM_0106,2023-01-23 08:00:00,out,B2,ORD_0536
LOG_00537,ITEM_0924,2023-01-23 09:00:00,in,B11,ORD_0537
LOG_00538,ITEM_0525,2023-01-23 10:00:00,in,B16,ORD_0538
LOG_00539,ITEM_0646,2023-01-23 11:00:00,in,B4,ORD_0539
LOG_00540,ITEM_0582,2023-01-23 12:00:00,in,B17,ORD_0540
LOG_00541,ITEM_0585,2023-01-23 13:00:00,out,B8,ORD_0541
LOG_00542,ITEM_0454,2023-01-23 14:00:00,in,B6,ORD_0542
LOG_00543,ITEM_0608,2023-01-23 15:00:00,out,B17,ORD_0543
LOG_00544,ITEM_0168,2023-01-23 16:00:00,out,B9,ORD_0544
LOG_00545,ITEM_0281,2023-01-23 17:00:00,in,B18,ORD_0545
LOG_00546,ITEM_0174,2023-01-23 18:00:00,out,B13,ORD_0546
LOG_00547,ITEM_0030,2023-01-23 19:00:00,out,B12,ORD_0547
LOG_00548,ITEM_0900,2023-01-23 20:00:00,out,B10,ORD_0548
LOG_00549,ITEM_0016,2023-01-23 21:00:00,out,B2,ORD_0549
LOG_00550,ITEM_0175,2023-01-23 22:00:00,in,B13,ORD_0550
LOG_00551,ITEM_0080,2023-01-23 23:00:00,in,B13,ORD_0551
LOG_00552,ITEM_0789,2023-01-24 00:00:00,in,B17,ORD_0552
LOG_00553,ITEM_0756,2023-01-24 01:00:00,in,B20,ORD_0553
LOG_00554,ITEM_0176,2023-01-24 02:00:00,in,B17,ORD_0554
LOG_00555,ITEM_0187,2023-01-24 03:00:00,out,B7,ORD_0555
LOG_00556,ITEM_0475,2023-01-24 04:00:00,out,B10,ORD_0556
LOG_00557,ITEM_0634,2023-01-24 05:00:00,out,B8,ORD_0557
LOG_00558,ITEM_0129,2023-01-24 06:00:00,out,B13,ORD_0558
LOG_00559,ITEM_0792,2023-01-24 07:00:00,out,B6,ORD_0559
LOG_00560,ITEM_0428,2023-01-24 08:00:00,in,B20,ORD_0560
LOG_00561,ITEM_0251,2023-01-24 09:00:00,in,B15,ORD_0561
LOG_00562,ITEM_0191,2023-01-24 10:00:00,in,B1,ORD_0562
LOG_00563,ITEM_0241,2023-01-24 11:00:00,out,B14,ORD_0563
LOG_00564,ITEM_0150,2023-01-24 12:00:00,in,B19,ORD_0564
LOG_00565,ITEM_0839,2023-01-24 13:00:00,in,B18,ORD_0565
LOG_00566,ITEM_0439,2023-01-24 14:00:00,out,B2,ORD_0566
LOG_00567,ITEM_0278,2023-01-24 15:00:00,in,B13,ORD_0567
LOG_00568,ITEM_0410,2023-01-24 16:00:00,out,B5,ORD_0568
LOG_00569,ITEM_0694,2023-01-24 17:00:00,out,B8,ORD_0569
LOG_00570,ITEM_0211,2023-01-24 18:00:00,out,B3,ORD_0570
LOG_00571,ITEM_0367,2023-01-24 19:00:00,in,B10,ORD_0571
LOG_00572,ITEM_0302,2023-01-24 20:00:00,in,B18,ORD_0572
LOG_00573,ITEM_0467,2023-01-24 21:00:00,out,B16,ORD_0573
LOG_00574,ITEM_0590,2023-01-24 22:00:00,in,B4,ORD_0574
LOG_00575,ITEM_0929,2023-01-24 23:00:00,in,B5,ORD_0575
LOG_00576,ITEM_0141,2023-01-25 00:00:00,out,B5,ORD_0576
LOG_00577,ITEM_0185,2023-01-25 01:00:00,out,B10,ORD_0577
LOG_00578,ITEM_0044,2023-01-25 02:00:00,out,B10,ORD_0578
LOG_00579,ITEM_0795,2023-01-25 03:00:00,out,B19,ORD_0579
LOG_00580,ITEM_0830,2023-01-25 04:00:00,in,B17,ORD_0580
LOG_00581,ITEM_0155,2023-01-25 05:00:00,out,B15,ORD_0581
LOG_00582,ITEM_0606,2023-01-25 06:00:00,out,B16,ORD_0582
LOG_00583,ITEM_0257,2023-01-25 07:00:00,in,B3,ORD_0583
LOG_00584,ITEM_0091,2023-01-25 08:00:00,out,B16,ORD_0584
LOG_00585,ITEM_0460,2023-01-25 09:00:00,in,B15,ORD_0585
LOG_00586,ITEM_0588,2023-01-25 10:00:00,out,B5,ORD_0586
LOG_00587,ITEM_0223,2023-01-25 11:00:00,in,B14,ORD_0587
LOG_00588,ITEM_0639,2023-01-25 12:00:00,out,B9,ORD_0588
LOG_00589,ITEM_0364,2023-01-25 13:00:00,out,B11,ORD_0589
LOG_00590,ITEM_0755,2023-01-25 14:00:00,in,B18,ORD_0590
LOG_00591,ITEM_0324,2023-01-25 15:00:00,out,B6,ORD_0591
LOG_00592,ITEM_0305,2023-01-25 16:00:00,out,B16,ORD_0592
LOG_00593,ITEM_0228,2023-01-25 17:00:00,in,B2,ORD_0593
LOG_00594,ITEM_0318,2023-01-25 18:00:00,in,B8,ORD_0594
LOG_00595,ITEM_0992,2023-01-25 19:00:00,out,B17,ORD_0595
LOG_00596,ITEM_0336,2023-01-25 20:00:00,in,B7,ORD_0596
LOG_00597,ITEM_0806,2023-01-25 21:00:00,out,B16,ORD_0597
LOG_00598,ITEM_0172,2023-01-25 22:00:00,in,B14,ORD_0598
LOG_00599,ITEM_0267,2023-01-25 23:00:00,in,B8,ORD_0599
LOG_00600,ITEM_0166,2023-01-26 00:00:00,out,B6,ORD_0600
LOG_00601,ITEM_0606,2023-01-26 01:00:00,in,B5,ORD_0601
LOG_00602,ITEM_0092,2023-01-26 02:00:00,in,B20,ORD_0602
LOG_00603,ITEM_0914,2023-01-26 03:00:00,in,B3,ORD_0603
LOG_00604,ITEM_0078,2023-01-26 04:00:00,out,B15,ORD_0604
LOG_00605,ITEM_0487,2023-01-26 05:00:00,out,B10,ORD_0605
LOG_00606,ITEM_0531,2023-01-26 06:00:00,out,B10,ORD_0606
LOG_00607,ITEM_0704,2023-01-26 07:00:00,in,B11,ORD_0607
LOG_00608,ITEM_0452,2023-01-26 08:00:00,out,B2,ORD_0608
LOG_00609,ITEM_0832,2023-01-26 09:00:00,in,B6,ORD_0609
LOG_00610,ITEM_0349,2023-01-26 10:00:00,in,B3,ORD_0610
LOG_00611,ITEM_0835,2023-01-26 11:00:00,in,B18,ORD_0611
LOG_00612,ITEM_0240,2023-01-26 12:00:00,in,B6,ORD_0612
LOG_00613,ITEM_0433,2023-01-26 13:00:00,out,B1,ORD_0613
LOG_00614,ITEM_0621,2023-01-26 14:00:00,out,B5,ORD_0614
LOG_00615,ITEM_0140,2023-01-26 15:00:00,out,B15,ORD_0615
LOG_00616,ITEM_0348,2023-01-26 16:00:00,out,B10,ORD_0616
LOG_00617,ITEM_0370,2023-01-26 17:00:00,out,B6,ORD_0617
LOG_00618,ITEM_0409,2023-01-26 18:00:00,in,B10,ORD_0618
LOG_00619,ITEM_0697,2023-01-26 19:00:00,out,B4,ORD_0619
LOG_00620,ITEM_0316,2023-01-26 20:00:00,in,B7,ORD_0620
LOG_00621,ITEM_0644,2023-01-26 21:00:00,out,B13,ORD_0621
LOG_00622,ITEM_0642,2023-01-26 22:00:00,out,B11,ORD_0622
LOG_00623,ITEM_0411,2023-01-26 23:00:00,out,B7,ORD_0623
LOG_00624,ITEM_0440,2023-01-27 00:00:00,in,B16,ORD_0624
LOG_00625,ITEM_0957,2023-01-27 01:00:00,out,B9,ORD_0625
LOG_00626,ITEM_0076,2023-01-27 02:00:00,in,B11,ORD_0626
LOG_00627,ITEM_0914,2023-01-27 03:00:00,in,B19,ORD_0627
LOG_00628,ITEM_0970,2023-01-27 04:00:00,in,B4,ORD_0628
LOG_00629,ITEM_0999,2023-01-27 05:00:00,out,B11,ORD_0629
LOG_00630,ITEM_0723,2023-01-27 06:00:00,out,B3,ORD_0630
LOG_00631,ITEM_0598,2023-01-27 07:00:00,out,B18,ORD_0631
LOG_00632,ITEM_0609,2023-01-27 08:00:00,in,B20,ORD_0632
LOG_00633,ITEM_0511,2023-01-27 09:00:00,in,B9,ORD_0633
LOG_00634,ITEM_0847,2023-01-27 10:00:00,in,B4,ORD_0634
LOG_00635,ITEM_0694,2023-01-27 11:00:00,in,B8,ORD_0635
LOG_00636,ITEM_0279,2023-01-27 12:00:00,out,B18,ORD_0636
LOG_00637,ITEM_0651,2023-01-27 13:00:00,out,B18,ORD_0637
LOG_00638,ITEM_0560,2023-01-27 14:00:00,in,B17,ORD_0638
LOG_00639,ITEM_0565,2023-01-27 15:00:00,in,B4,ORD_0639
LOG_00640,ITEM_0975,2023-01-27 16:00:00,out,B18,ORD_0640
LOG_00641,ITEM_0942,2023-01-27 17:00:00,in,B20,ORD_0641
LOG_00642,ITEM_0442,2023-01-27 18:00:00,in,B19,ORD_0642
LOG_00643,ITEM_0436,2023-01-27 19:00:00,in,B8,ORD_0643
LOG_00644,ITEM_0088,2023-01-27 20:00:00,in,B8,ORD_0644
LOG_00645,ITEM_0017,2023-01-27 21:00:00,in,B9,ORD_0645
LOG_00646,ITEM_0036,2023-01-27 22:00:00,out,B15,ORD_0646
LOG_00647,ITEM_0681,2023-01-27 23:00:00,out,B16,ORD_0647
LOG_00648,ITEM_0540,2023-01-28 00:00:00,in,B8,ORD_0648
LOG_00649,ITEM_0202,2023-01-28 01:00:00,out,B5,ORD_0649
LOG_00650,ITEM_0501,2023-01-28 02:00:00,in,B17,ORD_0650
LOG_00651,ITEM_0632,2023-01-28 03:00:00,out,B2,ORD_0651
LOG_00652,ITEM_0394,2023-01-28 04:00:00,out,B5,ORD_0652
LOG_00653,ITEM_0923,2023-01-28 05:00:00,in,B13,ORD_0653
LOG_00654,ITEM_0443,2023-01-28 06:00:00,in,B9,ORD_0654
LOG_00655,ITEM_0337,2023-01-28 07:00:00,out,B19,ORD_0655
LOG_00656,ITEM_0042,2023-01-28 08:00:00,out,B9,ORD_0656
LOG_00657,ITEM_0311,2023-01-28 09:00:00,in,B13,ORD_0657
LOG_00658,ITEM_0402,2023-01-28 10:00:00,in,B10,ORD_0658
LOG_00659,ITEM_0051,2023-01-28 11:00:00,out,B14,ORD_0659
LOG_00660,ITEM_0691,2023-01-28 12:00:00,out,B13,ORD_0660
LOG_00661,ITEM_0371,2023-01-28 13:00:00,in,B3,ORD_0661
LOG_00662,ITEM_0862,2023-01-28 14:00:00,out,B17,ORD_0662
LOG_00663,ITEM_0329,2023-01-28 15:00:00,out,B9,ORD_0663
LOG_00664,ITEM_0492,2023-01-28 16:00:00,in,B9,ORD_0664
LOG_00665,ITEM_0362,2023-01-28 17:00:00,in,B14,ORD_0665
LOG_00666,ITEM_0971,2023-01-28 18:00:00,in,B20,ORD_0666
LOG_00667,ITEM_0533,2023-01-28 19:00:00,out,B4,ORD_0667
LOG_00668,ITEM_0271,2023-01-28 20:00:00,in,B20,ORD_0668
LOG_00669,ITEM_0599,2023-01-28 21:00:00,out,B2,ORD_0669
LOG_00670,ITEM_0369,2023-01-28 22:00:00,out,B7,ORD_0670
LOG_00671,ITEM_0772,2023-01-28 23:00:00,out,B3,ORD_0671
LOG_00672,ITEM_0725,2023-01-29 00:00:00,out,B8,ORD_0672
LOG_00673,ITEM_0619,2023-01-29 01:00:00,out,B9,ORD_0673
LOG_00674,ITEM_0851,2023-01-29 02:00:00,out,B19,ORD_0674
LOG_00675,ITEM_0055,2023-01-29 03:00:00,out,B4,ORD_0675
LOG_00676,ITEM_0617,2023-01-29 04:00:00,in,B7,ORD_0676
LOG_00677,ITEM_0236,2023-01-29 05:00:00,out,B18,ORD_0677
LOG_00678,ITEM_0811,2023-01-29 06:00:00,in,B1,ORD_0678
LOG_00679,ITEM_0259,2023-01-29 07:00:00,out,B15,ORD_0679
LOG_00680,ITEM_0667,2023-01-29 08:00:00,out,B11,ORD_0680
LOG_00681,ITEM_0195,2023-01-29 09:00:00,out,B6,ORD_0681
LOG_00682,ITEM_0078,2023-01-29 10:00:00,out,B17,ORD_0682
LOG_00683,ITEM_0090,2023-01-29 11:00:00,out,B4,ORD_0683
LOG_00684,ITEM_0023,2023-01-29 12:00:00,out,B18,ORD_0684
LOG_00685,ITEM_0753,2023-01-29 13:00:00,in,B9,ORD_0685
LOG_00686,ITEM_0845,2023-01-29 14:00:00,in,B2,ORD_0686
LOG_00687,ITEM_0125,2023-01-29 15:00:00,in,B12,ORD_0687
LOG_00688,ITEM_0962,2023-01-29 16:00:00,out,B1,ORD_0688
LOG_00689,ITEM_0534,2023-01-29 17:00:00,out,B16,ORD_0689
LOG_00690,ITEM_0634,2023-01-29 18:00:00,in,B7,ORD_0690
LOG_00691,ITEM_0217,2023-01-29 19:00:00,out,B5,ORD_0691
LOG_00692,ITEM_0551,2023-01-29 20:00:00,in,B1,ORD_0692
LOG_00693,ITEM_0970,2023-01-29 21:00:00,in,B8,ORD_0693
LOG_00694,ITEM_0134,2023-01-29 22:00:00,out,B2,ORD_0694
LOG_00695,ITEM_0799,2023-01-29 23:00:00,out,B20,ORD_0695
LOG_00696,ITEM_0104,2023-01-30 00:00:00,in,B15,ORD_0696
LOG_00697,ITEM_0406,2023-01-30 01:00:00,out,B10,ORD_0697
LOG_00698,ITEM_0442,2023-01-30 02:00:00,out,B5,ORD_0698
LOG_00699,ITEM_0646,2023-01-30 03:00:00,out,B17,ORD_0699
LOG_00700,ITEM_0115,2023-01-30 04:00:00,out,B17,ORD_0700
LOG_00701,ITEM_0880,2023-01-30 05:00:00,in,B4,ORD_0701
LOG_00702,ITEM_0905,2023-01-30 06:00:00,in,B17,ORD_0702
LOG_00703,ITEM_0066,2023-01-30 07:00:00,out,B12,ORD_0703
LOG_00704,ITEM_0347,2023-01-30 08:00:00,in,B8,ORD_0704
LOG_00705,ITEM_0688,2023-01-30 09:00:00,in,B20,ORD_0705
LOG_00706,ITEM_0976,2023-01-30 10:00:00,in,B18,ORD_0706
LOG_00707,ITEM_0979,2023-01-30 11:00:00,in,B18,ORD_0707
LOG_00708,ITEM_0589,2023-01-30 12:00:00,out,B10,ORD_0708
LOG_00709,ITEM_0097,2023-01-30 13:00:00,in,B9,ORD_0709
LOG_00710,ITEM_0378,2023-01-30 14:00:00,out,B2,ORD_0710
LOG_00711,ITEM_0084,2023-01-30 15:00:00,out,B15,ORD_0711
LOG_00712,ITEM_0195,2023-01-30 16:00:00,in,B6,ORD_0712
LOG_00713,ITEM_0628,2023-01-30 17:00:00,out,B8,ORD_0713
LOG_00714,ITEM_0638,2023-01-30 18:00:00,out,B3,ORD_0714
LOG_00715,ITEM_0353,2023-01-30 19:00:00,in,B10,ORD_0715
LOG_00716,ITEM_0095,2023-01-30 20:00:00,out,B14,ORD_0716
LOG_00717,ITEM_0505,2023-01-30 21:00:00,in,B7,ORD_0717
LOG_00718,ITEM_0733,2023-01-30 22:00:00,out,B16,ORD_0718
LOG_00719,ITEM_0993,2023-01-30 23:00:00,out,B2,ORD_0719
LOG_00720,ITEM_0387,2023-01-31 00:00:00,out,B14,ORD_0720
LOG_00721,ITEM_0591,2023-01-31 01:00:00,in,B10,ORD_0721
LOG_00722,ITEM_0011,2023-01-31 02:00:00,out,B16,ORD_0722
LOG_00723,ITEM_0821,2023-01-31 03:00:00,in,B13,ORD_0723
LOG_00724,ITEM_0198,2023-01-31 04:00:00,in,B19,ORD_0724
LOG_00725,ITEM_0796,2023-01-31 05:00:00,in,B8,ORD_0725
LOG_00726,ITEM_0467,2023-01-31 06:00:00,out,B2,ORD_0726
LOG_00727,ITEM_0443,2023-01-31 07:00:00,in,B12,ORD_0727
LOG_00728,ITEM_0555,2023-01-31 08:00:00,out,B10,ORD_0728
LOG_00729,ITEM_0526,2023-01-31 09:00:00,in,B11,ORD_0729
LOG_00730,ITEM_0358,2023-01-31 10:00:00,out,B12,ORD_0730
LOG_00731,ITEM_0930,2023-01-31 11:00:00,in,B18,ORD_0731
LOG_00732,ITEM_0012,2023-01-31 12:00:00,out,B17,ORD_0732
LOG_00733,ITEM_0698,2023-01-31 13:00:00,in,B8,ORD_0733
LOG_00734,ITEM_0835,2023-01-31 14:00:00,in,B9,ORD_0734
LOG_00735,ITEM_0644,2023-01-31 15:00:00,out,B6,ORD_0735
LOG_00736,ITEM_0238,2023-01-31 16:00:00,in,B7,ORD_0736
LOG_00737,ITEM_0142,2023-01-31 17:00:00,in,B16,ORD_0737
LOG_00738,ITEM_0088,2023-01-31 18:00:00,out,B2,ORD_0738
LOG_00739,ITEM_0989,2023-01-31 19:00:00,in,B10,ORD_0739
LOG_00740,ITEM_0540,2023-01-31 20:00:00,in,B18,ORD_0740
LOG_00741,ITEM_0553,2023-01-31 21:00:00,in,B12,ORD_0741
LOG_00742,ITEM_0062,2023-01-31 22:00:00,out,B18,ORD_0742
LOG_00743,ITEM_0212,2023-01-31 23:00:00,in,B8,ORD_0743
LOG_00744,ITEM_0257,2023-02-01 00:00:00,in,B16,ORD_0744
LOG_00745,ITEM_0771,2023-02-01 01:00:00,out,B14,ORD_0745
LOG_00746,ITEM_0064,2023-02-01 02:00:00,out,B1,ORD_0746
LOG_00747,ITEM_0358,2023-02-01 03:00:00,out,B11,ORD_0747
LOG_00748,ITEM_0269,2023-02-01 04:00:00,in,B14,ORD_0748
LOG_00749,ITEM_0749,2023-02-01 05:00:00,in,B11,ORD_0749
LOG_00750,ITEM_0228,2023-02-01 06:00:00,out,B11,ORD_0750
LOG_00751,ITEM_0945,2023-02-01 07:00:00,out,B5,ORD_0751
LOG_00752,ITEM_0483,2023-02-01 08:00:00,out,B16,ORD_0752
LOG_00753,ITEM_0563,2023-02-01 09:00:00,in,B6,ORD_0753
LOG_00754,ITEM_0452,2023-02-01 10:00:00,out,B6,ORD_0754
LOG_00755,ITEM_0855,2023-02-01 11:00:00,in,B20,ORD_0755
LOG_00756,ITEM_0858,2023-02-01 12:00:00,in,B7,ORD_0756
LOG_00757,ITEM_0874,2023-02-01 13:00:00,out,B17,ORD_0757
LOG_00758,ITEM_0330,2023-02-01 14:00:00,out,B4,ORD_0758
LOG_00759,ITEM_0468,2023-02-01 15:00:00,in,B2,ORD_0759
LOG_00760,ITEM_0501,2023-02-01 16:00:00,in,B16,ORD_0760
LOG_00761,ITEM_0927,2023-02-01 17:00:00,out,B17,ORD_0761
LOG_00762,ITEM_0988,2023-02-01 18:00:00,in,B1,ORD_0762
LOG_00763,ITEM_0110,2023-02-01 19:00:00,in,B15,ORD_0763
LOG_00764,ITEM_0917,2023-02-01 20:00:00,out,B6,ORD_0764
LOG_00765,ITEM_0237,2023-02-01 21:00:00,in,B3,ORD_0765
LOG_00766,ITEM_0193,2023-02-01 22:00:00,out,B6,ORD_0766
LOG_00767,ITEM_0527,2023-02-01 23:00:00,out,B2,ORD_0767
LOG_00768,ITEM_0543,2023-02-02 00:00:00,in,B14,ORD_0768
LOG_00769,ITEM_0637,2023-02-02 01:00:00,out,B4,ORD_0769
LOG_00770,ITEM_0632,2023-02-02 02:00:00,in,B18,ORD_0770
LOG_00771,ITEM_0619,2023-02-02 03:00:00,out,B17,ORD_0771
LOG_00772,ITEM_0768,2023-02-02 04:00:00,out,B19,ORD_0772
LOG_00773,ITEM_0583,2023-02-02 05:00:00,out,B3,ORD_0773
LOG_00774,ITEM_0005,2023-02-02 06:00:00,out,B3,ORD_0774
LOG_00775,ITEM_0809,2023-02-02 07:00:00,in,B1,ORD_0775
LOG_00776,ITEM_0882,2023-02-02 08:00:00,in,B15,ORD_0776
LOG_00777,ITEM_0603,2023-02-02 09:00:00,in,B5,ORD_0777
LOG_00778,ITEM_0784,2023-02-02 10:00:00,in,B9,ORD_0778
LOG_00779,ITEM_0175,2023-02-02 11:00:00,in,B15,ORD_0779
LOG_00780,ITEM_0262,2023-02-02 12:00:00,in,B10,ORD_0780
LOG_00781,ITEM_0099,2023-02-02 13:00:00,in,B19,ORD_0781
LOG_00782,ITEM_0791,2023-02-02 14:00:00,out,B19,ORD_0782
LOG_00783,ITEM_0302,2023-02-02 15:00:00,out,B1,ORD_0783
LOG_00784,ITEM_0689,2023-02-02 16:00:00,out,B14,ORD_0784
LOG_00785,ITEM_0048,2023-02-02 17:00:00,out,B1,ORD_0785
LOG_00786,ITEM_0594,2023-02-02 18:00:00,in,B3,ORD_0786
LOG_00787,ITEM_0520,2023-02-02 19:00:00,out,B3,ORD_0787
LOG_00788,ITEM_0966,2023-02-02 20:00:00,out,B20,ORD_0788
LOG_00789,ITEM_0396,2023-02-02 21:00:00,in,B2,ORD_0789
LOG_00790,ITEM_0075,2023-02-02 22:00:00,out,B16,ORD_0790
LOG_00791,ITEM_0789,2023-02-02 23:00:00,out,B4,ORD_0791
LOG_00792,ITEM_0596,2023-02-03 00:00:00,in,B20,ORD_0792
LOG_00793,ITEM_0879,2023-02-03 01:00:00,in,B17,ORD_0793
LOG_00794,ITEM_0798,2023-02-03 02:00:00,out,B17,ORD_0794
LOG_00795,ITEM_0117,2023-02-03 03:00:00,in,B11,ORD_0795
LOG_00796,ITEM_0160,2023-02-03 04:00:00,in,B16,ORD_0796
LOG_00797,ITEM_0560,2023-02-03 05:00:00,in,B12,ORD_0797
LOG_00798,ITEM_0810,2023-02-03 06:00:00,out,B15,ORD_0798
LOG_00799,ITEM_0919,2023-02-03 07:00:00,in,B6,ORD_0799
LOG_00800,ITEM_0040,2023-02-03 08:00:00,in,B1,ORD_0800
LOG_00801,ITEM_0332,2023-02-03 09:00:00,out,B5,ORD_0801
LOG_00802,ITEM_0340,2023-02-03 10:00:00,out,B3,ORD_0802
LOG_00803,ITEM_0735,2023-02-03 11:00:00,in,B10,ORD_0803
LOG_00804,ITEM_0787,2023-02-03 12:00:00,in,B1,ORD_0804
LOG_00805,ITEM_0695,2023-02-03 13:00:00,in,B16,ORD_0805
LOG_00806,ITEM_0638,2023-02-03 14:00:00,in,B7,ORD_0806
LOG_00807,ITEM_0741,2023-02-03 15:00:00,in,B7,ORD_0807
LOG_00808,ITEM_0131,2023-02-03 16:00:00,out,B2,ORD_0808
LOG_00809,ITEM_0740,2023-02-03 17:00:00,out,B15,ORD_0809
LOG_00810,ITEM_0043,2023-02-03 18:00:00,in,B12,ORD_0810
LOG_00811,ITEM_0736,2023-02-03 19:00:00,in,B4,ORD_0811
LOG_00812,ITEM_0778,2023-02-03 20:00:00,out,B3,ORD_0812
LOG_00813,ITEM_0568,2023-02-03 21:00:00,in,B6,ORD_0813
LOG_00814,ITEM_0376,2023-02-03 22:00:00,out,B16,ORD_0814
LOG_00815,ITEM_0973,2023-02-03 23:00:00,out,B15,ORD_0815
LOG_00816,ITEM_0793,2023-02-04 00:00:00,out,B10,ORD_0816
LOG_00817,ITEM_0149,2023-02-04 01:00:00,out,B17,ORD_0817
LOG_00818,ITEM_0114,2023-02-04 02:00:00,out,B7,ORD_0818
LOG_00819,ITEM_0301,2023-02-04 03:00:00,out,B12,ORD_0819
LOG_00820,ITEM_0038,2023-02-04 04:00:00,out,B11,ORD_0820
LOG_00821,ITEM_0983,2023-02-04 05:00:00,out,B15,ORD_0821
LOG_00822,ITEM_0859,2023-02-04 06:00:00,out,B4,ORD_0822
LOG_00823,ITEM_0300,2023-02-04 07:00:00,in,B6,ORD_0823
LOG_00824,ITEM_0302,2023-02-04 08:00:00,out,B11,ORD_0824
LOG_00825,ITEM_0167,2023-02-04 09:00:00,in,B1,ORD_0825
LOG_00826,ITEM_0574,2023-02-04 10:00:00,out,B18,ORD_0826
LOG_00827,ITEM_0134,2023-02-04 11:00:00,in,B13,ORD_0827
LOG_00828,ITEM_0414,2023-02-04 12:00:00,out,B3,ORD_0828
LOG_00829,ITEM_0641,2023-02-04 13:00:00,in,B4,ORD_0829
LOG_00830,ITEM_0387,2023-02-04 14:00:00,in,B7,ORD_0830
LOG_00831,ITEM_0015,2023-02-04 15:00:00,in,B17,ORD_0831
LOG_00832,ITEM_0521,2023-02-04 16:00:00,in,B8,ORD_0832
LOG_00833,ITEM_0637,2023-02-04 17:00:00,out,B17,ORD_0833
LOG_00834,ITEM_0966,2023-02-04 18:00:00,in,B16,ORD_0834
LOG_00835,ITEM_0431,2023-02-04 19:00:00,in,B16,ORD_0835
LOG_00836,ITEM_0808,2023-02-04 20:00:00,out,B10,ORD_0836
LOG_00837,ITEM_0685,2023-02-04 21:00:00,out,B7,ORD_0837
LOG_00838,ITEM_0935,2023-02-04 22:00:00,in,B16,ORD_0838
LOG_00839,ITEM_0849,2023-02-04 23:00:00,out,B8,ORD_0839
LOG_00840,ITEM_0027,2023-02-05 00:00:00,in,B8,ORD_0840
LOG_00841,ITEM_0191,2023-02-05 01:00:00,out,B4,ORD_0841
LOG_00842,ITEM_0903,2023-02-05 02:00:00,out,B13,ORD_0842
LOG_00843,ITEM_0486,2023-02-05 03:00:00,in,B11,ORD_0843
LOG_00844,ITEM_0293,2023-02-05 04:00:00,in,B8,ORD_0844
LOG_00845,ITEM_0411,2023-02-05 05:00:00,in,B8,ORD_0845
LOG_00846,ITEM_0254,2023-02-05 06:00:00,in,B17,ORD_0846
LOG_00847,ITEM_0123,2023-02-05 07:00:00,out,B10,ORD_0847
LOG_00848,ITEM_0194,2023-02-05 08:00:00,in,B19,ORD_0848
LOG_00849,ITEM_0110,2023-02-05 09:00:00,in,B3,ORD_0849
LOG_00850,ITEM_0566,2023-02-05 10:00:00,in,B6,ORD_0850
LOG_00851,ITEM_0294,2023-02-05 11:00:00,in,B18,ORD_0851
LOG_00852,ITEM_0960,2023-02-05 12:00:00,in,B3,ORD_0852
LOG_00853,ITEM_0247,2023-02-05 13:00:00,out,B6,ORD_0853
LOG_00854,ITEM_0874,2023-02-05 14:00:00,out,B2,ORD_0854
LOG_00855,ITEM_0299,2023-02-05 15:00:00,out,B5,ORD_0855
LOG_00856,ITEM_0970,2023-02-05 16:00:00,in,B3,ORD_0856
LOG_00857,ITEM_0790,2023-02-05 17:00:00,in,B9,ORD_0857
LOG_00858,ITEM_0295,2023-02-05 18:00:00,out,B5,ORD_0858
LOG_00859,ITEM_0275,2023-02-05 19:00:00,in,B15,ORD_0859
LOG_00860,ITEM_0945,2023-02-05 20:00:00,in,B4,ORD_0860
LOG_00861,ITEM_0509,2023-02-05 21:00:00,out,B11,ORD_0861
LOG_00862,ITEM_0554,2023-02-05 22:00:00,in,B20,ORD_0862
LOG_00863,ITEM_0954,2023-02-05 23:00:00,out,B9,ORD_0863
LOG_00864,ITEM_0929,2023-02-06 00:00:00,out,B9,ORD_0864
LOG_00865,ITEM_0351,2023-02-06 01:00:00,out,B1,ORD_0865
LOG_00866,ITEM_0822,2023-02-06 02:00:00,out,B6,ORD_0866
LOG_00867,ITEM_0828,2023-02-06 03:00:00,out,B15,ORD_0867
LOG_00868,ITEM_0555,2023-02-06 04:00:00,out,B19,ORD_0868
LOG_00869,ITEM_0190,2023-02-06 05:00:00,in,B13,ORD_0869
LOG_00870,ITEM_0497,2023-02-06 06:00:00,in,B6,ORD_0870
LOG_00871,ITEM_0255,2023-02-06 07:00:00,out,B4,ORD_0871
LOG_00872,ITEM_0473,2023-02-06 08:00:00,in,B9,ORD_0872
LOG_00873,ITEM_0702,2023-02-06 09:00:00,in,B2,ORD_0873
LOG_00874,ITEM_0080,2023-02-06 10:00:00,out,B6,ORD_0874
LOG_00875,ITEM_0884,2023-02-06 11:00:00,out,B15,ORD_0875
LOG_00876,ITEM_0384,2023-02-06 12:00:00,in,B19,ORD_0876
LOG_00877,ITEM_0910,2023-02-06 13:00:00,in,B2,ORD_0877
LOG_00878,ITEM_0871,2023-02-06 14:00:00,in,B10,ORD_0878
LOG_00879,ITEM_0060,2023-02-06 15:00:00,in,B11,ORD_0879
LOG_00880,ITEM_0712,2023-02-06 16:00:00,in,B15,ORD_0880
LOG_00881,ITEM_0177,2023-02-06 17:00:00,in,B5,ORD_0881
LOG_00882,ITEM_0196,2023-02-06 18:00:00,out,B13,ORD_0882
LOG_00883,ITEM_0462,2023-02-06 19:00:00,out,B18,ORD_0883
LOG_00884,ITEM_0316,2023-02-06 20:00:00,out,B1,ORD_0884
LOG_00885,ITEM_0214,2023-02-06 21:00:00,out,B13,ORD_0885
LOG_00886,ITEM_0608,2023-02-06 22:00:00,out,B9,ORD_0886
LOG_00887,ITEM_0796,2023-02-06 23:00:00,in,B8,ORD_0887
LOG_00888,ITEM_0479,2023-02-07 00:00:00,out,B12,ORD_0888
LOG_00889,ITEM_0573,2023-02-07 01:00:00,out,B14,ORD_0889
LOG_00890,ITEM_0337,2023-02-07 02:00:00,out,B9,ORD_0890
LOG_00891,ITEM_0047,2023-02-07 03:00:00,out,B12,ORD_0891
LOG_00892,ITEM_0356,2023-02-07 04:00:00,out,B7,ORD_0892
LOG_00893,ITEM_0405,2023-02-07 05:00:00,in,B8,ORD_0893
LOG_00894,ITEM_0817,2023-02-07 06:00:00,out,B3,ORD_0894
LOG_00895,ITEM_0285,2023-02-07 07:00:00,in,B12,ORD_0895
LOG_00896,ITEM_0150,2023-02-07 08:00:00,out,B10,ORD_0896
LOG_00897,ITEM_0082,2023-02-07 09:00:00,out,B15,ORD_0897
LOG_00898,ITEM_0029,2023-02-07 10:00:00,out,B8,ORD_0898
LOG_00899,ITEM_0023,2023-02-07 11:00:00,out,B20,ORD_0899
LOG_00900,ITEM_0279,2023-02-07 12:00:00,out,B3,ORD_0900
LOG_00901,ITEM_0962,2023-02-07 13:00:00,in,B12,ORD_0901
LOG_00902,ITEM_0333,2023-02-07 14:00:00,in,B11,ORD_0902
LOG_00903,ITEM_0894,2023-02-07 15:00:00,in,B9,ORD_0903
LOG_00904,ITEM_0823,2023-02-07 16:00:00,in,B20,ORD_0904
LOG_00905,ITEM_0248,2023-02-07 17:00:00,out,B12,ORD_0905
LOG_00906,ITEM_0884,2023-02-07 18:00:00,out,B11,ORD_0906
LOG_00907,ITEM_0119,2023-02-07 19:00:00,out,B14,ORD_0907
LOG_00908,ITEM_0653,2023-02-07 20:00:00,in,B14,ORD_0908
LOG_00909,ITEM_0671,2023-02-07 21:00:00,out,B2,ORD_0909
LOG_00910,ITEM_0880,2023-02-07 22:00:00,out,B17,ORD_0910
LOG_00911,ITEM_0666,2023-02-07 23:00:00,out,B10,ORD_0911
LOG_00912,ITEM_0065,2023-02-08 00:00:00,out,B13,ORD_0912
LOG_00913,ITEM_0425,2023-02-08 01:00:00,in,B18,ORD_0913
LOG_00914,ITEM_0671,2023-02-08 02:00:00,in,B12,ORD_0914
LOG_00915,ITEM_0744,2023-02-08 03:00:00,out,B3,ORD_0915
LOG_00916,ITEM_0993,2023-02-08 04:00:00,out,B5,ORD_0916
LOG_00917,ITEM_0355,2023-02-08 05:00:00,out,B2,ORD_0917
LOG_00918,ITEM_0939,2023-02-08 06:00:00,out,B19,ORD_0918
LOG_00919,ITEM_0215,2023-02-08 07:00:00,out,B3,ORD_0919
LOG_00920,ITEM_0857,2023-02-08 08:00:00,out,B19,ORD_0920
LOG_00921,ITEM_0810,2023-02-08 09:00:00,in,B8,ORD_0921
LOG_00922,ITEM_0153,2023-02-08 10:00:00,out,B11,ORD_0922
LOG_00923,ITEM_0510,2023-02-08 11:00:00,out,B4,ORD_0923
LOG_00924,ITEM_0068,2023-02-08 12:00:00,in,B8,ORD_0924
LOG_00925,ITEM_0159,2023-02-08 13:00:00,out,B3,ORD_0925
LOG_00926,ITEM_0405,2023-02-08 14:00:00,in,B10,ORD_0926
LOG_00927,ITEM_0213,2023-02-08 15:00:00,out,B8,ORD_0927
LOG_00928,ITEM_0248,2023-02-08 16:00:00,in,B10,ORD_0928
LOG_00929,ITEM_0906,2023-02-08 17:00:00,out,B6,ORD_0929
LOG_00930,ITEM_0762,2023-02-08 18:00:00,in,B1,ORD_0930
LOG_00931,ITEM_0633,2023-02-08 19:00:00,in,B1,ORD_0931
LOG_00932,ITEM_0828,2023-02-08 20:00:00,out,B13,ORD_0932
LOG_00933,ITEM_0378,2023-02-08 21:00:00,out,B8,ORD_0933
LOG_00934,ITEM_0073,2023-02-08 22:00:00,out,B9,ORD_0934
LOG_00935,ITEM_0139,2023-02-08 23:00:00,out,B18,ORD_0935
LOG_00936,ITEM_0590,2023-02-09 00:00:00,out,B13,ORD_0936
LOG_00937,ITEM_0407,2023-02-09 01:00:00,out,B3,ORD_0937
LOG_00938,ITEM_0255,2023-02-09 02:00:00,in,B2,ORD_0938
LOG_00939,ITEM_0343,2023-02-09 03:00:00,out,B9,ORD_0939
LOG_00940,ITEM_0868,2023-02-09 04:00:00,out,B1,ORD_0940
LOG_00941,ITEM_0289,2023-02-09 05:00:00,in,B8,ORD_0941
LOG_00942,ITEM_0762,2023-02-09 06:00:00,out,B10,ORD_0942
LOG_00943,ITEM_0210,2023-02-09 07:00:00,out,B4,ORD_0943
LOG_00944,ITEM_0283,2023-02-09 08:00:00,in,B9,ORD_0944
LOG_00945,ITEM_0154,2023-02-09 09:00:00,in,B11,ORD_0945
LOG_00946,ITEM_0457,2023-02-09 10:00:00,out,B8,ORD_0946
LOG_00947,ITEM_0378,2023-02-09 11:00:00,out,B17,ORD_0947
LOG_00948,ITEM_0435,2023-02-09 12:00:00,in,B6,ORD_0948
LOG_00949,ITEM_0799,2023-02-09 13:00:00,out,B19,ORD_0949
LOG_00950,ITEM_0258,2023-02-09 14:00:00,out,B19,ORD_0950
LOG_00951,ITEM_0334,2023-02-09 15:00:00,in,B15,ORD_0951
LOG_00952,ITEM_0223,2023-02-09 16:00:00,out,B5,ORD_0952
LOG_00953,ITEM_0595,2023-02-09 17:00:00,in,B8,ORD_0953
LOG_00954,ITEM_0123,2023-02-09 18:00:00,out,B9,ORD_0954
LOG_00955,ITEM_0016,2023-02-09 19:00:00,in,B1,ORD_0955
LOG_00956,ITEM_0486,2023-02-09 20:00:00,in,B20,ORD_0956
LOG_00957,ITEM_0714,2023-02-09 21:00:00,out,B1,ORD_0957
LOG_00958,ITEM_0098,2023-02-09 22:00:00,in,B6,ORD_0958
LOG_00959,ITEM_0183,2023-02-09 23:00:00,out,B8,ORD_0959
LOG_00960,ITEM_0759,2023-02-10 00:00:00,in,B17,ORD_0960
LOG_00961,ITEM_0656,2023-02-10 01:00:00,in,B3,ORD_0961
LOG_00962,ITEM_0232,2023-02-10 02:00:00,out,B12,ORD_0962
LOG_00963,ITEM_0050,2023-02-10 03:00:00,in,B2,ORD_0963
LOG_00964,ITEM_0314,2023-02-10 04:00:00,in,B14,ORD_0964
LOG_00965,ITEM_0446,2023-02-10 05:00:00,out,B13,ORD_0965
LOG_00966,ITEM_0952,2023-02-10 06:00:00,out,B14,ORD_0966
LOG_00967,ITEM_0191,2023-02-10 07:00:00,out,B11,ORD_0967
LOG_00968,ITEM_0243,2023-02-10 08:00:00,in,B16,ORD_0968
LOG_00969,ITEM_0852,2023-02-10 09:00:00,in,B16,ORD_0969
LOG_00970,ITEM_0001,2023-02-10 10:00:00,in,B7,ORD_0970
LOG_00971,ITEM_0333,2023-02-10 11:00:00,out,B8,ORD_0971
LOG_00972,ITEM_0390,2023-02-10 12:00:00,in,B6,ORD_0972
LOG_00973,ITEM_0151,2023-02-10 13:00:00,out,B5,ORD_0973
LOG_00974,ITEM_0030,2023-02-10 14:00:00,in,B4,ORD_0974
LOG_00975,ITEM_0503,2023-02-10 15:00:00,out,B17,ORD_0975
LOG_00976,ITEM_0943,2023-02-10 16:00:00,out,B4,ORD_0976
LOG_00977,ITEM_0016,2023-02-10 17:00:00,in,B16,ORD_0977
LOG_00978,ITEM_0241,2023-02-10 18:00:00,out,B18,ORD_0978
LOG_00979,ITEM_0822,2023-02-10 19:00:00,in,B14,ORD_0979
LOG_00980,ITEM_0473,2023-02-10 20:00:00,in,B9,ORD_0980
LOG_00981,ITEM_0623,2023-02-10 21:00:00,in,B3,ORD_0981
LOG_00982,ITEM_0934,2023-02-10 22:00:00,in,B12,ORD_0982
LOG_00983,ITEM_0970,2023-02-10 23:00:00,out,B5,ORD_0983
LOG_00984,ITEM_0092,2023-02-11 00:00:00,out,B2,ORD_0984
LOG_00985,ITEM_0670,2023-02-11 01:00:00,out,B2,ORD_0985
LOG_00986,ITEM_0281,2023-02-11 02:00:00,in,B2,ORD_0986
LOG_00987,ITEM_0154,2023-02-11 03:00:00,out,B8,ORD_0987
LOG_00988,ITEM_0738,2023-02-11 04:00:00,in,B3,ORD_0988
LOG_00989,ITEM_0616,2023-02-11 05:00:00,in,B14,ORD_0989
LOG_00990,ITEM_0083,2023-02-11 06:00:00,in,B7,ORD_0990
LOG_00991,ITEM_0703,2023-02-11 07:00:00,in,B2,ORD_0991
LOG_00992,ITEM_0157,2023-02-11 08:00:00,out,B14,ORD_0992
LOG_00993,ITEM_0920,2023-02-11 09:00:00,in,B18,ORD_0993
LOG_00994,ITEM_0743,2023-02-11 10:00:00,out,B17,ORD_0994
LOG_00995,ITEM_0373,2023-02-11 11:00:00,out,B14,ORD_0995
LOG_00996,ITEM_0708,2023-02-11 12:00:00,out,B13,ORD_0996
LOG_00997,ITEM_0515,2023-02-11 13:00:00,out,B14,ORD_0997
LOG_00998,ITEM_0218,2023-02-11 14:00:00,out,B16,ORD_0998
LOG_00999,ITEM_0577,2023-02-11 15:00:00,out,B19,ORD_0999
LOG_01000,ITEM_0324,2023-02-11 16:00:00,out,B14,ORD_1000
LOG_01001,ITEM_0014,2023-02-11 17:00:00,out,B13,ORD_1001
LOG_01002,ITEM_0335,2023-02-11 18:00:00,in,B15,ORD_1002
LOG_01003,ITEM_0762,2023-02-11 19:00:00,in,B9,ORD_1003
LOG_01004,ITEM_0947,2023-02-11 20:00:00,in,B19,ORD_1004
LOG_01005,ITEM_0402,2023-02-11 21:00:00,in,B20,ORD_1005
LOG_01006,ITEM_0822,2023-02-11 22:00:00,out,B5,ORD_1006
LOG_01007,ITEM_0645,2023-02-11 23:00:00,out,B1,ORD_1007
LOG_01008,ITEM_0538,2023-02-12 00:00:00,out,B7,ORD_1008
LOG_01009,ITEM_0707,2023-02-12 01:00:00,out,B11,ORD_1009
LOG_01010,ITEM_0969,2023-02-12 02:00:00,in,B10,ORD_1010
LOG_01011,ITEM_0443,2023-02-12 03:00:00,out,B8,ORD_1011
LOG_01012,ITEM_0043,2023-02-12 04:00:00,out,B2,ORD_1012
LOG_01013,ITEM_0585,2023-02-12 05:00:00,out,B11,ORD_1013
LOG_01014,ITEM_0812,2023-02-12 06:00:00,in,B13,ORD_1014
LOG_01015,ITEM_0729,2023-02-12 07:00:00,out,B20,ORD_1015
LOG_01016,ITEM_0548,2023-02-12 08:00:00,in,B15,ORD_1016
LOG_01017,ITEM_0496,2023-02-12 09:00:00,in,B11,ORD_1017
LOG_01018,ITEM_0613,2023-02-12 10:00:00,in,B8,ORD_1018
LOG_01019,ITEM_0139,2023-02-12 11:00:00,out,B12,ORD_1019
LOG_01020,ITEM_0227,2023-02-12 12:00:00,in,B1,ORD_1020
LOG_01021,ITEM_0742,2023-02-12 13:00:00,in,B5,ORD_1021
LOG_01022,ITEM_0377,2023-02-12 14:00:00,in,B9,ORD_1022
LOG_01023,ITEM_0045,2023-02-12 15:00:00,in,B15,ORD_1023
LOG_01024,ITEM_0473,2023-02-12 16:00:00,out,B6,ORD_1024
LOG_01025,ITEM_0982,2023-02-12 17:00:00,out,B16,ORD_1025
LOG_01026,ITEM_0668,2023-02-12 18:00:00,out,B14,ORD_1026
LOG_01027,ITEM_0957,2023-02-12 19:00:00,in,B15,ORD_1027
LOG_01028,ITEM_0818,2023-02-12 20:00:00,out,B15,ORD_1028
LOG_01029,ITEM_0072,2023-02-12 21:00:00,out,B2,ORD_1029
LOG_01030,ITEM_0700,2023-02-12 22:00:00,out,B19,ORD_1030
LOG_01031,ITEM_0524,2023-02-12 23:00:00,out,B5,ORD_1031
LOG_01032,ITEM_0072,2023-02-13 00:00:00,out,B19,ORD_1032
LOG_01033,ITEM_0431,2023-02-13 01:00:00,in,B6,ORD_1033
LOG_01034,ITEM_0031,2023-02-13 02:00:00,out,B8,ORD_1034
LOG_01035,ITEM_0834,2023-02-13 03:00:00,in,B2,ORD_1035
LOG_01036,ITEM_0835,2023-02-13 04:00:00,out,B13,ORD_1036
LOG_01037,ITEM_0585,2023-02-13 05:00:00,in,B6,ORD_1037
LOG_01038,ITEM_0489,2023-02-13 06:00:00,in,B11,ORD_1038
LOG_01039,ITEM_0819,2023-02-13 07:00:00,in,B3,ORD_1039
LOG_01040,ITEM_0391,2023-02-13 08:00:00,out,B19,ORD_1040
LOG_01041,ITEM_0570,2023-02-13 09:00:00,in,B3,ORD_1041
LOG_01042,ITEM_0082,2023-02-13 10:00:00,in,B20,ORD_1042
LOG_01043,ITEM_0242,2023-02-13 11:00:00,out,B6,ORD_1043
LOG_01044,ITEM_0982,2023-02-13 12:00:00,out,B20,ORD_1044
LOG_01045,ITEM_0802,2023-02-13 13:00:00,out,B20,ORD_1045
LOG_01046,ITEM_0590,2023-02-13 14:00:00,out,B11,ORD_1046
LOG_01047,ITEM_0107,2023-02-13 15:00:00,out,B8,ORD_1047
LOG_01048,ITEM_0485,2023-02-13 16:00:00,in,B6,ORD_1048
LOG_01049,ITEM_0849,2023-02-13 17:00:00,in,B3,ORD_1049
LOG_01050,ITEM_0169,2023-02-13 18:00:00,out,B2,ORD_1050
LOG_01051,ITEM_0064,2023-02-13 19:00:00,in,B13,ORD_1051
LOG_01052,ITEM_0872,2023-02-13 20:00:00,in,B16,ORD_1052
LOG_01053,ITEM_0402,2023-02-13 21:00:00,in,B7,ORD_1053
LOG_01054,ITEM_0387,2023-02-13 22:00:00,in,B11,ORD_1054
LOG_01055,ITEM_0361,2023-02-13 23:00:00,out,B12,ORD_1055
LOG_01056,ITEM_0295,2023-02-14 00:00:00,in,B13,ORD_1056
LOG_01057,ITEM_0383,2023-02-14 01:00:00,in,B1,ORD_1057
LOG_01058,ITEM_0511,2023-02-14 02:00:00,in,B8,ORD_1058
LOG_01059,ITEM_0965,2023-02-14 03:00:00,out,B19,ORD_1059
LOG_01060,ITEM_0463,2023-02-14 04:00:00,in,B15,ORD_1060
LOG_01061,ITEM_0384,2023-02-14 05:00:00,out,B11,ORD_1061
LOG_01062,ITEM_0862,2023-02-14 06:00:00,out,B8,ORD_1062
LOG_01063,ITEM_0535,2023-02-14 07:00:00,out,B18,ORD_1063
LOG_01064,ITEM_0326,2023-02-14 08:00:00,out,B7,ORD_1064
LOG_01065,ITEM_0792,2023-02-14 09:00:00,in,B3,ORD_1065
LOG_01066,ITEM_0041,2023-02-14 10:00:00,in,B19,ORD_1066
LOG_01067,ITEM_0237,2023-02-14 11:00:00,in,B4,ORD_1067
LOG_01068,ITEM_0377,2023-02-14 12:00:00,in,B17,ORD_1068
LOG_01069,ITEM_0365,2023-02-14 13:00:00,in,B14,ORD_1069
LOG_01070,ITEM_0874,2023-02-14 14:00:00,out,B15,ORD_1070
LOG_01071,ITEM_0963,2023-02-14 15:00:00,out,B20,ORD_1071
LOG_01072,ITEM_0998,2023-02-14 16:00:00,out,B6,ORD_1072
LOG_01073,ITEM_0968,2023-02-14 17:00:00,in,B9,ORD_1073
LOG_01074,ITEM_0734,2023-02-14 18:00:00,out,B12,ORD_1074
LOG_01075,ITEM_0497,2023-02-14 19:00:00,in,B20,ORD_1075
LOG_01076,ITEM_0605,2023-02-14 20:00:00,in,B3,ORD_1076
LOG_01077,ITEM_0854,2023-02-14 21:00:00,in,B14,ORD_1077
LOG_01078,ITEM_0069,2023-02-14 22:00:00,out,B12,ORD_1078
LOG_01079,ITEM_0427,2023-02-14 23:00:00,out,B6,ORD_1079
LOG_01080,ITEM_0396,2023-02-15 00:00:00,in,B13,ORD_1080
LOG_01081,ITEM_0374,2023-02-15 01:00:00,out,B3,ORD_1081
LOG_01082,ITEM_0809,2023-02-15 02:00:00,out,B13,ORD_1082
LOG_01083,ITEM_0614,2023-02-15 03:00:00,out,B11,ORD_1083
LOG_01084,ITEM_0681,2023-02-15 04:00:00,in,B2,ORD_1084
LOG_01085,ITEM_0646,2023-02-15 05:00:00,in,B8,ORD_1085
LOG_01086,ITEM_0480,2023-02-15 06:00:00,in,B16,ORD_1086
LOG_01087,ITEM_0330,2023-02-15 07:00:00,out,B8,ORD_1087
LOG_01088,ITEM_0353,2023-02-15 08:00:00,in,B19,ORD_1088
LOG_01089,ITEM_0050,2023-02-15 09:00:00,in,B4,ORD_1089
LOG_01090,ITEM_0769,2023-02-15 10:00:00,in,B18,ORD_1090
LOG_01091,ITEM_0080,2023-02-15 11:00:00,out,B15,ORD_1091
LOG_01092,ITEM_0504,2023-02-15 12:00:00,out,B7,ORD_1092
LOG_01093,ITEM_0315,2023-02-15 13:00:00,in,B12,ORD_1093
LOG_01094,ITEM_0503,2023-02-15 14:00:00,in,B1,ORD_1094
LOG_01095,ITEM_0891,2023-02-15 15:00:00,in,B18,ORD_1095
LOG_01096,ITEM_0615,2023-02-15 16:00:00,out,B6,ORD_1096
LOG_01097,ITEM_0311,2023-02-15 17:00:00,in,B10,ORD_1097
LOG_01098,ITEM_0020,2023-02-15 18:00:00,in,B3,ORD_1098
LOG_01099,ITEM_0008,2023-02-15 19:00:00,out,B5,ORD_1099
LOG_01100,ITEM_0990,2023-02-15 20:00:00,in,B7,ORD_1100
LOG_01101,ITEM_0779,2023-02-15 21:00:00,out,B9,ORD_1101
LOG_01102,ITEM_0750,2023-02-15 22:00:00,out,B12,ORD_1102
LOG_01103,ITEM_0216,2023-02-15 23:00:00,out,B19,ORD_1103
LOG_01104,ITEM_0000,2023-02-16 00:00:00,in,B14,ORD_1104
LOG_01105,ITEM_0165,2023-02-16 01:00:00,in,B9,ORD_1105
LOG_01106,ITEM_0576,2023-02-16 02:00:00,in,B12,ORD_1106
LOG_01107,ITEM_0952,2023-02-16 03:00:00,in,B19,ORD_1107
LOG_01108,ITEM_0850,2023-02-16 04:00:00,in,B17,ORD_1108
LOG_01109,ITEM_0458,2023-02-16 05:00:00,out,B14,ORD_1109
LOG_01110,ITEM_0778,2023-02-16 06:00:00,in,B8,ORD_1110
LOG_01111,ITEM_0977,2023-02-16 07:00:00,out,B19,ORD_1111
LOG_01112,ITEM_0880,2023-02-16 08:00:00,out,B9,ORD_1112
LOG_01113,ITEM_0890,2023-02-16 09:00:00,out,B8,ORD_1113
LOG_01114,ITEM_0491,2023-02-16 10:00:00,in,B3,ORD_1114
LOG_01115,ITEM_0609,2023-02-16 11:00:00,in,B2,ORD_1115
LOG_01116,ITEM_0586,2023-02-16 12:00:00,in,B16,ORD_1116
LOG_01117,ITEM_0042,2023-02-16 13:00:00,out,B16,ORD_1117
LOG_01118,ITEM_0467,2023-02-16 14:00:00,in,B4,ORD_1118
LOG_01119,ITEM_0618,2023-02-16 15:00:00,out,B13,ORD_1119
LOG_01120,ITEM_0963,2023-02-16 16:00:00,out,B19,ORD_1120
LOG_01121,ITEM_0554,2023-02-16 17:00:00,in,B4,ORD_1121
LOG_01122,ITEM_0167,2023-02-16 18:00:00,in,B19,ORD_1122
LOG_01123,ITEM_0800,2023-02-16 19:00:00,out,B12,ORD_1123
LOG_01124,ITEM_0461,2023-02-16 20:00:00,in,B17,ORD_1124
LOG_01125,ITEM_0436,2023-02-16 21:00:00,out,B7,ORD_1125
LOG_01126,ITEM_0901,2023-02-16 22:00:00,out,B17,ORD_1126
LOG_01127,ITEM_0001,2023-02-16 23:00:00,out,B13,ORD_1127
LOG_01128,ITEM_0453,2023-02-17 00:00:00,in,B5,ORD_1128
LOG_01129,ITEM_0550,2023-02-17 01:00:00,out,B6,ORD_1129
LOG_01130,ITEM_0149,2023-02-17 02:00:00,out,B1,ORD_1130
LOG_01131,ITEM_0828,2023-02-17 03:00:00,in,B2,ORD_1131
LOG_01132,ITEM_0154,2023-02-17 04:00:00,in,B5,ORD_1132
LOG_01133,ITEM_0112,2023-02-17 05:00:00,in,B3,ORD_1133
LOG_01134,ITEM_0223,2023-02-17 06:00:00,in,B1,ORD_1134
LOG_01135,ITEM_0228,2023-02-17 07:00:00,out,B9,ORD_1135
LOG_01136,ITEM_0274,2023-02-17 08:00:00,in,B11,ORD_1136
LOG_01137,ITEM_0365,2023-02-17 09:00:00,out,B20,ORD_1137
LOG_01138,ITEM_0852,2023-02-17 10:00:00,in,B2,ORD_1138
LOG_01139,ITEM_0624,2023-02-17 11:00:00,in,B1,ORD_1139
LOG_01140,ITEM_0849,2023-02-17 12:00:00,in,B20,ORD_1140
LOG_01141,ITEM_0499,2023-02-17 13:00:00,in,B15,ORD_1141
LOG_01142,ITEM_0965,2023-02-17 14:00:00,in,B3,ORD_1142
LOG_01143,ITEM_0003,2023-02-17 15:00:00,out,B5,ORD_1143
LOG_01144,ITEM_0086,2023-02-17 16:00:00,out,B19,ORD_1144
LOG_01145,ITEM_0100,2023-02-17 17:00:00,in,B8,ORD_1145
LOG_01146,ITEM_0482,2023-02-17 18:00:00,out,B20,ORD_1146
LOG_01147,ITEM_0285,2023-02-17 19:00:00,in,B20,ORD_1147
LOG_01148,ITEM_0147,2023-02-17 20:00:00,out,B18,ORD_1148
LOG_01149,ITEM_0364,2023-02-17 21:00:00,in,B18,ORD_1149
LOG_01150,ITEM_0086,2023-02-17 22:00:00,in,B20,ORD_1150
LOG_01151,ITEM_0111,2023-02-17 23:00:00,in,B5,ORD_1151
LOG_01152,ITEM_0756,2023-02-18 00:00:00,out,B5,ORD_1152
LOG_01153,ITEM_0455,2023-02-18 01:00:00,out,B5,ORD_1153
LOG_01154,ITEM_0639,2023-02-18 02:00:00,in,B3,ORD_1154
LOG_01155,ITEM_0318,2023-02-18 03:00:00,in,B2,ORD_1155
LOG_01156,ITEM_0379,2023-02-18 04:00:00,out,B19,ORD_1156
LOG_01157,ITEM_0661,2023-02-18 05:00:00,in,B10,ORD_1157
LOG_01158,ITEM_0084,2023-02-18 06:00:00,in,B17,ORD_1158
LOG_01159,ITEM_0341,2023-02-18 07:00:00,in,B4,ORD_1159
LOG_01160,ITEM_0497,2023-02-18 08:00:00,out,B6,ORD_1160
LOG_01161,ITEM_0910,2023-02-18 09:00:00,in,B10,ORD_1161
LOG_01162,ITEM_0783,2023-02-18 10:00:00,out,B14,ORD_1162
LOG_01163,ITEM_0598,2023-02-18 11:00:00,out,B14,ORD_1163
LOG_01164,ITEM_0412,2023-02-18 12:00:00,out,B1,ORD_1164
LOG_01165,ITEM_0241,2023-02-18 13:00:00,in,B5,ORD_1165
LOG_01166,ITEM_0385,2023-02-18 14:00:00,out,B8,ORD_1166
LOG_01167,ITEM_0130,2023-02-18 15:00:00,out,B8,ORD_1167
LOG_01168,ITEM_0924,2023-02-18 16:00:00,out,B4,ORD_1168
LOG_01169,ITEM_0663,2023-02-18 17:00:00,in,B14,ORD_1169
LOG_01170,ITEM_0517,2023-02-18 18:00:00,in,B19,ORD_1170
LOG_01171,ITEM_0333,2023-02-18 19:00:00,in,B16,ORD_1171
LOG_01172,ITEM_0408,2023-02-18 20:00:00,in,B15,ORD_1172
LOG_01173,ITEM_0675,2023-02-18 21:00:00,in,B12,ORD_1173
LOG_01174,ITEM_0615,2023-02-18 22:00:00,in,B15,ORD_1174
LOG_01175,ITEM_0673,2023-02-18 23:00:00,out,B1,ORD_1175
LOG_01176,ITEM_0577,2023-02-19 00:00:00,out,B12,ORD_1176
LOG_01177,ITEM_0801,2023-02-19 01:00:00,in,B4,ORD_1177
LOG_01178,ITEM_0029,2023-02-19 02:00:00,in,B11,ORD_1178
LOG_01179,ITEM_0657,2023-02-19 03:00:00,in,B5,ORD_1179
LOG_01180,ITEM_0545,2023-02-19 04:00:00,in,B6,ORD_1180
LOG_01181,ITEM_0462,2023-02-19 05:00:00,in,B18,ORD_1181
LOG_01182,ITEM_0063,2023-02-19 06:00:00,in,B10,ORD_1182
LOG_01183,ITEM_0945,2023-02-19 07:00:00,out,B18,ORD_1183
LOG_01184,ITEM_0731,2023-02-19 08:00:00,out,B6,ORD_1184
LOG_01185,ITEM_0498,2023-02-19 09:00:00,out,B20,ORD_1185
LOG_01186,ITEM_0084,2023-02-19 10:00:00,in,B6,ORD_1186
LOG_01187,ITEM_0802,2023-02-19 11:00:00,out,B11,ORD_1187
LOG_01188,ITEM_0598,2023-02-19 12:00:00,in,B10,ORD_1188
LOG_01189,ITEM_0564,2023-02-19 13:00:00,in,B19,ORD_1189
LOG_01190,ITEM_0526,2023-02-19 14:00:00,out,B5,ORD_1190
LOG_01191,ITEM_0462,2023-02-19 15:00:00,in,B12,ORD_1191
LOG_01192,ITEM_0017,2023-02-19 16:00:00,in,B1,ORD_1192
LOG_01193,ITEM_0817,2023-02-19 17:00:00,out,B15,ORD_1193
LOG_01194,ITEM_0766,2023-02-19 18:00:00,in,B9,ORD_1194
LOG_01195,ITEM_0132,2023-02-19 19:00:00,out,B5,ORD_1195
LOG_01196,ITEM_0115,2023-02-19 20:00:00,out,B3,ORD_1196
LOG_01197,ITEM_0970,2023-02-19 21:00:00,in,B2,ORD_1197
LOG_01198,ITEM_0412,2023-02-19 22:00:00,in,B1,ORD_1198
LOG_01199,ITEM_0450,2023-02-19 23:00:00,out,B19,ORD_1199
LOG_01200,ITEM_0029,2023-02-20 00:00:00,in,B19,ORD_1200
LOG_01201,ITEM_0134,2023-02-20 01:00:00,in,B8,ORD_1201
LOG_01202,ITEM_0185,2023-02-20 02:00:00,in,B19,ORD_1202
LOG_01203,ITEM_0775,2023-02-20 03:00:00,in,B15,ORD_1203
LOG_01204,ITEM_0303,2023-02-20 04:00:00,in,B4,ORD_1204
LOG_01205,ITEM_0268,2023-02-20 05:00:00,out,B18,ORD_1205
LOG_01206,ITEM_0070,2023-02-20 06:00:00,in,B12,ORD_1206
LOG_01207,ITEM_0572,2023-02-20 07:00:00,in,B20,ORD_1207
LOG_01208,ITEM_0877,2023-02-20 08:00:00,in,B15,ORD_1208
LOG_01209,ITEM_0258,2023-02-20 09:00:00,in,B3,ORD_1209
LOG_01210,ITEM_0925,2023-02-20 10:00:00,out,B12,ORD_1210
LOG_01211,ITEM_0418,2023-02-20 11:00:00,in,B19,ORD_1211
LOG_01212,ITEM_0323,2023-02-20 12:00:00,in,B10,ORD_1212
LOG_01213,ITEM_0854,2023-02-20 13:00:00,out,B7,ORD_1213
LOG_01214,ITEM_0782,2023-02-20 14:00:00,out,B12,ORD_1214
LOG_01215,ITEM_0894,2023-02-20 15:00:00,out,B18,ORD_1215
LOG_01216,ITEM_0211,2023-02-20 16:00:00,out,B8,ORD_1216
LOG_01217,ITEM_0943,2023-02-20 17:00:00,out,B15,ORD_1217
LOG_01218,ITEM_0742,2023-02-20 18:00:00,out,B11,ORD_1218
LOG_01219,ITEM_0822,2023-02-20 19:00:00,in,B3,ORD_1219
LOG_01220,ITEM_0460,2023-02-20 20:00:00,out,B9,ORD_1220
LOG_01221,ITEM_0491,2023-02-20 21:00:00,in,B11,ORD_1221
LOG_01222,ITEM_0867,2023-02-20 22:00:00,out,B12,ORD_1222
LOG_01223,ITEM_0153,2023-02-20 23:00:00,in,B9,ORD_1223
LOG_01224,ITEM_0980,2023-02-21 00:00:00,out,B12,ORD_1224
LOG_01225,ITEM_0439,2023-02-21 01:00:00,in,B2,ORD_1225
LOG_01226,ITEM_0207,2023-02-21 02:00:00,in,B6,ORD_1226
LOG_01227,ITEM_0573,2023-02-21 03:00:00,in,B11,ORD_1227
LOG_01228,ITEM_0102,2023-02-21 04:00:00,in,B4,ORD_1228
LOG_01229,ITEM_0345,2023-02-21 05:00:00,out,B14,ORD_1229
LOG_01230,ITEM_0908,2023-02-21 06:00:00,out,B8,ORD_1230
LOG_01231,ITEM_0729,2023-02-21 07:00:00,out,B4,ORD_1231
LOG_01232,ITEM_0542,2023-02-21 08:00:00,out,B19,ORD_1232
LOG_01233,ITEM_0472,2023-02-21 09:00:00,out,B5,ORD_1233
LOG_01234,ITEM_0739,2023-02-21 10:00:00,in,B14,ORD_1234
LOG_01235,ITEM_0944,2023-02-21 11:00:00,out,B6,ORD_1235
LOG_01236,ITEM_0982,2023-02-21 12:00:00,in,B11,ORD_1236
LOG_01237,ITEM_0494,2023-02-21 13:00:00,in,B7,ORD_1237
LOG_01238,ITEM_0149,2023-02-21 14:00:00,in,B1,ORD_1238
LOG_01239,ITEM_0431,2023-02-21 15:00:00,in,B5,ORD_1239
LOG_01240,ITEM_0019,2023-02-21 16:00:00,in,B2,ORD_1240
LOG_01241,ITEM_0023,2023-02-21 17:00:00,in,B12,ORD_1241
LOG_01242,ITEM_0057,2023-02-21 18:00:00,in,B19,ORD_1242
LOG_01243,ITEM_0584,2023-02-21 19:00:00,out,B2,ORD_1243
LOG_01244,ITEM_0840,2023-02-21 20:00:00,out,B10,ORD_1244
LOG_01245,ITEM_0233,2023-02-21 21:00:00,out,B5,ORD_1245
LOG_01246,ITEM_0534,2023-02-21 22:00:00,in,B6,ORD_1246
LOG_01247,ITEM_0921,2023-02-21 23:00:00,in,B19,ORD_1247
LOG_01248,ITEM_0880,2023-02-22 00:00:00,out,B9,ORD_1248
LOG_01249,ITEM_0942,2023-02-22 01:00:00,in,B10,ORD_1249
LOG_01250,ITEM_0822,2023-02-22 02:00:00,in,B5,ORD_1250
LOG_01251,ITEM_0177,2023-02-22 03:00:00,out,B17,ORD_1251
LOG_01252,ITEM_0902,2023-02-22 04:00:00,in,B18,ORD_1252
LOG_01253,ITEM_0727,2023-02-22 05:00:00,out,B18,ORD_1253
LOG_01254,ITEM_0360,2023-02-22 06:00:00,out,B7,ORD_1254
LOG_01255,ITEM_0152,2023-02-22 07:00:00,out,B13,ORD_1255
LOG_01256,ITEM_0286,2023-02-22 08:00:00,in,B12,ORD_1256
LOG_01257,ITEM_0376,2023-02-22 09:00:00,in,B4,ORD_1257
LOG_01258,ITEM_0015,2023-02-22 10:00:00,in,B9,ORD_1258
LOG_01259,ITEM_0967,2023-02-22 11:00:00,out,B8,ORD_1259
LOG_01260,ITEM_0572,2023-02-22 12:00:00,out,B1,ORD_1260
LOG_01261,ITEM_0674,2023-02-22 13:00:00,in,B13,ORD_1261
LOG_01262,ITEM_0302,2023-02-22 14:00:00,out,B9,ORD_1262
LOG_01263,ITEM_0540,2023-02-22 15:00:00,in,B18,ORD_1263
LOG_01264,ITEM_0449,2023-02-22 16:00:00,in,B15,ORD_1264
LOG_01265,ITEM_0582,2023-02-22 17:00:00,in,B2,ORD_1265
LOG_01266,ITEM_0185,2023-02-22 18:00:00,in,B16,ORD_1266
LOG_01267,ITEM_0191,2023-02-22 19:00:00,out,B12,ORD_1267
LOG_01268,ITEM_0442,2023-02-22 20:00:00,out,B16,ORD_1268
LOG_01269,ITEM_0702,2023-02-22 21:00:00,out,B9,ORD_1269
LOG_01270,ITEM_0421,2023-02-22 22:00:00,out,B11,ORD_1270
LOG_01271,ITEM_0712,2023-02-22 23:00:00,out,B20,ORD_1271
LOG_01272,ITEM_0536,2023-02-23 00:00:00,out,B12,ORD_1272
LOG_01273,ITEM_0137,2023-02-23 01:00:00,in,B10,ORD_1273
LOG_01274,ITEM_0841,2023-02-23 02:00:00,out,B11,ORD_1274
LOG_01275,ITEM_0861,2023-02-23 03:00:00,in,B19,ORD_1275
LOG_01276,ITEM_0306,2023-02-23 04:00:00,in,B7,ORD_1276
LOG_01277,ITEM_0394,2023-02-23 05:00:00,in,B10,ORD_1277
LOG_01278,ITEM_0539,2023-02-23 06:00:00,out,B2,ORD_1278
LOG_01279,ITEM_0128,2023-02-23 07:00:00,in,B3,ORD_1279
LOG_01280,ITEM_0598,2023-02-23 08:00:00,in,B10,ORD_1280
LOG_01281,ITEM_0931,2023-02-23 09:00:00,in,B17,ORD_1281
LOG_01282,ITEM_0926,2023-02-23 10:00:00,out,B7,ORD_1282
LOG_01283,ITEM_0309,2023-02-23 11:00:00,in,B1,ORD_1283
LOG_01284,ITEM_0323,2023-02-23 12:00:00,out,B19,ORD_1284
LOG_01285,ITEM_0221,2023-02-23 13:00:00,out,B13,ORD_1285
LOG_01286,ITEM_0309,2023-02-23 14:00:00,out,B14,ORD_1286
LOG_01287,ITEM_0922,2023-02-23 15:00:00,out,B18,ORD_1287
LOG_01288,ITEM_0900,2023-02-23 16:00:00,out,B13,ORD_1288
LOG_01289,ITEM_0490,2023-02-23 17:00:00,in,B1,ORD_1289
LOG_01290,ITEM_0671,2023-02-23 18:00:00,in,B2,ORD_1290
LOG_01291,ITEM_0524,2023-02-23 19:00:00,out,B10,ORD_1291
LOG_01292,ITEM_0269,2023-02-23 20:00:00,out,B4,ORD_1292
LOG_01293,ITEM_0618,2023-02-23 21:00:00,out,B5,ORD_1293
LOG_01294,ITEM_0981,2023-02-23 22:00:00,in,B6,ORD_1294
LOG_01295,ITEM_0621,2023-02-23 23:00:00,out,B20,ORD_1295
LOG_01296,ITEM_0540,2023-02-24 00:00:00,in,B17,ORD_1296
LOG_01297,ITEM_0214,2023-02-24 01:00:00,out,B4,ORD_1297
LOG_01298,ITEM_0052,2023-02-24 02:00:00,in,B14,ORD_1298
LOG_01299,ITEM_0184,2023-02-24 03:00:00,out,B9,ORD_1299
LOG_01300,ITEM_0973,2023-02-24 04:00:00,in,B10,ORD_1300
LOG_01301,ITEM_0326,2023-02-24 05:00:00,in,B19,ORD_1301
LOG_01302,ITEM_0010,2023-02-24 06:00:00,out,B12,ORD_1302
LOG_01303,ITEM_0495,2023-02-24 07:00:00,out,B18,ORD_1303
LOG_01304,ITEM_0581,2023-02-24 08:00:00,out,B10,ORD_1304
LOG_01305,ITEM_0385,2023-02-24 09:00:00,in,B15,ORD_1305
LOG_01306,ITEM_0722,2023-02-24 10:00:00,out,B13,ORD_1306
LOG_01307,ITEM_0591,2023-02-24 11:00:00,out,B15,ORD_1307
LOG_01308,ITEM_0600,2023-02-24 12:00:00,out,B18,ORD_1308
LOG_01309,ITEM_0312,2023-02-24 13:00:00,in,B8,ORD_1309
LOG_01310,ITEM_0926,2023-02-24 14:00:00,out,B8,ORD_1310
LOG_01311,ITEM_0937,2023-02-24 15:00:00,out,B6,ORD_1311
LOG_01312,ITEM_0972,2023-02-24 16:00:00,out,B10,ORD_1312
LOG_01313,ITEM_0714,2023-02-24 17:00:00,out,B15,ORD_1313
LOG_01314,ITEM_0670,2023-02-24 18:00:00,out,B20,ORD_1314
LOG_01315,ITEM_0494,2023-02-24 19:00:00,in,B8,ORD_1315
LOG_01316,ITEM_0671,2023-02-24 20:00:00,out,B17,ORD_1316
LOG_01317,ITEM_0515,2023-02-24 21:00:00,out,B7,ORD_1317
LOG_01318,ITEM_0859,2023-02-24 22:00:00,out,B17,ORD_1318
LOG_01319,ITEM_0652,2023-02-24 23:00:00,in,B1,ORD_1319
LOG_01320,ITEM_0738,2023-02-25 00:00:00,in,B17,ORD_1320
LOG_01321,ITEM_0000,2023-02-25 01:00:00,in,B10,ORD_1321
LOG_01322,ITEM_0887,2023-02-25 02:00:00,in,B15,ORD_1322
LOG_01323,ITEM_0374,2023-02-25 03:00:00,out,B15,ORD_1323
LOG_01324,ITEM_0415,2023-02-25 04:00:00,out,B6,ORD_1324
LOG_01325,ITEM_0380,2023-02-25 05:00:00,out,B2,ORD_1325
LOG_01326,ITEM_0309,2023-02-25 06:00:00,out,B14,ORD_1326
LOG_01327,ITEM_0269,2023-02-25 07:00:00,out,B1,ORD_1327
LOG_01328,ITEM_0023,2023-02-25 08:00:00,in,B17,ORD_1328
LOG_01329,ITEM_0726,2023-02-25 09:00:00,in,B17,ORD_1329
LOG_01330,ITEM_0241,2023-02-25 10:00:00,out,B2,ORD_1330
LOG_01331,ITEM_0538,2023-02-25 11:00:00,out,B2,ORD_1331
LOG_01332,ITEM_0134,2023-02-25 12:00:00,in,B10,ORD_1332
LOG_01333,ITEM_0990,2023-02-25 13:00:00,in,B18,ORD_1333
LOG_01334,ITEM_0686,2023-02-25 14:00:00,out,B5,ORD_1334
LOG_01335,ITEM_0229,2023-02-25 15:00:00,in,B15,ORD_1335
LOG_01336,ITEM_0752,2023-02-25 16:00:00,in,B6,ORD_1336
LOG_01337,ITEM_0466,2023-02-25 17:00:00,in,B16,ORD_1337
LOG_01338,ITEM_0155,2023-02-25 18:00:00,out,B3,ORD_1338
LOG_01339,ITEM_0670,2023-02-25 19:00:00,in,B8,ORD_1339
LOG_01340,ITEM_0515,2023-02-25 20:00:00,in,B11,ORD_1340
LOG_01341,ITEM_0386,2023-02-25 21:00:00,in,B15,ORD_1341
LOG_01342,ITEM_0840,2023-02-25 22:00:00,out,B17,ORD_1342
LOG_01343,ITEM_0899,2023-02-25 23:00:00,out,B5,ORD_1343
LOG_01344,ITEM_0067,2023-02-26 00:00:00,out,B9,ORD_1344
LOG_01345,ITEM_0484,2023-02-26 01:00:00,in,B12,ORD_1345
LOG_01346,ITEM_0715,2023-02-26 02:00:00,out,B13,ORD_1346
LOG_01347,ITEM_0231,2023-02-26 03:00:00,in,B20,ORD_1347
LOG_01348,ITEM_0495,2023-02-26 04:00:00,in,B4,ORD_1348
LOG_01349,ITEM_0914,2023-02-26 05:00:00,out,B1,ORD_1349
LOG_01350,ITEM_0605,2023-02-26 06:00:00,in,B19,ORD_1350
LOG_01351,ITEM_0106,2023-02-26 07:00:00,out,B15,ORD_1351
LOG_01352,ITEM_0939,2023-02-26 08:00:00,out,B16,ORD_1352
LOG_01353,ITEM_0442,2023-02-26 09:00:00,in,B20,ORD_1353
LOG_01354,ITEM_0973,2023-02-26 10:00:00,in,B20,ORD_1354
LOG_01355,ITEM_0265,2023-02-26 11:00:00,out,B7,ORD_1355
LOG_01356,ITEM_0540,2023-02-26 12:00:00,out,B11,ORD_1356
LOG_01357,ITEM_0367,2023-02-26 13:00:00,in,B20,ORD_1357
LOG_01358,ITEM_0955,2023-02-26 14:00:00,out,B3,ORD_1358
LOG_01359,ITEM_0211,2023-02-26 15:00:00,in,B15,ORD_1359
LOG_01360,ITEM_0120,2023-02-26 16:00:00,out,B9,ORD_1360
LOG_01361,ITEM_0628,2023-02-26 17:00:00,out,B19,ORD_1361
LOG_01362,ITEM_0126,2023-02-26 18:00:00,out,B9,ORD_1362
LOG_01363,ITEM_0265,2023-02-26 19:00:00,in,B2,ORD_1363
LOG_01364,ITEM_0057,2023-02-26 20:00:00,out,B1,ORD_1364
LOG_01365,ITEM_0210,2023-02-26 21:00:00,in,B17,ORD_1365
LOG_01366,ITEM_0719,2023-02-26 22:00:00,in,B12,ORD_1366
LOG_01367,ITEM_0426,2023-02-26 23:00:00,out,B1,ORD_1367
LOG_01368,ITEM_0023,2023-02-27 00:00:00,out,B12,ORD_1368
LOG_01369,ITEM_0962,2023-02-27 01:00:00,in,B8,ORD_1369
LOG_01370,ITEM_0086,2023-02-27 02:00:00,in,B14,ORD_1370
LOG_01371,ITEM_0698,2023-02-27 03:00:00,in,B12,ORD_1371
LOG_01372,ITEM_0929,2023-02-27 04:00:00,in,B16,ORD_1372
LOG_01373,ITEM_0031,2023-02-27 05:00:00,in,B8,ORD_1373
LOG_01374,ITEM_0782,2023-02-27 06:00:00,out,B15,ORD_1374
LOG_01375,ITEM_0881,2023-02-27 07:00:00,out,B11,ORD_1375
LOG_01376,ITEM_0714,2023-02-27 08:00:00,in,B11,ORD_1376
LOG_01377,ITEM_0861,2023-02-27 09:00:00,in,B9,ORD_1377
LOG_01378,ITEM_0234,2023-02-27 10:00:00,out,B16,ORD_1378
LOG_01379,ITEM_0596,2023-02-27 11:00:00,out,B19,ORD_1379
LOG_01380,ITEM_0252,2023-02-27 12:00:00,in,B15,ORD_1380
LOG_01381,ITEM_0716,2023-02-27 13:00:00,out,B12,ORD_1381
LOG_01382,ITEM_0870,2023-02-27 14:00:00,out,B4,ORD_1382
LOG_01383,ITEM_0807,2023-02-27 15:00:00,out,B12,ORD_1383
LOG_01384,ITEM_0179,2023-02-27 16:00:00,in,B16,ORD_1384
LOG_01385,ITEM_0289,2023-02-27 17:00:00,in,B13,ORD_1385
LOG_01386,ITEM_0663,2023-02-27 18:00:00,out,B9,ORD_1386
LOG_01387,ITEM_0066,2023-02-27 19:00:00,in,B3,ORD_1387
LOG_01388,ITEM_0485,2023-02-27 20:00:00,out,B5,ORD_1388
LOG_01389,ITEM_0996,2023-02-27 21:00:00,in,B9,ORD_1389
LOG_01390,ITEM_0983,2023-02-27 22:00:00,in,B12,ORD_1390
LOG_01391,ITEM_0096,2023-02-27 23:00:00,out,B17,ORD_1391
LOG_01392,ITEM_0222,2023-02-28 00:00:00,out,B16,ORD_1392
LOG_01393,ITEM_0127,2023-02-28 01:00:00,out,B2,ORD_1393
LOG_01394,ITEM_0038,2023-02-28 02:00:00,out,B11,ORD_1394
LOG_01395,ITEM_0636,2023-02-28 03:00:00,out,B2,ORD_1395
LOG_01396,ITEM_0625,2023-02-28 04:00:00,in,B2,ORD_1396
LOG_01397,ITEM_0640,2023-02-28 05:00:00,in,B20,ORD_1397
LOG_01398,ITEM_0230,2023-02-28 06:00:00,in,B8,ORD_1398
LOG_01399,ITEM_0062,2023-02-28 07:00:00,in,B20,ORD_1399
LOG_01400,ITEM_0167,2023-02-28 08:00:00,out,B18,ORD_1400
LOG_01401,ITEM_0469,2023-02-28 09:00:00,in,B6,ORD_1401
LOG_01402,ITEM_0002,2023-02-28 10:00:00,in,B6,ORD_1402
LOG_01403,ITEM_0280,2023-02-28 11:00:00,in,B4,ORD_1403
LOG_01404,ITEM_0813,2023-02-28 12:00:00,out,B18,ORD_1404
LOG_01405,ITEM_0536,2023-02-28 13:00:00,in,B12,ORD_1405
LOG_01406,ITEM_0194,2023-02-28 14:00:00,out,B15,ORD_1406
LOG_01407,ITEM_0975,2023-02-28 15:00:00,in,B1,ORD_1407
LOG_01408,ITEM_0429,2023-02-28 16:00:00,in,B17,ORD_1408
LOG_01409,ITEM_0358,2023-02-28 17:00:00,out,B19,ORD_1409
LOG_01410,ITEM_0066,2023-02-28 18:00:00,out,B18,ORD_1410
LOG_01411,ITEM_0781,2023-02-28 19:00:00,in,B9,ORD_1411
LOG_01412,ITEM_0656,2023-02-28 20:00:00,in,B15,ORD_1412
LOG_01413,ITEM_0944,2023-02-28 21:00:00,out,B13,ORD_1413
LOG_01414,ITEM_0068,2023-02-28 22:00:00,out,B20,ORD_1414
LOG_01415,ITEM_0765,2023-02-28 23:00:00,in,B12,ORD_1415
LOG_01416,ITEM_0825,2023-03-01 00:00:00,in,B1,ORD_1416
LOG_01417,ITEM_0416,2023-03-01 01:00:00,out,B17,ORD_1417
LOG_01418,ITEM_0183,2023-03-01 02:00:00,out,B16,ORD_1418
LOG_01419,ITEM_0115,2023-03-01 03:00:00,in,B12,ORD_1419
LOG_01420,ITEM_0320,2023-03-01 04:00:00,out,B4,ORD_1420
LOG_01421,ITEM_0233,2023-03-01 05:00:00,in,B3,ORD_1421
LOG_01422,ITEM_0521,2023-03-01 06:00:00,out,B18,ORD_1422
LOG_01423,ITEM_0036,2023-03-01 07:00:00,in,B10,ORD_1423
LOG_01424,ITEM_0633,2023-03-01 08:00:00,out,B18,ORD_1424
LOG_01425,ITEM_0838,2023-03-01 09:00:00,in,B2,ORD_1425
LOG_01426,ITEM_0496,2023-03-01 10:00:00,out,B2,ORD_1426
LOG_01427,ITEM_0239,2023-03-01 11:00:00,out,B17,ORD_1427
LOG_01428,ITEM_0497,2023-03-01 12:00:00,out,B8,ORD_1428
LOG_01429,ITEM_0173,2023-03-01 13:00:00,out,B20,ORD_1429
LOG_01430,ITEM_0208,2023-03-01 14:00:00,out,B1,ORD_1430
LOG_01431,ITEM_0104,2023-03-01 15:00:00,out,B4,ORD_1431
LOG_01432,ITEM_0911,2023-03-01 16:00:00,out,B3,ORD_1432
LOG_01433,ITEM_0373,2023-03-01 17:00:00,in,B12,ORD_1433
LOG_01434,ITEM_0606,2023-03-01 18:00:00,out,B9,ORD_1434
LOG_01435,ITEM_0224,2023-03-01 19:00:00,in,B5,ORD_1435
LOG_01436,ITEM_0854,2023-03-01 20:00:00,out,B16,ORD_1436
LOG_01437,ITEM_0971,2023-03-01 21:00:00,in,B13,ORD_1437
LOG_01438,ITEM_0663,2023-03-01 22:00:00,in,B1,ORD_1438
LOG_01439,ITEM_0808,2023-03-01 23:00:00,out,B1,ORD_1439
LOG_01440,ITEM_0145,2023-03-02 00:00:00,in,B7,ORD_1440
LOG_01441,ITEM_0050,2023-03-02 01:00:00,in,B9,ORD_1441
LOG_01442,ITEM_0116,2023-03-02 02:00:00,in,B10,ORD_1442
LOG_01443,ITEM_0436,2023-03-02 03:00:00,in,B10,ORD_1443
LOG_01444,ITEM_0623,2023-03-02 04:00:00,in,B19,ORD_1444
LOG_01445,ITEM_0550,2023-03-02 05:00:00,in,B4,ORD_1445
LOG_01446,ITEM_0816,2023-03-02 06:00:00,out,B1,ORD_1446
LOG_01447,ITEM_0395,2023-03-02 07:00:00,in,B5,ORD_1447
LOG_01448,ITEM_0788,2023-03-02 08:00:00,in,B9,ORD_1448
LOG_01449,ITEM_0712,2023-03-02 09:00:00,in,B4,ORD_1449
LOG_01450,ITEM_0080,2023-03-02 10:00:00,out,B20,ORD_1450
LOG_01451,ITEM_0954,2023-03-02 11:00:00,out,B1,ORD_1451
LOG_01452,ITEM_0530,2023-03-02 12:00:00,out,B3,ORD_1452
LOG_01453,ITEM_0745,2023-03-02 13:00:00,out,B20,ORD_1453
LOG_01454,ITEM_0290,2023-03-02 14:00:00,in,B3,ORD_1454
LOG_01455,ITEM_0796,2023-03-02 15:00:00,in,B16,ORD_1455
LOG_01456,ITEM_0340,2023-03-02 16:00:00,in,B1,ORD_1456
LOG_01457,ITEM_0536,2023-03-02 17:00:00,out,B2,ORD_1457
LOG_01458,ITEM_0655,2023-03-02 18:00:00,out,B11,ORD_1458
LOG_01459,ITEM_0546,2023-03-02 19:00:00,out,B9,ORD_1459
LOG_01460,ITEM_0303,2023-03-02 20:00:00,in,B11,ORD_1460
LOG_01461,ITEM_0290,2023-03-02 21:00:00,out,B12,ORD_1461
LOG_01462,ITEM_0184,2023-03-02 22:00:00,out,B6,ORD_1462
LOG_01463,ITEM_0514,2023-03-02 23:00:00,out,B2,ORD_1463
LOG_01464,ITEM_0732,2023-03-03 00:00:00,in,B6,ORD_1464
LOG_01465,ITEM_0299,2023-03-03 01:00:00,out,B15,ORD_1465
LOG_01466,ITEM_0049,2023-03-03 02:00:00,in,B13,ORD_1466
LOG_01467,ITEM_0341,2023-03-03 03:00:00,in,B20,ORD_1467
LOG_01468,ITEM_0918,2023-03-03 04:00:00,in,B8,ORD_1468
LOG_01469,ITEM_0008,2023-03-03 05:00:00,out,B15,ORD_1469
LOG_01470,ITEM_0180,2023-03-03 06:00:00,out,B18,ORD_1470
LOG_01471,ITEM_0177,2023-03-03 07:00:00,in,B15,ORD_1471
LOG_01472,ITEM_0115,2023-03-03 08:00:00,in,B5,ORD_1472
LOG_01473,ITEM_0179,2023-03-03 09:00:00,in,B12,ORD_1473
LOG_01474,ITEM_0534,2023-03-03 10:00:00,out,B2,ORD_1474
LOG_01475,ITEM_0100,2023-03-03 11:00:00,out,B5,ORD_1475
LOG_01476,ITEM_0681,2023-03-03 12:00:00,out,B8,ORD_1476
LOG_01477,ITEM_0336,2023-03-03 13:00:00,in,B1,ORD_1477
LOG_01478,ITEM_0575,2023-03-03 14:00:00,in,B9,ORD_1478
LOG_01479,ITEM_0578,2023-03-03 15:00:00,out,B3,ORD_1479
LOG_01480,ITEM_0618,2023-03-03 16:00:00,in,B7,ORD_1480
LOG_01481,ITEM_0322,2023-03-03 17:00:00,out,B3,ORD_1481
LOG_01482,ITEM_0538,2023-03-03 18:00:00,in,B3,ORD_1482
LOG_01483,ITEM_0210,2023-03-03 19:00:00,in,B5,ORD_1483
LOG_01484,ITEM_0692,2023-03-03 20:00:00,out,B18,ORD_1484
LOG_01485,ITEM_0450,2023-03-03 21:00:00,in,B14,ORD_1485
LOG_01486,ITEM_0635,2023-03-03 22:00:00,out,B3,ORD_1486
LOG_01487,ITEM_0633,2023-03-03 23:00:00,out,B17,ORD_1487
LOG_01488,ITEM_0543,2023-03-04 00:00:00,in,B6,ORD_1488
LOG_01489,ITEM_0787,2023-03-04 01:00:00,in,B17,ORD_1489
LOG_01490,ITEM_0603,2023-03-04 02:00:00,in,B11,ORD_1490
LOG_01491,ITEM_0790,2023-03-04 03:00:00,out,B13,ORD_1491
LOG_01492,ITEM_0782,2023-03-04 04:00:00,in,B7,ORD_1492
LOG_01493,ITEM_0325,2023-03-04 05:00:00,out,B17,ORD_1493
LOG_01494,ITEM_0553,2023-03-04 06:00:00,out,B8,ORD_1494
LOG_01495,ITEM_0762,2023-03-04 07:00:00,in,B10,ORD_1495
LOG_01496,ITEM_0099,2023-03-04 08:00:00,in,B4,ORD_1496
LOG_01497,ITEM_0017,2023-03-04 09:00:00,in,B6,ORD_1497
LOG_01498,ITEM_0473,2023-03-04 10:00:00,in,B13,ORD_1498
LOG_01499,ITEM_0757,2023-03-04 11:00:00,in,B11,ORD_1499
LOG_01500,ITEM_0578,2023-03-04 12:00:00,in,B19,ORD_1500
LOG_01501,ITEM_0911,2023-03-04 13:00:00,in,B8,ORD_1501
LOG_01502,ITEM_0615,2023-03-04 14:00:00,in,B17,ORD_1502
LOG_01503,ITEM_0956,2023-03-04 15:00:00,in,B13,ORD_1503
LOG_01504,ITEM_0216,2023-03-04 16:00:00,in,B10,ORD_1504
LOG_01505,ITEM_0237,2023-03-04 17:00:00,out,B11,ORD_1505
LOG_01506,ITEM_0291,2023-03-04 18:00:00,out,B2,ORD_1506
LOG_01507,ITEM_0478,2023-03-04 19:00:00,in,B13,ORD_1507
LOG_01508,ITEM_0634,2023-03-04 20:00:00,out,B13,ORD_1508
LOG_01509,ITEM_0670,2023-03-04 21:00:00,out,B5,ORD_1509
LOG_01510,ITEM_0989,2023-03-04 22:00:00,out,B3,ORD_1510
LOG_01511,ITEM_0670,2023-03-04 23:00:00,out,B18,ORD_1511
LOG_01512,ITEM_0520,2023-03-05 00:00:00,out,B9,ORD_1512
LOG_01513,ITEM_0837,2023-03-05 01:00:00,out,B1,ORD_1513
LOG_01514,ITEM_0637,2023-03-05 02:00:00,out,B16,ORD_1514
LOG_01515,ITEM_0729,2023-03-05 03:00:00,out,B6,ORD_1515
LOG_01516,ITEM_0369,2023-03-05 04:00:00,out,B8,ORD_1516
LOG_01517,ITEM_0365,2023-03-05 05:00:00,in,B9,ORD_1517
LOG_01518,ITEM_0502,2023-03-05 06:00:00,in,B5,ORD_1518
LOG_01519,ITEM_0286,2023-03-05 07:00:00,out,B17,ORD_1519
LOG_01520,ITEM_0415,2023-03-05 08:00:00,in,B4,ORD_1520
LOG_01521,ITEM_0401,2023-03-05 09:00:00,out,B20,ORD_1521
LOG_01522,ITEM_0893,2023-03-05 10:00:00,out,B11,ORD_1522
LOG_01523,ITEM_0658,2023-03-05 11:00:00,in,B16,ORD_1523
LOG_01524,ITEM_0842,2023-03-05 12:00:00,in,B1,ORD_1524
LOG_01525,ITEM_0795,2023-03-05 13:00:00,out,B11,ORD_1525
LOG_01526,ITEM_0397,2023-03-05 14:00:00,out,B5,ORD_1526
LOG_01527,ITEM_0802,2023-03-05 15:00:00,out,B10,ORD_1527
LOG_01528,ITEM_0428,2023-03-05 16:00:00,out,B6,ORD_1528
LOG_01529,ITEM_0584,2023-03-05 17:00:00,in,B2,ORD_1529
LOG_01530,ITEM_0438,2023-03-05 18:00:00,in,B2,ORD_1530
LOG_01531,ITEM_0339,2023-03-05 19:00:00,out,B18,ORD_1531
LOG_01532,ITEM_0786,2023-03-05 20:00:00,out,B3,ORD_1532
LOG_01533,ITEM_0645,2023-03-05 21:00:00,out,B12,ORD_1533
LOG_01534,ITEM_0078,2023-03-05 22:00:00,out,B2,ORD_1534
LOG_01535,ITEM_0021,2023-03-05 23:00:00,in,B12,ORD_1535
LOG_01536,ITEM_0489,2023-03-06 00:00:00,in,B2,ORD_1536
LOG_01537,ITEM_0590,2023-03-06 01:00:00,in,B20,ORD_1537
LOG_01538,ITEM_0616,2023-03-06 02:00:00,out,B5,ORD_1538
LOG_01539,ITEM_0071,2023-03-06 03:00:00,out,B9,ORD_1539
LOG_01540,ITEM_0727,2023-03-06 04:00:00,in,B2,ORD_1540
LOG_01541,ITEM_0221,2023-03-06 05:00:00,out,B13,ORD_1541
LOG_01542,ITEM_0372,2023-03-06 06:00:00,in,B7,ORD_1542
LOG_01543,ITEM_0127,2023-03-06 07:00:00,out,B8,ORD_1543
LOG_01544,ITEM_0776,2023-03-06 08:00:00,in,B13,ORD_1544
LOG_01545,ITEM_0543,2023-03-06 09:00:00,out,B17,ORD_1545
LOG_01546,ITEM_0474,2023-03-06 10:00:00,in,B8,ORD_1546
LOG_01547,ITEM_0660,2023-03-06 11:00:00,out,B16,ORD_1547
LOG_01548,ITEM_0350,2023-03-06 12:00:00,in,B4,ORD_1548
LOG_01549,ITEM_0826,2023-03-06 13:00:00,out,B8,ORD_1549
LOG_01550,ITEM_0819,2023-03-06 14:00:00,in,B10,ORD_1550
LOG_01551,ITEM_0105,2023-03-06 15:00:00,out,B12,ORD_1551
LOG_01552,ITEM_0712,2023-03-06 16:00:00,in,B2,ORD_1552
LOG_01553,ITEM_0150,2023-03-06 17:00:00,out,B16,ORD_1553
LOG_01554,ITEM_0956,2023-03-06 18:00:00,out,B4,ORD_1554
LOG_01555,ITEM_0180,2023-03-06 19:00:00,out,B2,ORD_1555
LOG_01556,ITEM_0472,2023-03-06 20:00:00,out,B19,ORD_1556
LOG_01557,ITEM_0697,2023-03-06 21:00:00,in,B16,ORD_1557
LOG_01558,ITEM_0742,2023-03-06 22:00:00,out,B12,ORD_1558
LOG_01559,ITEM_0301,2023-03-06 23:00:00,out,B11,ORD_1559
LOG_01560,ITEM_0050,2023-03-07 00:00:00,out,B11,ORD_1560
LOG_01561,ITEM_0565,2023-03-07 01:00:00,in,B20,ORD_1561
LOG_01562,ITEM_0963,2023-03-07 02:00:00,out,B3,ORD_1562
LOG_01563,ITEM_0872,2023-03-07 03:00:00,out,B4,ORD_1563
LOG_01564,ITEM_0546,2023-03-07 04:00:00,out,B11,ORD_1564
LOG_01565,ITEM_0003,2023-03-07 05:00:00,in,B16,ORD_1565
LOG_01566,ITEM_0840,2023-03-07 06:00:00,out,B5,ORD_1566
LOG_01567,ITEM_0518,2023-03-07 07:00:00,out,B11,ORD_1567
LOG_01568,ITEM_0125,2023-03-07 08:00:00,in,B10,ORD_1568
LOG_01569,ITEM_0694,2023-03-07 09:00:00,out,B12,ORD_1569
LOG_01570,ITEM_0886,2023-03-07 10:00:00,out,B14,ORD_1570
LOG_01571,ITEM_0172,2023-03-07 11:00:00,out,B9,ORD_1571
LOG_01572,ITEM_0869,2023-03-07 12:00:00,out,B15,ORD_1572
LOG_01573,ITEM_0881,2023-03-07 13:00:00,out,B6,ORD_1573
LOG_01574,ITEM_0348,2023-03-07 14:00:00,out,B3,ORD_1574
LOG_01575,ITEM_0974,2023-03-07 15:00:00,out,B6,ORD_1575
LOG_01576,ITEM_0774,2023-03-07 16:00:00,out,B18,ORD_1576
LOG_01577,ITEM_0283,2023-03-07 17:00:00,out,B14,ORD_1577
LOG_01578,ITEM_0952,2023-03-07 18:00:00,out,B13,ORD_1578
LOG_01579,ITEM_0004,2023-03-07 19:00:00,out,B10,ORD_1579
LOG_01580,ITEM_0114,2023-03-07 20:00:00,out,B12,ORD_1580
LOG_01581,ITEM_0396,2023-03-07 21:00:00,in,B15,ORD_1581
LOG_01582,ITEM_0891,2023-03-07 22:00:00,out,B20,ORD_1582
LOG_01583,ITEM_0275,2023-03-07 23:00:00,out,B11,ORD_1583
LOG_01584,ITEM_0925,2023-03-08 00:00:00,out,B20,ORD_1584
LOG_01585,ITEM_0007,2023-03-08 01:00:00,in,B8,ORD_1585
LOG_01586,ITEM_0257,2023-03-08 02:00:00,out,B4,ORD_1586
LOG_01587,ITEM_0350,2023-03-08 03:00:00,in,B18,ORD_1587
LOG_01588,ITEM_0388,2023-03-08 04:00:00,in,B14,ORD_1588
LOG_01589,ITEM_0584,2023-03-08 05:00:00,out,B9,ORD_1589
LOG_01590,ITEM_0323,2023-03-08 06:00:00,in,B10,ORD_1590
LOG_01591,ITEM_0019,2023-03-08 07:00:00,in,B8,ORD_1591
LOG_01592,ITEM_0536,2023-03-08 08:00:00,out,B3,ORD_1592
LOG_01593,ITEM_0593,2023-03-08 09:00:00,in,B6,ORD_1593
LOG_01594,ITEM_0387,2023-03-08 10:00:00,out,B11,ORD_1594
LOG_01595,ITEM_0825,2023-03-08 11:00:00,out,B11,ORD_1595
LOG_01596,ITEM_0313,2023-03-08 12:00:00,out,B16,ORD_1596
LOG_01597,ITEM_0525,2023-03-08 13:00:00,out,B17,ORD_1597
LOG_01598,ITEM_0413,2023-03-08 14:00:00,in,B20,ORD_1598
LOG_01599,ITEM_0063,2023-03-08 15:00:00,in,B1,ORD_1599
LOG_01600,ITEM_0002,2023-03-08 16:00:00,out,B2,ORD_1600
LOG_01601,ITEM_0068,2023-03-08 17:00:00,out,B20,ORD_1601
LOG_01602,ITEM_0240,2023-03-08 18:00:00,out,B15,ORD_1602
LOG_01603,ITEM_0808,2023-03-08 19:00:00,out,B20,ORD_1603
LOG_01604,ITEM_0451,2023-03-08 20:00:00,in,B14,ORD_1604
LOG_01605,ITEM_0036,2023-03-08 21:00:00,out,B17,ORD_1605
LOG_01606,ITEM_0156,2023-03-08 22:00:00,in,B8,ORD_1606
LOG_01607,ITEM_0224,2023-03-08 23:00:00,in,B9,ORD_1607
LOG_01608,ITEM_0141,2023-03-09 00:00:00,in,B11,ORD_1608
LOG_01609,ITEM_0111,2023-03-09 01:00:00,out,B17,ORD_1609
LOG_01610,ITEM_0813,2023-03-09 02:00:00,out,B8,ORD_1610
LOG_01611,ITEM_0379,2023-03-09 03:00:00,out,B15,ORD_1611
LOG_01612,ITEM_0197,2023-03-09 04:00:00,out,B10,ORD_1612
LOG_01613,ITEM_0162,2023-03-09 05:00:00,in,B11,ORD_1613
LOG_01614,ITEM_0766,2023-03-09 06:00:00,out,B1,ORD_1614
LOG_01615,ITEM_0957,2023-03-09 07:00:00,out,B12,ORD_1615
LOG_01616,ITEM_0301,2023-03-09 08:00:00,out,B9,ORD_1616
LOG_01617,ITEM_0384,2023-03-09 09:00:00,out,B17,ORD_1617
LOG_01618,ITEM_0069,2023-03-09 10:00:00,out,B6,ORD_1618
LOG_01619,ITEM_0087,2023-03-09 11:00:00,in,B19,ORD_1619
LOG_01620,ITEM_0043,2023-03-09 12:00:00,out,B6,ORD_1620
LOG_01621,ITEM_0271,2023-03-09 13:00:00,in,B17,ORD_1621
LOG_01622,ITEM_0725,2023-03-09 14:00:00,out,B8,ORD_1622
LOG_01623,ITEM_0638,2023-03-09 15:00:00,out,B5,ORD_1623
LOG_01624,ITEM_0026,2023-03-09 16:00:00,out,B10,ORD_1624
LOG_01625,ITEM_0671,2023-03-09 17:00:00,out,B2,ORD_1625
LOG_01626,ITEM_0080,2023-03-09 18:00:00,in,B16,ORD_1626
LOG_01627,ITEM_0478,2023-03-09 19:00:00,out,B8,ORD_1627
LOG_01628,ITEM_0764,2023-03-09 20:00:00,in,B10,ORD_1628
LOG_01629,ITEM_0184,2023-03-09 21:00:00,in,B4,ORD_1629
LOG_01630,ITEM_0144,2023-03-09 22:00:00,in,B1,ORD_1630
LOG_01631,ITEM_0059,2023-03-09 23:00:00,in,B9,ORD_1631
LOG_01632,ITEM_0682,2023-03-10 00:00:00,out,B20,ORD_1632
LOG_01633,ITEM_0367,2023-03-10 01:00:00,in,B14,ORD_1633
LOG_01634,ITEM_0371,2023-03-10 02:00:00,out,B8,ORD_1634
LOG_01635,ITEM_0408,2023-03-10 03:00:00,out,B16,ORD_1635
LOG_01636,ITEM_0346,2023-03-10 04:00:00,in,B1,ORD_1636
LOG_01637,ITEM_0179,2023-03-10 05:00:00,out,B10,ORD_1637
LOG_01638,ITEM_0656,2023-03-10 06:00:00,out,B13,ORD_1638
LOG_01639,ITEM_0337,2023-03-10 07:00:00,out,B17,ORD_1639
LOG_01640,ITEM_0651,2023-03-10 08:00:00,out,B8,ORD_1640
LOG_01641,ITEM_0040,2023-03-10 09:00:00,in,B18,ORD_1641
LOG_01642,ITEM_0838,2023-03-10 10:00:00,out,B12,ORD_1642
LOG_01643,ITEM_0882,2023-03-10 11:00:00,out,B3,ORD_1643
LOG_01644,ITEM_0607,2023-03-10 12:00:00,out,B19,ORD_1644
LOG_01645,ITEM_0726,2023-03-10 13:00:00,out,B14,ORD_1645
LOG_01646,ITEM_0502,2023-03-10 14:00:00,out,B4,ORD_1646
LOG_01647,ITEM_0536,2023-03-10 15:00:00,out,B5,ORD_1647
LOG_01648,ITEM_0566,2023-03-10 16:00:00,in,B3,ORD_1648
LOG_01649,ITEM_0820,2023-03-10 17:00:00,in,B2,ORD_1649
LOG_01650,ITEM_0332,2023-03-10 18:00:00,out,B20,ORD_1650
LOG_01651,ITEM_0244,2023-03-10 19:00:00,out,B2,ORD_1651
LOG_01652,ITEM_0819,2023-03-10 20:00:00,out,B17,ORD_1652
LOG_01653,ITEM_0452,2023-03-10 21:00:00,in,B7,ORD_1653
LOG_01654,ITEM_0206,2023-03-10 22:00:00,out,B10,ORD_1654
LOG_01655,ITEM_0819,2023-03-10 23:00:00,out,B5,ORD_1655
LOG_01656,ITEM_0876,2023-03-11 00:00:00,in,B11,ORD_1656
LOG_01657,ITEM_0044,2023-03-11 01:00:00,out,B16,ORD_1657
LOG_01658,ITEM_0026,2023-03-11 02:00:00,in,B2,ORD_1658
LOG_01659,ITEM_0467,2023-03-11 03:00:00,in,B11,ORD_1659
LOG_01660,ITEM_0842,2023-03-11 04:00:00,out,B10,ORD_1660
LOG_01661,ITEM_0779,2023-03-11 05:00:00,out,B5,ORD_1661
LOG_01662,ITEM_0190,2023-03-11 06:00:00,in,B14,ORD_1662
LOG_01663,ITEM_0180,2023-03-11 07:00:00,in,B3,ORD_1663
LOG_01664,ITEM_0825,2023-03-11 08:00:00,out,B1,ORD_1664
LOG_01665,ITEM_0151,2023-03-11 09:00:00,out,B19,ORD_1665
LOG_01666,ITEM_0202,2023-03-11 10:00:00,out,B18,ORD_1666
LOG_01667,ITEM_0113,2023-03-11 11:00:00,in,B5,ORD_1667
LOG_01668,ITEM_0688,2023-03-11 12:00:00,out,B9,ORD_1668
LOG_01669,ITEM_0972,2023-03-11 13:00:00,in,B17,ORD_1669
LOG_01670,ITEM_0817,2023-03-11 14:00:00,in,B6,ORD_1670
LOG_01671,ITEM_0438,2023-03-11 15:00:00,out,B15,ORD_1671
LOG_01672,ITEM_0918,2023-03-11 16:00:00,in,B5,ORD_1672
LOG_01673,ITEM_0937,2023-03-11 17:00:00,in,B8,ORD_1673
LOG_01674,ITEM_0529,2023-03-11 18:00:00,out,B2,ORD_1674
LOG_01675,ITEM_0566,2023-03-11 19:00:00,in,B19,ORD_1675
LOG_01676,ITEM_0123,2023-03-11 20:00:00,in,B3,ORD_1676
LOG_01677,ITEM_0965,2023-03-11 21:00:00,out,B3,ORD_1677
LOG_01678,ITEM_0757,2023-03-11 22:00:00,in,B3,ORD_1678
LOG_01679,ITEM_0041,2023-03-11 23:00:00,in,B7,ORD_1679
LOG_01680,ITEM_0301,2023-03-12 00:00:00,in,B9,ORD_1680
LOG_01681,ITEM_0581,2023-03-12 01:00:00,out,B11,ORD_1681
LOG_01682,ITEM_0014,2023-03-12 02:00:00,out,B11,ORD_1682
LOG_01683,ITEM_0976,2023-03-12 03:00:00,out,B3,ORD_1683
LOG_01684,ITEM_0978,2023-03-12 04:00:00,out,B1,ORD_1684
LOG_01685,ITEM_0884,2023-03-12 05:00:00,in,B7,ORD_1685
LOG_01686,ITEM_0927,2023-03-12 06:00:00,in,B9,ORD_1686
LOG_01687,ITEM_0754,2023-03-12 07:00:00,out,B15,ORD_1687
LOG_01688,ITEM_0385,2023-03-12 08:00:00,in,B18,ORD_1688
LOG_01689,ITEM_0671,2023-03-12 09:00:00,out,B10,ORD_1689
LOG_01690,ITEM_0143,2023-03-12 10:00:00,out,B11,ORD_1690
LOG_01691,ITEM_0977,2023-03-12 11:00:00,out,B13,ORD_1691
LOG_01692,ITEM_0834,2023-03-12 12:00:00,out,B19,ORD_1692
LOG_01693,ITEM_0270,2023-03-12 13:00:00,out,B5,ORD_1693
LOG_01694,ITEM_0563,2023-03-12 14:00:00,out,B4,ORD_1694
LOG_01695,ITEM_0912,2023-03-12 15:00:00,out,B6,ORD_1695
LOG_01696,ITEM_0068,2023-03-12 16:00:00,in,B7,ORD_1696
LOG_01697,ITEM_0190,2023-03-12 17:00:00,in,B6,ORD_1697
LOG_01698,ITEM_0057,2023-03-12 18:00:00,in,B17,ORD_1698
LOG_01699,ITEM_0605,2023-03-12 19:00:00,out,B3,ORD_1699
LOG_01700,ITEM_0475,2023-03-12 20:00:00,out,B18,ORD_1700
LOG_01701,ITEM_0563,2023-03-12 21:00:00,out,B7,ORD_1701
LOG_01702,ITEM_0821,2023-03-12 22:00:00,in,B13,ORD_1702
LOG_01703,ITEM_0314,2023-03-12 23:00:00,out,B5,ORD_1703
LOG_01704,ITEM_0729,2023-03-13 00:00:00,out,B1,ORD_1704
LOG_01705,ITEM_0395,2023-03-13 01:00:00,in,B11,ORD_1705
LOG_01706,ITEM_0018,2023-03-13 02:00:00,in,B10,ORD_1706
LOG_01707,ITEM_0984,2023-03-13 03:00:00,in,B2,ORD_1707
LOG_01708,ITEM_0373,2023-03-13 04:00:00,out,B1,ORD_1708
LOG_01709,ITEM_0896,2023-03-13 05:00:00,in,B6,ORD_1709
LOG_01710,ITEM_0441,2023-03-13 06:00:00,out,B18,ORD_1710
LOG_01711,ITEM_0864,2023-03-13 07:00:00,in,B19,ORD_1711
LOG_01712,ITEM_0147,2023-03-13 08:00:00,in,B16,ORD_1712
LOG_01713,ITEM_0193,2023-03-13 09:00:00,out,B18,ORD_1713
LOG_01714,ITEM_0060,2023-03-13 10:00:00,out,B15,ORD_1714
LOG_01715,ITEM_0788,2023-03-13 11:00:00,in,B9,ORD_1715
LOG_01716,ITEM_0091,2023-03-13 12:00:00,in,B20,ORD_1716
LOG_01717,ITEM_0215,2023-03-13 13:00:00,in,B4,ORD_1717
LOG_01718,ITEM_0216,2023-03-13 14:00:00,in,B11,ORD_1718
LOG_01719,ITEM_0087,2023-03-13 15:00:00,out,B5,ORD_1719
LOG_01720,ITEM_0894,2023-03-13 16:00:00,in,B20,ORD_1720
LOG_01721,ITEM_0090,2023-03-13 17:00:00,in,B6,ORD_1721
LOG_01722,ITEM_0239,2023-03-13 18:00:00,in,B18,ORD_1722
LOG_01723,ITEM_0706,2023-03-13 19:00:00,in,B4,ORD_1723
LOG_01724,ITEM_0989,2023-03-13 20:00:00,out,B17,ORD_1724
LOG_01725,ITEM_0290,2023-03-13 21:00:00,in,B7,ORD_1725
LOG_01726,ITEM_0892,2023-03-13 22:00:00,out,B4,ORD_1726
LOG_01727,ITEM_0244,2023-03-13 23:00:00,out,B17,ORD_1727
LOG_01728,ITEM_0594,2023-03-14 00:00:00,in,B4,ORD_1728
LOG_01729,ITEM_0169,2023-03-14 01:00:00,out,B5,ORD_1729
LOG_01730,ITEM_0458,2023-03-14 02:00:00,out,B8,ORD_1730
LOG_01731,ITEM_0803,2023-03-14 03:00:00,in,B11,ORD_1731
LOG_01732,ITEM_0507,2023-03-14 04:00:00,out,B7,ORD_1732
LOG_01733,ITEM_0798,2023-03-14 05:00:00,in,B14,ORD_1733
LOG_01734,ITEM_0977,2023-03-14 06:00:00,out,B18,ORD_1734
LOG_01735,ITEM_0677,2023-03-14 07:00:00,out,B8,ORD_1735
LOG_01736,ITEM_0015,2023-03-14 08:00:00,in,B19,ORD_1736
LOG_01737,ITEM_0530,2023-03-14 09:00:00,out,B5,ORD_1737
LOG_01738,ITEM_0356,2023-03-14 10:00:00,out,B18,ORD_1738
LOG_01739,ITEM_0329,2023-03-14 11:00:00,in,B2,ORD_1739
LOG_01740,ITEM_0186,2023-03-14 12:00:00,out,B18,ORD_1740
LOG_01741,ITEM_0660,2023-03-14 13:00:00,in,B14,ORD_1741
LOG_01742,ITEM_0744,2023-03-14 14:00:00,in,B17,ORD_1742
LOG_01743,ITEM_0496,2023-03-14 15:00:00,in,B4,ORD_1743
LOG_01744,ITEM_0133,2023-03-14 16:00:00,in,B17,ORD_1744
LOG_01745,ITEM_0807,2023-03-14 17:00:00,in,B18,ORD_1745
LOG_01746,ITEM_0816,2023-03-14 18:00:00,out,B6,ORD_1746
LOG_01747,ITEM_0839,2023-03-14 19:00:00,in,B13,ORD_1747
LOG_01748,ITEM_0183,2023-03-14 20:00:00,in,B10,ORD_1748
LOG_01749,ITEM_0654,2023-03-14 21:00:00,out,B9,ORD_1749
LOG_01750,ITEM_0865,2023-03-14 22:00:00,out,B10,ORD_1750
LOG_01751,ITEM_0736,2023-03-14 23:00:00,out,B18,ORD_1751
LOG_01752,ITEM_0868,2023-03-15 00:00:00,out,B19,ORD_1752
LOG_01753,ITEM_0623,2023-03-15 01:00:00,out,B12,ORD_1753
LOG_01754,ITEM_0636,2023-03-15 02:00:00,in,B14,ORD_1754
LOG_01755,ITEM_0814,2023-03-15 03:00:00,out,B11,ORD_1755
LOG_01756,ITEM_0266,2023-03-15 04:00:00,out,B6,ORD_1756
LOG_01757,ITEM_0921,2023-03-15 05:00:00,in,B15,ORD_1757
LOG_01758,ITEM_0841,2023-03-15 06:00:00,in,B4,ORD_1758
LOG_01759,ITEM_0873,2023-03-15 07:00:00,in,B7,ORD_1759
LOG_01760,ITEM_0816,2023-03-15 08:00:00,in,B19,ORD_1760
LOG_01761,ITEM_0786,2023-03-15 09:00:00,out,B7,ORD_1761
LOG_01762,ITEM_0761,2023-03-15 10:00:00,out,B8,ORD_1762
LOG_01763,ITEM_0068,2023-03-15 11:00:00,in,B19,ORD_1763
LOG_01764,ITEM_0911,2023-03-15 12:00:00,in,B7,ORD_1764
LOG_01765,ITEM_0679,2023-03-15 13:00:00,in,B9,ORD_1765
LOG_01766,ITEM_0030,2023-03-15 14:00:00,in,B15,ORD_1766
LOG_01767,ITEM_0346,2023-03-15 15:00:00,in,B20,ORD_1767
LOG_01768,ITEM_0370,2023-03-15 16:00:00,out,B11,ORD_1768
LOG_01769,ITEM_0054,2023-03-15 17:00:00,out,B10,ORD_1769
LOG_01770,ITEM_0155,2023-03-15 18:00:00,in,B7,ORD_1770
LOG_01771,ITEM_0668,2023-03-15 19:00:00,in,B19,ORD_1771
LOG_01772,ITEM_0607,2023-03-15 20:00:00,out,B8,ORD_1772
LOG_01773,ITEM_0077,2023-03-15 21:00:00,out,B2,ORD_1773
LOG_01774,ITEM_0710,2023-03-15 22:00:00,out,B10,ORD_1774
LOG_01775,ITEM_0281,2023-03-15 23:00:00,in,B13,ORD_1775
LOG_01776,ITEM_0683,2023-03-16 00:00:00,in,B5,ORD_1776
LOG_01777,ITEM_0459,2023-03-16 01:00:00,out,B3,ORD_1777
LOG_01778,ITEM_0855,2023-03-16 02:00:00,out,B19,ORD_1778
LOG_01779,ITEM_0241,2023-03-16 03:00:00,in,B6,ORD_1779
LOG_01780,ITEM_0919,2023-03-16 04:00:00,out,B5,ORD_1780
LOG_01781,ITEM_0359,2023-03-16 05:00:00,out,B18,ORD_1781
LOG_01782,ITEM_0302,2023-03-16 06:00:00,in,B9,ORD_1782
LOG_01783,ITEM_0731,2023-03-16 07:00:00,in,B14,ORD_1783
LOG_01784,ITEM_0270,2023-03-16 08:00:00,out,B15,ORD_1784
LOG_01785,ITEM_0463,2023-03-16 09:00:00,out,B9,ORD_1785
LOG_01786,ITEM_0909,2023-03-16 10:00:00,out,B8,ORD_1786
LOG_01787,ITEM_0776,2023-03-16 11:00:00,out,B9,ORD_1787
LOG_01788,ITEM_0204,2023-03-16 12:00:00,in,B19,ORD_1788
LOG_01789,ITEM_0725,2023-03-16 13:00:00,in,B14,ORD_1789
LOG_01790,ITEM_0936,2023-03-16 14:00:00,out,B9,ORD_1790
LOG_01791,ITEM_0095,2023-03-16 15:00:00,in,B17,ORD_1791
LOG_01792,ITEM_0612,2023-03-16 16:00:00,in,B18,ORD_1792
LOG_01793,ITEM_0764,2023-03-16 17:00:00,in,B11,ORD_1793
LOG_01794,ITEM_0561,2023-03-16 18:00:00,out,B1,ORD_1794
LOG_01795,ITEM_0925,2023-03-16 19:00:00,out,B15,ORD_1795
LOG_01796,ITEM_0883,2023-03-16 20:00:00,out,B14,ORD_1796
LOG_01797,ITEM_0938,2023-03-16 21:00:00,out,B8,ORD_1797
LOG_01798,ITEM_0099,2023-03-16 22:00:00,in,B11,ORD_1798
LOG_01799,ITEM_0680,2023-03-16 23:00:00,in,B11,ORD_1799
LOG_01800,ITEM_0198,2023-03-17 00:00:00,out,B18,ORD_1800
LOG_01801,ITEM_0757,2023-03-17 01:00:00,out,B18,ORD_1801
LOG_01802,ITEM_0086,2023-03-17 02:00:00,in,B4,ORD_1802
LOG_01803,ITEM_0137,2023-03-17 03:00:00,out,B5,ORD_1803
LOG_01804,ITEM_0423,2023-03-17 04:00:00,in,B9,ORD_1804
LOG_01805,ITEM_0089,2023-03-17 05:00:00,out,B15,ORD_1805
LOG_01806,ITEM_0165,2023-03-17 06:00:00,in,B12,ORD_1806
LOG_01807,ITEM_0068,2023-03-17 07:00:00,in,B7,ORD_1807
LOG_01808,ITEM_0352,2023-03-17 08:00:00,out,B15,ORD_1808
LOG_01809,ITEM_0124,2023-03-17 09:00:00,out,B20,ORD_1809
LOG_01810,ITEM_0351,2023-03-17 10:00:00,out,B13,ORD_1810
LOG_01811,ITEM_0296,2023-03-17 11:00:00,in,B14,ORD_1811
LOG_01812,ITEM_0723,2023-03-17 12:00:00,out,B16,ORD_1812
LOG_01813,ITEM_0461,2023-03-17 13:00:00,out,B12,ORD_1813
LOG_01814,ITEM_0499,2023-03-17 14:00:00,out,B18,ORD_1814
LOG_01815,ITEM_0966,2023-03-17 15:00:00,in,B14,ORD_1815
LOG_01816,ITEM_0903,2023-03-17 16:00:00,in,B18,ORD_1816
LOG_01817,ITEM_0471,2023-03-17 17:00:00,out,B12,ORD_1817
LOG_01818,ITEM_0044,2023-03-17 18:00:00,out,B17,ORD_1818
LOG_01819,ITEM_0059,2023-03-17 19:00:00,out,B7,ORD_1819
LOG_01820,ITEM_0009,2023-03-17 20:00:00,in,B13,ORD_1820
LOG_01821,ITEM_0941,2023-03-17 21:00:00,in,B5,ORD_1821
LOG_01822,ITEM_0274,2023-03-17 22:00:00,in,B7,ORD_1822
LOG_01823,ITEM_0607,2023-03-17 23:00:00,out,B14,ORD_1823
LOG_01824,ITEM_0810,2023-03-18 00:00:00,in,B5,ORD_1824
LOG_01825,ITEM_0844,2023-03-18 01:00:00,in,B6,ORD_1825
LOG_01826,ITEM_0518,2023-03-18 02:00:00,in,B7,ORD_1826
LOG_01827,ITEM_0986,2023-03-18 03:00:00,out,B13,ORD_1827
LOG_01828,ITEM_0064,2023-03-18 04:00:00,out,B16,ORD_1828
LOG_01829,ITEM_0483,2023-03-18 05:00:00,out,B11,ORD_1829
LOG_01830,ITEM_0582,2023-03-18 06:00:00,out,B4,ORD_1830
LOG_01831,ITEM_0768,2023-03-18 07:00:00,out,B2,ORD_1831
LOG_01832,ITEM_0451,2023-03-18 08:00:00,out,B1,ORD_1832
LOG_01833,ITEM_0817,2023-03-18 09:00:00,in,B20,ORD_1833
LOG_01834,ITEM_0131,2023-03-18 10:00:00,in,B16,ORD_1834
LOG_01835,ITEM_0863,2023-03-18 11:00:00,out,B5,ORD_1835
LOG_01836,ITEM_0997,2023-03-18 12:00:00,out,B11,ORD_1836
LOG_01837,ITEM_0280,2023-03-18 13:00:00,out,B14,ORD_1837
LOG_01838,ITEM_0265,2023-03-18 14:00:00,out,B3,ORD_1838
LOG_01839,ITEM_0163,2023-03-18 15:00:00,out,B10,ORD_1839
LOG_01840,ITEM_0528,2023-03-18 16:00:00,out,B6,ORD_1840
LOG_01841,ITEM_0485,2023-03-18 17:00:00,in,B10,ORD_1841
LOG_01842,ITEM_0147,2023-03-18 18:00:00,out,B19,ORD_1842
LOG_01843,ITEM_0054,2023-03-18 19:00:00,out,B4,ORD_1843
LOG_01844,ITEM_0048,2023-03-18 20:00:00,in,B19,ORD_1844
LOG_01845,ITEM_0461,2023-03-18 21:00:00,out,B15,ORD_1845
LOG_01846,ITEM_0727,2023-03-18 22:00:00,out,B18,ORD_1846
LOG_01847,ITEM_0795,2023-03-18 23:00:00,out,B12,ORD_1847
LOG_01848,ITEM_0909,2023-03-19 00:00:00,out,B18,ORD_1848
LOG_01849,ITEM_0890,2023-03-19 01:00:00,out,B9,ORD_1849
LOG_01850,ITEM_0100,2023-03-19 02:00:00,out,B1,ORD_1850
LOG_01851,ITEM_0676,2023-03-19 03:00:00,out,B19,ORD_1851
LOG_01852,ITEM_0495,2023-03-19 04:00:00,out,B10,ORD_1852
LOG_01853,ITEM_0314,2023-03-19 05:00:00,out,B8,ORD_1853
LOG_01854,ITEM_0666,2023-03-19 06:00:00,in,B18,ORD_1854
LOG_01855,ITEM_0404,2023-03-19 07:00:00,out,B4,ORD_1855
LOG_01856,ITEM_0163,2023-03-19 08:00:00,in,B17,ORD_1856
LOG_01857,ITEM_0530,2023-03-19 09:00:00,in,B15,ORD_1857
LOG_01858,ITEM_0227,2023-03-19 10:00:00,out,B6,ORD_1858
LOG_01859,ITEM_0712,2023-03-19 11:00:00,out,B2,ORD_1859
LOG_01860,ITEM_0819,2023-03-19 12:00:00,in,B8,ORD_1860
LOG_01861,ITEM_0086,2023-03-19 13:00:00,out,B6,ORD_1861
LOG_01862,ITEM_0767,2023-03-19 14:00:00,out,B17,ORD_1862
LOG_01863,ITEM_0077,2023-03-19 15:00:00,in,B6,ORD_1863
LOG_01864,ITEM_0223,2023-03-19 16:00:00,out,B5,ORD_1864
LOG_01865,ITEM_0179,2023-03-19 17:00:00,out,B3,ORD_1865
LOG_01866,ITEM_0344,2023-03-19 18:00:00,out,B18,ORD_1866
LOG_01867,ITEM_0207,2023-03-19 19:00:00,in,B20,ORD_1867
LOG_01868,ITEM_0870,2023-03-19 20:00:00,out,B16,ORD_1868
LOG_01869,ITEM_0302,2023-03-19 21:00:00,in,B3,ORD_1869
LOG_01870,ITEM_0591,2023-03-19 22:00:00,in,B14,ORD_1870
LOG_01871,ITEM_0442,2023-03-19 23:00:00,out,B14,ORD_1871
LOG_01872,ITEM_0506,2023-03-20 00:00:00,out,B6,ORD_1872
LOG_01873,ITEM_0719,2023-03-20 01:00:00,in,B2,ORD_1873
LOG_01874,ITEM_0571,2023-03-20 02:00:00,in,B19,ORD_1874
LOG_01875,ITEM_0540,2023-03-20 03:00:00,out,B15,ORD_1875
LOG_01876,ITEM_0034,2023-03-20 04:00:00,in,B12,ORD_1876
LOG_01877,ITEM_0246,2023-03-20 05:00:00,out,B20,ORD_1877
LOG_01878,ITEM_0977,2023-03-20 06:00:00,out,B18,ORD_1878
LOG_01879,ITEM_0376,2023-03-20 07:00:00,in,B20,ORD_1879
LOG_01880,ITEM_0765,2023-03-20 08:00:00,out,B1,ORD_1880
LOG_01881,ITEM_0985,2023-03-20 09:00:00,out,B1,ORD_1881
LOG_01882,ITEM_0037,2023-03-20 10:00:00,out,B18,ORD_1882
LOG_01883,ITEM_0339,2023-03-20 11:00:00,out,B13,ORD_1883
LOG_01884,ITEM_0595,2023-03-20 12:00:00,in,B18,ORD_1884
LOG_01885,ITEM_0805,2023-03-20 13:00:00,in,B7,ORD_1885
LOG_01886,ITEM_0979,2023-03-20 14:00:00,out,B11,ORD_1886
LOG_01887,ITEM_0958,2023-03-20 15:00:00,in,B16,ORD_1887
LOG_01888,ITEM_0343,2023-03-20 16:00:00,in,B15,ORD_1888
LOG_01889,ITEM_0278,2023-03-20 17:00:00,out,B6,ORD_1889
LOG_01890,ITEM_0641,2023-03-20 18:00:00,in,B8,ORD_1890
LOG_01891,ITEM_0802,2023-03-20 19:00:00,out,B13,ORD_1891
LOG_01892,ITEM_0073,2023-03-20 20:00:00,in,B5,ORD_1892
LOG_01893,ITEM_0040,2023-03-20 21:00:00,out,B13,ORD_1893
LOG_01894,ITEM_0353,2023-03-20 22:00:00,out,B7,ORD_1894
LOG_01895,ITEM_0576,2023-03-20 23:00:00,out,B10,ORD_1895
LOG_01896,ITEM_0558,2023-03-21 00:00:00,out,B4,ORD_1896
LOG_01897,ITEM_0924,2023-03-21 01:00:00,in,B3,ORD_1897
LOG_01898,ITEM_0582,2023-03-21 02:00:00,out,B9,ORD_1898
LOG_01899,ITEM_0146,2023-03-21 03:00:00,in,B7,ORD_1899
LOG_01900,ITEM_0470,2023-03-21 04:00:00,in,B7,ORD_1900
LOG_01901,ITEM_0485,2023-03-21 05:00:00,out,B18,ORD_1901
LOG_01902,ITEM_0146,2023-03-21 06:00:00,in,B16,ORD_1902
LOG_01903,ITEM_0431,2023-03-21 07:00:00,in,B3,ORD_1903
LOG_01904,ITEM_0740,2023-03-21 08:00:00,in,B18,ORD_1904
LOG_01905,ITEM_0758,2023-03-21 09:00:00,out,B13,ORD_1905
LOG_01906,ITEM_0344,2023-03-21 10:00:00,in,B16,ORD_1906
LOG_01907,ITEM_0091,2023-03-21 11:00:00,out,B5,ORD_1907
LOG_01908,ITEM_0450,2023-03-21 12:00:00,in,B5,ORD_1908
LOG_01909,ITEM_0131,2023-03-21 13:00:00,out,B12,ORD_1909
LOG_01910,ITEM_0892,2023-03-21 14:00:00,in,B6,ORD_1910
LOG_01911,ITEM_0682,2023-03-21 15:00:00,out,B13,ORD_1911
LOG_01912,ITEM_0574,2023-03-21 16:00:00,in,B3,ORD_1912
LOG_01913,ITEM_0329,2023-03-21 17:00:00,in,B11,ORD_1913
LOG_01914,ITEM_0148,2023-03-21 18:00:00,in,B15,ORD_1914
LOG_01915,ITEM_0406,2023-03-21 19:00:00,out,B14,ORD_1915
LOG_01916,ITEM_0923,2023-03-21 20:00:00,in,B2,ORD_1916
LOG_01917,ITEM_0603,2023-03-21 21:00:00,out,B8,ORD_1917
LOG_01918,ITEM_0674,2023-03-21 22:00:00,in,B10,ORD_1918
LOG_01919,ITEM_0038,2023-03-21 23:00:00,out,B15,ORD_1919
LOG_01920,ITEM_0731,2023-03-22 00:00:00,in,B12,ORD_1920
LOG_01921,ITEM_0969,2023-03-22 01:00:00,out,B12,ORD_1921
LOG_01922,ITEM_0316,2023-03-22 02:00:00,in,B17,ORD_1922
LOG_01923,ITEM_0547,2023-03-22 03:00:00,out,B13,ORD_1923
LOG_01924,ITEM_0742,2023-03-22 04:00:00,in,B8,ORD_1924
LOG_01925,ITEM_0572,2023-03-22 05:00:00,out,B16,ORD_1925
LOG_01926,ITEM_0129,2023-03-22 06:00:00,in,B5,ORD_1926
LOG_01927,ITEM_0375,2023-03-22 07:00:00,in,B1,ORD_1927
LOG_01928,ITEM_0579,2023-03-22 08:00:00,in,B16,ORD_1928
LOG_01929,ITEM_0615,2023-03-22 09:00:00,in,B4,ORD_1929
LOG_01930,ITEM_0626,2023-03-22 10:00:00,out,B7,ORD_1930
LOG_01931,ITEM_0039,2023-03-22 11:00:00,out,B6,ORD_1931
LOG_01932,ITEM_0492,2023-03-22 12:00:00,in,B19,ORD_1932
LOG_01933,ITEM_0264,2023-03-22 13:00:00,in,B8,ORD_1933
LOG_01934,ITEM_0667,2023-03-22 14:00:00,in,B8,ORD_1934
LOG_01935,ITEM_0489,2023-03-22 15:00:00,out,B2,ORD_1935
LOG_01936,ITEM_0678,2023-03-22 16:00:00,in,B8,ORD_1936
LOG_01937,ITEM_0646,2023-03-22 17:00:00,out,B2,ORD_1937
LOG_01938,ITEM_0225,2023-03-22 18:00:00,out,B2,ORD_1938
LOG_01939,ITEM_0435,2023-03-22 19:00:00,out,B2,ORD_1939
LOG_01940,ITEM_0690,2023-03-22 20:00:00,in,B15,ORD_1940
LOG_01941,ITEM_0221,2023-03-22 21:00:00,in,B1,ORD_1941
LOG_01942,ITEM_0035,2023-03-22 22:00:00,in,B7,ORD_1942
LOG_01943,ITEM_0548,2023-03-22 23:00:00,in,B8,ORD_1943
LOG_01944,ITEM_0865,2023-03-23 00:00:00,in,B12,ORD_1944
LOG_01945,ITEM_0251,2023-03-23 01:00:00,in,B3,ORD_1945
LOG_01946,ITEM_0459,2023-03-23 02:00:00,out,B20,ORD_1946
LOG_01947,ITEM_0808,2023-03-23 03:00:00,out,B13,ORD_1947
LOG_01948,ITEM_0473,2023-03-23 04:00:00,out,B14,ORD_1948
LOG_01949,ITEM_0022,2023-03-23 05:00:00,in,B16,ORD_1949
LOG_01950,ITEM_0500,2023-03-23 06:00:00,out,B4,ORD_1950
LOG_01951,ITEM_0316,2023-03-23 07:00:00,out,B5,ORD_1951
LOG_01952,ITEM_0448,2023-03-23 08:00:00,in,B6,ORD_1952
LOG_01953,ITEM_0388,2023-03-23 09:00:00,out,B16,ORD_1953
LOG_01954,ITEM_0259,2023-03-23 10:00:00,in,B2,ORD_1954
LOG_01955,ITEM_0422,2023-03-23 11:00:00,in,B19,ORD_1955
LOG_01956,ITEM_0569,2023-03-23 12:00:00,in,B5,ORD_1956
LOG_01957,ITEM_0737,2023-03-23 13:00:00,out,B13,ORD_1957
LOG_01958,ITEM_0265,2023-03-23 14:00:00,out,B4,ORD_1958
LOG_01959,ITEM_0831,2023-03-23 15:00:00,out,B16,ORD_1959
LOG_01960,ITEM_0870,2023-03-23 16:00:00,out,B14,ORD_1960
LOG_01961,ITEM_0975,2023-03-23 17:00:00,out,B4,ORD_1961
LOG_01962,ITEM_0729,2023-03-23 18:00:00,out,B3,ORD_1962
LOG_01963,ITEM_0231,2023-03-23 19:00:00,in,B20,ORD_1963
LOG_01964,ITEM_0816,2023-03-23 20:00:00,in,B2,ORD_1964
LOG_01965,ITEM_0980,2023-03-23 21:00:00,in,B15,ORD_1965
LOG_01966,ITEM_0242,2023-03-23 22:00:00,out,B9,ORD_1966
LOG_01967,ITEM_0852,2023-03-23 23:00:00,in,B6,ORD_1967
LOG_01968,ITEM_0927,2023-03-24 00:00:00,out,B9,ORD_1968
LOG_01969,ITEM_0468,2023-03-24 01:00:00,in,B14,ORD_1969
LOG_01970,ITEM_0380,2023-03-24 02:00:00,in,B3,ORD_1970
LOG_01971,ITEM_0185,2023-03-24 03:00:00,out,B18,ORD_1971
LOG_01972,ITEM_0490,2023-03-24 04:00:00,out,B16,ORD_1972
LOG_01973,ITEM_0501,2023-03-24 05:00:00,out,B6,ORD_1973
LOG_01974,ITEM_0774,2023-03-24 06:00:00,in,B14,ORD_1974
LOG_01975,ITEM_0500,2023-03-24 07:00:00,out,B12,ORD_1975
LOG_01976,ITEM_0863,2023-03-24 08:00:00,in,B2,ORD_1976
LOG_01977,ITEM_0016,2023-03-24 09:00:00,out,B9,ORD_1977
LOG_01978,ITEM_0933,2023-03-24 10:00:00,in,B7,ORD_1978
LOG_01979,ITEM_0191,2023-03-24 11:00:00,in,B18,ORD_1979
LOG_01980,ITEM_0102,2023-03-24 12:00:00,in,B6,ORD_1980
LOG_01981,ITEM_0993,2023-03-24 13:00:00,out,B2,ORD_1981
LOG_01982,ITEM_0221,2023-03-24 14:00:00,in,B12,ORD_1982
LOG_01983,ITEM_0705,2023-03-24 15:00:00,in,B19,ORD_1983
LOG_01984,ITEM_0276,2023-03-24 16:00:00,in,B18,ORD_1984
LOG_01985,ITEM_0364,2023-03-24 17:00:00,in,B12,ORD_1985
LOG_01986,ITEM_0985,2023-03-24 18:00:00,in,B7,ORD_1986
LOG_01987,ITEM_0860,2023-03-24 19:00:00,in,B13,ORD_1987
LOG_01988,ITEM_0629,2023-03-24 20:00:00,out,B9,ORD_1988
LOG_01989,ITEM_0319,2023-03-24 21:00:00,out,B11,ORD_1989
LOG_01990,ITEM_0167,2023-03-24 22:00:00,out,B8,ORD_1990
LOG_01991,ITEM_0197,2023-03-24 23:00:00,in,B11,ORD_1991
LOG_01992,ITEM_0758,2023-03-25 00:00:00,in,B1,ORD_1992
LOG_01993,ITEM_0614,2023-03-25 01:00:00,in,B2,ORD_1993
LOG_01994,ITEM_0298,2023-03-25 02:00:00,out,B9,ORD_1994
LOG_01995,ITEM_0879,2023-03-25 03:00:00,in,B18,ORD_1995
LOG_01996,ITEM_0464,2023-03-25 04:00:00,out,B10,ORD_1996
LOG_01997,ITEM_0103,2023-03-25 05:00:00,in,B12,ORD_1997
LOG_01998,ITEM_0260,2023-03-25 06:00:00,in,B20,ORD_1998
LOG_01999,ITEM_0843,2023-03-25 07:00:00,out,B17,ORD_1999
LOG_02000,ITEM_0961,2023-03-25 08:00:00,in,B11,ORD_2000
LOG_02001,ITEM_0249,2023-03-25 09:00:00,out,B15,ORD_2001
LOG_02002,ITEM_0049,2023-03-25 10:00:00,in,B13,ORD_2002
LOG_02003,ITEM_0499,2023-03-25 11:00:00,in,B10,ORD_2003
LOG_02004,ITEM_0412,2023-03-25 12:00:00,in,B9,ORD_2004
LOG_02005,ITEM_0005,2023-03-25 13:00:00,out,B4,ORD_2005
LOG_02006,ITEM_0644,2023-03-25 14:00:00,in,B17,ORD_2006
LOG_02007,ITEM_0438,2023-03-25 15:00:00,in,B17,ORD_2007
LOG_02008,ITEM_0757,2023-03-25 16:00:00,out,B13,ORD_2008
LOG_02009,ITEM_0161,2023-03-25 17:00:00,in,B19,ORD_2009
LOG_02010,ITEM_0467,2023-03-25 18:00:00,out,B12,ORD_2010
LOG_02011,ITEM_0395,2023-03-25 19:00:00,out,B20,ORD_2011
LOG_02012,ITEM_0803,2023-03-25 20:00:00,in,B19,ORD_2012
LOG_02013,ITEM_0883,2023-03-25 21:00:00,in,B3,ORD_2013
LOG_02014,ITEM_0640,2023-03-25 22:00:00,out,B4,ORD_2014
LOG_02015,ITEM_0657,2023-03-25 23:00:00,in,B15,ORD_2015
LOG_02016,ITEM_0986,2023-03-26 00:00:00,out,B7,ORD_2016
LOG_02017,ITEM_0633,2023-03-26 01:00:00,in,B8,ORD_2017
LOG_02018,ITEM_0248,2023-03-26 02:00:00,out,B15,ORD_2018
LOG_02019,ITEM_0617,2023-03-26 03:00:00,out,B9,ORD_2019
LOG_02020,ITEM_0140,2023-03-26 04:00:00,out,B20,ORD_2020
LOG_02021,ITEM_0226,2023-03-26 05:00:00,in,B7,ORD_2021
LOG_02022,ITEM_0592,2023-03-26 06:00:00,in,B7,ORD_2022
LOG_02023,ITEM_0413,2023-03-26 07:00:00,out,B13,ORD_2023
LOG_02024,ITEM_0865,2023-03-26 08:00:00,in,B4,ORD_2024
LOG_02025,ITEM_0699,2023-03-26 09:00:00,out,B12,ORD_2025
LOG_02026,ITEM_0565,2023-03-26 10:00:00,out,B1,ORD_2026
LOG_02027,ITEM_0818,2023-03-26 11:00:00,out,B19,ORD_2027
LOG_02028,ITEM_0751,2023-03-26 12:00:00,in,B15,ORD_2028
LOG_02029,ITEM_0900,2023-03-26 13:00:00,in,B10,ORD_2029
LOG_02030,ITEM_0174,2023-03-26 14:00:00,in,B9,ORD_2030
LOG_02031,ITEM_0356,2023-03-26 15:00:00,in,B17,ORD_2031
LOG_02032,ITEM_0455,2023-03-26 16:00:00,in,B8,ORD_2032
LOG_02033,ITEM_0832,2023-03-26 17:00:00,in,B6,ORD_2033
LOG_02034,ITEM_0475,2023-03-26 18:00:00,out,B1,ORD_2034
LOG_02035,ITEM_0476,2023-03-26 19:00:00,out,B1,ORD_2035
LOG_02036,ITEM_0012,2023-03-26 20:00:00,in,B7,ORD_2036
LOG_02037,ITEM_0785,2023-03-26 21:00:00,in,B3,ORD_2037
LOG_02038,ITEM_0761,2023-03-26 22:00:00,in,B5,ORD_2038
LOG_02039,ITEM_0124,2023-03-26 23:00:00,in,B1,ORD_2039
LOG_02040,ITEM_0938,2023-03-27 00:00:00,out,B18,ORD_2040
LOG_02041,ITEM_0702,2023-03-27 01:00:00,out,B9,ORD_2041
LOG_02042,ITEM_0603,2023-03-27 02:00:00,out,B17,ORD_2042
LOG_02043,ITEM_0422,2023-03-27 03:00:00,in,B18,ORD_2043
LOG_02044,ITEM_0453,2023-03-27 04:00:00,in,B2,ORD_2044
LOG_02045,ITEM_0396,2023-03-27 05:00:00,out,B9,ORD_2045
LOG_02046,ITEM_0717,2023-03-27 06:00:00,in,B7,ORD_2046
LOG_02047,ITEM_0677,2023-03-27 07:00:00,in,B5,ORD_2047
LOG_02048,ITEM_0681,2023-03-27 08:00:00,in,B19,ORD_2048
LOG_02049,ITEM_0956,2023-03-27 09:00:00,out,B8,ORD_2049
LOG_02050,ITEM_0103,2023-03-27 10:00:00,in,B11,ORD_2050
LOG_02051,ITEM_0589,2023-03-27 11:00:00,in,B16,ORD_2051
LOG_02052,ITEM_0370,2023-03-27 12:00:00,in,B6,ORD_2052
LOG_02053,ITEM_0891,2023-03-27 13:00:00,out,B12,ORD_2053
LOG_02054,ITEM_0440,2023-03-27 14:00:00,in,B7,ORD_2054
LOG_02055,ITEM_0429,2023-03-27 15:00:00,in,B5,ORD_2055
LOG_02056,ITEM_0173,2023-03-27 16:00:00,out,B14,ORD_2056
LOG_02057,ITEM_0677,2023-03-27 17:00:00,out,B19,ORD_2057
LOG_02058,ITEM_0645,2023-03-27 18:00:00,in,B20,ORD_2058
LOG_02059,ITEM_0189,2023-03-27 19:00:00,in,B14,ORD_2059
LOG_02060,ITEM_0077,2023-03-27 20:00:00,out,B15,ORD_2060
LOG_02061,ITEM_0813,2023-03-27 21:00:00,out,B20,ORD_2061
LOG_02062,ITEM_0986,2023-03-27 22:00:00,out,B20,ORD_2062
LOG_02063,ITEM_0811,2023-03-27 23:00:00,out,B6,ORD_2063
LOG_02064,ITEM_0131,2023-03-28 00:00:00,in,B12,ORD_2064
LOG_02065,ITEM_0923,2023-03-28 01:00:00,in,B2,ORD_2065
LOG_02066,ITEM_0547,2023-03-28 02:00:00,out,B1,ORD_2066
LOG_02067,ITEM_0854,2023-03-28 03:00:00,in,B10,ORD_2067
LOG_02068,ITEM_0757,2023-03-28 04:00:00,in,B16,ORD_2068
LOG_02069,ITEM_0277,2023-03-28 05:00:00,in,B17,ORD_2069
LOG_02070,ITEM_0154,2023-03-28 06:00:00,out,B8,ORD_2070
LOG_02071,ITEM_0997,2023-03-28 07:00:00,in,B7,ORD_2071
LOG_02072,ITEM_0673,2023-03-28 08:00:00,out,B13,ORD_2072
LOG_02073,ITEM_0784,2023-03-28 09:00:00,in,B15,ORD_2073
LOG_02074,ITEM_0155,2023-03-28 10:00:00,in,B1,ORD_2074
LOG_02075,ITEM_0685,2023-03-28 11:00:00,in,B13,ORD_2075
LOG_02076,ITEM_0314,2023-03-28 12:00:00,out,B17,ORD_2076
LOG_02077,ITEM_0198,2023-03-28 13:00:00,out,B7,ORD_2077
LOG_02078,ITEM_0114,2023-03-28 14:00:00,in,B6,ORD_2078
LOG_02079,ITEM_0628,2023-03-28 15:00:00,in,B7,ORD_2079
LOG_02080,ITEM_0291,2023-03-28 16:00:00,out,B4,ORD_2080
LOG_02081,ITEM_0624,2023-03-28 17:00:00,in,B1,ORD_2081
LOG_02082,ITEM_0625,2023-03-28 18:00:00,out,B13,ORD_2082
LOG_02083,ITEM_0212,2023-03-28 19:00:00,in,B19,ORD_2083
LOG_02084,ITEM_0909,2023-03-28 20:00:00,in,B15,ORD_2084
LOG_02085,ITEM_0862,2023-03-28 21:00:00,out,B18,ORD_2085
LOG_02086,ITEM_0622,2023-03-28 22:00:00,in,B2,ORD_2086
LOG_02087,ITEM_0760,2023-03-28 23:00:00,out,B9,ORD_2087
LOG_02088,ITEM_0196,2023-03-29 00:00:00,out,B18,ORD_2088
LOG_02089,ITEM_0067,2023-03-29 01:00:00,out,B4,ORD_2089
LOG_02090,ITEM_0800,2023-03-29 02:00:00,out,B10,ORD_2090
LOG_02091,ITEM_0353,2023-03-29 03:00:00,out,B7,ORD_2091
LOG_02092,ITEM_0769,2023-03-29 04:00:00,in,B18,ORD_2092
LOG_02093,ITEM_0376,2023-03-29 05:00:00,out,B14,ORD_2093
LOG_02094,ITEM_0326,2023-03-29 06:00:00,in,B14,ORD_2094
LOG_02095,ITEM_0466,2023-03-29 07:00:00,out,B5,ORD_2095
LOG_02096,ITEM_0511,2023-03-29 08:00:00,out,B3,ORD_2096
LOG_02097,ITEM_0875,2023-03-29 09:00:00,in,B20,ORD_2097
LOG_02098,ITEM_0538,2023-03-29 10:00:00,out,B20,ORD_2098
LOG_02099,ITEM_0344,2023-03-29 11:00:00,in,B3,ORD_2099
LOG_02100,ITEM_0807,2023-03-29 12:00:00,in,B5,ORD_2100
LOG_02101,ITEM_0300,2023-03-29 13:00:00,in,B19,ORD_2101
LOG_02102,ITEM_0833,2023-03-29 14:00:00,in,B9,ORD_2102
LOG_02103,ITEM_0340,2023-03-29 15:00:00,in,B5,ORD_2103
LOG_02104,ITEM_0416,2023-03-29 16:00:00,out,B1,ORD_2104
LOG_02105,ITEM_0668,2023-03-29 17:00:00,out,B9,ORD_2105
LOG_02106,ITEM_0223,2023-03-29 18:00:00,in,B4,ORD_2106
LOG_02107,ITEM_0894,2023-03-29 19:00:00,in,B12,ORD_2107
LOG_02108,ITEM_0372,2023-03-29 20:00:00,in,B2,ORD_2108
LOG_02109,ITEM_0628,2023-03-29 21:00:00,out,B20,ORD_2109
LOG_02110,ITEM_0531,2023-03-29 22:00:00,out,B17,ORD_2110
LOG_02111,ITEM_0157,2023-03-29 23:00:00,out,B13,ORD_2111
LOG_02112,ITEM_0119,2023-03-30 00:00:00,in,B18,ORD_2112
LOG_02113,ITEM_0249,2023-03-30 01:00:00,in,B20,ORD_2113
LOG_02114,ITEM_0511,2023-03-30 02:00:00,out,B8,ORD_2114
LOG_02115,ITEM_0273,2023-03-30 03:00:00,in,B14,ORD_2115
LOG_02116,ITEM_0384,2023-03-30 04:00:00,in,B19,ORD_2116
LOG_02117,ITEM_0278,2023-03-30 05:00:00,in,B15,ORD_2117
LOG_02118,ITEM_0921,2023-03-30 06:00:00,out,B20,ORD_2118
LOG_02119,ITEM_0618,2023-03-30 07:00:00,in,B3,ORD_2119
LOG_02120,ITEM_0090,2023-03-30 08:00:00,out,B6,ORD_2120
LOG_02121,ITEM_0122,2023-03-30 09:00:00,in,B17,ORD_2121
LOG_02122,ITEM_0965,2023-03-30 10:00:00,out,B15,ORD_2122
LOG_02123,ITEM_0898,2023-03-30 11:00:00,out,B15,ORD_2123
LOG_02124,ITEM_0540,2023-03-30 12:00:00,in,B9,ORD_2124
LOG_02125,ITEM_0706,2023-03-30 13:00:00,out,B19,ORD_2125
LOG_02126,ITEM_0763,2023-03-30 14:00:00,out,B2,ORD_2126
LOG_02127,ITEM_0082,2023-03-30 15:00:00,out,B7,ORD_2127
LOG_02128,ITEM_0537,2023-03-30 16:00:00,out,B3,ORD_2128
LOG_02129,ITEM_0495,2023-03-30 17:00:00,in,B3,ORD_2129
LOG_02130,ITEM_0483,2023-03-30 18:00:00,in,B6,ORD_2130
LOG_02131,ITEM_0263,2023-03-30 19:00:00,out,B12,ORD_2131
LOG_02132,ITEM_0878,2023-03-30 20:00:00,out,B6,ORD_2132
LOG_02133,ITEM_0178,2023-03-30 21:00:00,out,B11,ORD_2133
LOG_02134,ITEM_0129,2023-03-30 22:00:00,out,B1,ORD_2134
LOG_02135,ITEM_0156,2023-03-30 23:00:00,in,B19,ORD_2135
LOG_02136,ITEM_0142,2023-03-31 00:00:00,in,B3,ORD_2136
LOG_02137,ITEM_0496,2023-03-31 01:00:00,out,B9,ORD_2137
LOG_02138,ITEM_0752,2023-03-31 02:00:00,out,B10,ORD_2138
LOG_02139,ITEM_0736,2023-03-31 03:00:00,in,B20,ORD_2139
LOG_02140,ITEM_0527,2023-03-31 04:00:00,in,B2,ORD_2140
LOG_02141,ITEM_0722,2023-03-31 05:00:00,out,B10,ORD_2141
LOG_02142,ITEM_0230,2023-03-31 06:00:00,in,B7,ORD_2142
LOG_02143,ITEM_0972,2023-03-31 07:00:00,out,B11,ORD_2143
LOG_02144,ITEM_0920,2023-03-31 08:00:00,in,B1,ORD_2144
LOG_02145,ITEM_0492,2023-03-31 09:00:00,out,B17,ORD_2145
LOG_02146,ITEM_0360,2023-03-31 10:00:00,out,B20,ORD_2146
LOG_02147,ITEM_0755,2023-03-31 11:00:00,out,B10,ORD_2147
LOG_02148,ITEM_0462,2023-03-31 12:00:00,out,B3,ORD_2148
LOG_02149,ITEM_0949,2023-03-31 13:00:00,in,B8,ORD_2149
LOG_02150,ITEM_0295,2023-03-31 14:00:00,in,B18,ORD_2150
LOG_02151,ITEM_0133,2023-03-31 15:00:00,out,B19,ORD_2151
LOG_02152,ITEM_0207,2023-03-31 16:00:00,out,B10,ORD_2152
LOG_02153,ITEM_0705,2023-03-31 17:00:00,out,B12,ORD_2153
LOG_02154,ITEM_0921,2023-03-31 18:00:00,out,B11,ORD_2154
LOG_02155,ITEM_0183,2023-03-31 19:00:00,out,B1,ORD_2155
LOG_02156,ITEM_0509,2023-03-31 20:00:00,in,B13,ORD_2156
LOG_02157,ITEM_0945,2023-03-31 21:00:00,out,B18,ORD_2157
LOG_02158,ITEM_0932,2023-03-31 22:00:00,in,B17,ORD_2158
LOG_02159,ITEM_0435,2023-03-31 23:00:00,out,B9,ORD_2159
LOG_02160,ITEM_0103,2023-04-01 00:00:00,out,B16,ORD_2160
LOG_02161,ITEM_0037,2023-04-01 01:00:00,in,B12,ORD_2161
LOG_02162,ITEM_0066,2023-04-01 02:00:00,out,B2,ORD_2162
LOG_02163,ITEM_0629,2023-04-01 03:00:00,out,B9,ORD_2163
LOG_02164,ITEM_0592,2023-04-01 04:00:00,in,B6,ORD_2164
LOG_02165,ITEM_0125,2023-04-01 05:00:00,out,B16,ORD_2165
LOG_02166,ITEM_0681,2023-04-01 06:00:00,out,B3,ORD_2166
LOG_02167,ITEM_0221,2023-04-01 07:00:00,in,B10,ORD_2167
LOG_02168,ITEM_0425,2023-04-01 08:00:00,in,B6,ORD_2168
LOG_02169,ITEM_0107,2023-04-01 09:00:00,out,B18,ORD_2169
LOG_02170,ITEM_0431,2023-04-01 10:00:00,in,B16,ORD_2170
LOG_02171,ITEM_0506,2023-04-01 11:00:00,out,B19,ORD_2171
LOG_02172,ITEM_0729,2023-04-01 12:00:00,in,B15,ORD_2172
LOG_02173,ITEM_0357,2023-04-01 13:00:00,in,B8,ORD_2173
LOG_02174,ITEM_0815,2023-04-01 14:00:00,in,B10,ORD_2174
LOG_02175,ITEM_0083,2023-04-01 15:00:00,in,B17,ORD_2175
LOG_02176,ITEM_0519,2023-04-01 16:00:00,in,B17,ORD_2176
LOG_02177,ITEM_0808,2023-04-01 17:00:00,out,B15,ORD_2177
LOG_02178,ITEM_0053,2023-04-01 18:00:00,out,B17,ORD_2178
LOG_02179,ITEM_0505,2023-04-01 19:00:00,in,B16,ORD_2179
LOG_02180,ITEM_0225,2023-04-01 20:00:00,out,B13,ORD_2180
LOG_02181,ITEM_0280,2023-04-01 21:00:00,out,B7,ORD_2181
LOG_02182,ITEM_0942,2023-04-01 22:00:00,in,B7,ORD_2182
LOG_02183,ITEM_0938,2023-04-01 23:00:00,out,B18,ORD_2183
LOG_02184,ITEM_0466,2023-04-02 00:00:00,out,B14,ORD_2184
LOG_02185,ITEM_0776,2023-04-02 01:00:00,out,B19,ORD_2185
LOG_02186,ITEM_0093,2023-04-02 02:00:00,in,B11,ORD_2186
LOG_02187,ITEM_0142,2023-04-02 03:00:00,out,B3,ORD_2187
LOG_02188,ITEM_0720,2023-04-02 04:00:00,out,B10,ORD_2188
LOG_02189,ITEM_0918,2023-04-02 05:00:00,out,B5,ORD_2189
LOG_02190,ITEM_0268,2023-04-02 06:00:00,in,B5,ORD_2190
LOG_02191,ITEM_0334,2023-04-02 07:00:00,in,B19,ORD_2191
LOG_02192,ITEM_0985,2023-04-02 08:00:00,in,B13,ORD_2192
LOG_02193,ITEM_0366,2023-04-02 09:00:00,in,B3,ORD_2193
LOG_02194,ITEM_0289,2023-04-02 10:00:00,out,B9,ORD_2194
LOG_02195,ITEM_0871,2023-04-02 11:00:00,out,B11,ORD_2195
LOG_02196,ITEM_0007,2023-04-02 12:00:00,in,B8,ORD_2196
LOG_02197,ITEM_0368,2023-04-02 13:00:00,in,B18,ORD_2197
LOG_02198,ITEM_0975,2023-04-02 14:00:00,out,B3,ORD_2198
LOG_02199,ITEM_0304,2023-04-02 15:00:00,out,B14,ORD_2199
LOG_02200,ITEM_0964,2023-04-02 16:00:00,in,B16,ORD_2200
LOG_02201,ITEM_0069,2023-04-02 17:00:00,out,B13,ORD_2201
LOG_02202,ITEM_0106,2023-04-02 18:00:00,in,B6,ORD_2202
LOG_02203,ITEM_0931,2023-04-02 19:00:00,out,B10,ORD_2203
LOG_02204,ITEM_0456,2023-04-02 20:00:00,out,B4,ORD_2204
LOG_02205,ITEM_0652,2023-04-02 21:00:00,out,B20,ORD_2205
LOG_02206,ITEM_0289,2023-04-02 22:00:00,in,B15,ORD_2206
LOG_02207,ITEM_0905,2023-04-02 23:00:00,in,B19,ORD_2207
LOG_02208,ITEM_0389,2023-04-03 00:00:00,out,B8,ORD_2208
LOG_02209,ITEM_0526,2023-04-03 01:00:00,in,B20,ORD_2209
LOG_02210,ITEM_0391,2023-04-03 02:00:00,out,B6,ORD_2210
LOG_02211,ITEM_0132,2023-04-03 03:00:00,out,B10,ORD_2211
LOG_02212,ITEM_0689,2023-04-03 04:00:00,in,B11,ORD_2212
LOG_02213,ITEM_0562,2023-04-03 05:00:00,out,B13,ORD_2213
LOG_02214,ITEM_0399,2023-04-03 06:00:00,in,B10,ORD_2214
LOG_02215,ITEM_0964,2023-04-03 07:00:00,in,B19,ORD_2215
LOG_02216,ITEM_0405,2023-04-03 08:00:00,out,B6,ORD_2216
LOG_02217,ITEM_0755,2023-04-03 09:00:00,in,B10,ORD_2217
LOG_02218,ITEM_0737,2023-04-03 10:00:00,out,B16,ORD_2218
LOG_02219,ITEM_0802,2023-04-03 11:00:00,out,B5,ORD_2219
LOG_02220,ITEM_0313,2023-04-03 12:00:00,in,B1,ORD_2220
LOG_02221,ITEM_0023,2023-04-03 13:00:00,out,B15,ORD_2221
LOG_02222,ITEM_0852,2023-04-03 14:00:00,out,B7,ORD_2222
LOG_02223,ITEM_0956,2023-04-03 15:00:00,in,B9,ORD_2223
LOG_02224,ITEM_0669,2023-04-03 16:00:00,in,B10,ORD_2224
LOG_02225,ITEM_0279,2023-04-03 17:00:00,out,B13,ORD_2225
LOG_02226,ITEM_0559,2023-04-03 18:00:00,out,B2,ORD_2226
LOG_02227,ITEM_0693,2023-04-03 19:00:00,out,B18,ORD_2227
LOG_02228,ITEM_0163,2023-04-03 20:00:00,out,B16,ORD_2228
LOG_02229,ITEM_0392,2023-04-03 21:00:00,in,B1,ORD_2229
LOG_02230,ITEM_0977,2023-04-03 22:00:00,out,B18,ORD_2230
LOG_02231,ITEM_0249,2023-04-03 23:00:00,in,B20,ORD_2231
LOG_02232,ITEM_0255,2023-04-04 00:00:00,out,B12,ORD_2232
LOG_02233,ITEM_0671,2023-04-04 01:00:00,out,B10,ORD_2233
LOG_02234,ITEM_0071,2023-04-04 02:00:00,in,B18,ORD_2234
LOG_02235,ITEM_0829,2023-04-04 03:00:00,out,B3,ORD_2235
LOG_02236,ITEM_0174,2023-04-04 04:00:00,out,B19,ORD_2236
LOG_02237,ITEM_0092,2023-04-04 05:00:00,in,B6,ORD_2237
LOG_02238,ITEM_0062,2023-04-04 06:00:00,out,B5,ORD_2238
LOG_02239,ITEM_0283,2023-04-04 07:00:00,in,B17,ORD_2239
LOG_02240,ITEM_0327,2023-04-04 08:00:00,in,B6,ORD_2240
LOG_02241,ITEM_0848,2023-04-04 09:00:00,out,B9,ORD_2241
LOG_02242,ITEM_0376,2023-04-04 10:00:00,out,B17,ORD_2242
LOG_02243,ITEM_0960,2023-04-04 11:00:00,in,B20,ORD_2243
LOG_02244,ITEM_0787,2023-04-04 12:00:00,in,B15,ORD_2244
LOG_02245,ITEM_0054,2023-04-04 13:00:00,in,B5,ORD_2245
LOG_02246,ITEM_0888,2023-04-04 14:00:00,in,B5,ORD_2246
LOG_02247,ITEM_0367,2023-04-04 15:00:00,out,B14,ORD_2247
LOG_02248,ITEM_0646,2023-04-04 16:00:00,in,B6,ORD_2248
LOG_02249,ITEM_0709,2023-04-04 17:00:00,out,B16,ORD_2249
LOG_02250,ITEM_0563,2023-04-04 18:00:00,out,B14,ORD_2250
LOG_02251,ITEM_0758,2023-04-04 19:00:00,in,B7,ORD_2251
LOG_02252,ITEM_0867,2023-04-04 20:00:00,out,B2,ORD_2252
LOG_02253,ITEM_0552,2023-04-04 21:00:00,in,B16,ORD_2253
LOG_02254,ITEM_0451,2023-04-04 22:00:00,out,B10,ORD_2254
LOG_02255,ITEM_0288,2023-04-04 23:00:00,in,B7,ORD_2255
LOG_02256,ITEM_0245,2023-04-05 00:00:00,in,B6,ORD_2256
LOG_02257,ITEM_0765,2023-04-05 01:00:00,in,B1,ORD_2257
LOG_02258,ITEM_0300,2023-04-05 02:00:00,in,B19,ORD_2258
LOG_02259,ITEM_0414,2023-04-05 03:00:00,out,B11,ORD_2259
LOG_02260,ITEM_0495,2023-04-05 04:00:00,in,B9,ORD_2260
LOG_02261,ITEM_0660,2023-04-05 05:00:00,out,B14,ORD_2261
LOG_02262,ITEM_0803,2023-04-05 06:00:00,out,B18,ORD_2262
LOG_02263,ITEM_0083,2023-04-05 07:00:00,out,B13,ORD_2263
LOG_02264,ITEM_0969,2023-04-05 08:00:00,in,B12,ORD_2264
LOG_02265,ITEM_0540,2023-04-05 09:00:00,in,B17,ORD_2265
LOG_02266,ITEM_0665,2023-04-05 10:00:00,out,B6,ORD_2266
LOG_02267,ITEM_0246,2023-04-05 11:00:00,in,B8,ORD_2267
LOG_02268,ITEM_0588,2023-04-05 12:00:00,out,B14,ORD_2268
LOG_02269,ITEM_0841,2023-04-05 13:00:00,out,B4,ORD_2269
LOG_02270,ITEM_0258,2023-04-05 14:00:00,in,B1,ORD_2270
LOG_02271,ITEM_0794,2023-04-05 15:00:00,in,B5,ORD_2271
LOG_02272,ITEM_0112,2023-04-05 16:00:00,in,B7,ORD_2272
LOG_02273,ITEM_0655,2023-04-05 17:00:00,out,B3,ORD_2273
LOG_02274,ITEM_0807,2023-04-05 18:00:00,in,B12,ORD_2274
LOG_02275,ITEM_0808,2023-04-05 19:00:00,in,B19,ORD_2275
LOG_02276,ITEM_0697,2023-04-05 20:00:00,in,B3,ORD_2276
LOG_02277,ITEM_0997,2023-04-05 21:00:00,out,B13,ORD_2277
LOG_02278,ITEM_0244,2023-04-05 22:00:00,in,B6,ORD_2278
LOG_02279,ITEM_0230,2023-04-05 23:00:00,in,B6,ORD_2279
LOG_02280,ITEM_0615,2023-04-06 00:00:00,in,B10,ORD_2280
LOG_02281,ITEM_0711,2023-04-06 01:00:00,in,B8,ORD_2281
LOG_02282,ITEM_0761,2023-04-06 02:00:00,out,B15,ORD_2282
LOG_02283,ITEM_0690,2023-04-06 03:00:00,out,B17,ORD_2283
LOG_02284,ITEM_0145,2023-04-06 04:00:00,out,B8,ORD_2284
LOG_02285,ITEM_0332,2023-04-06 05:00:00,in,B20,ORD_2285
LOG_02286,ITEM_0229,2023-04-06 06:00:00,in,B12,ORD_2286
LOG_02287,ITEM_0225,2023-04-06 07:00:00,in,B1,ORD_2287
LOG_02288,ITEM_0003,2023-04-06 08:00:00,in,B19,ORD_2288
LOG_02289,ITEM_0930,2023-04-06 09:00:00,out,B12,ORD_2289
LOG_02290,ITEM_0157,2023-04-06 10:00:00,out,B13,ORD_2290
LOG_02291,ITEM_0215,2023-04-06 11:00:00,out,B20,ORD_2291
LOG_02292,ITEM_0744,2023-04-06 12:00:00,out,B15,ORD_2292
LOG_02293,ITEM_0540,2023-04-06 13:00:00,out,B15,ORD_2293
LOG_02294,ITEM_0458,2023-04-06 14:00:00,in,B19,ORD_2294
LOG_02295,ITEM_0607,2023-04-06 15:00:00,out,B3,ORD_2295
LOG_02296,ITEM_0546,2023-04-06 16:00:00,out,B9,ORD_2296
LOG_02297,ITEM_0828,2023-04-06 17:00:00,out,B6,ORD_2297
LOG_02298,ITEM_0564,2023-04-06 18:00:00,in,B7,ORD_2298
LOG_02299,ITEM_0295,2023-04-06 19:00:00,in,B13,ORD_2299
LOG_02300,ITEM_0240,2023-04-06 20:00:00,out,B20,ORD_2300
LOG_02301,ITEM_0768,2023-04-06 21:00:00,out,B1,ORD_2301
LOG_02302,ITEM_0238,2023-04-06 22:00:00,in,B16,ORD_2302
LOG_02303,ITEM_0671,2023-04-06 23:00:00,out,B19,ORD_2303
LOG_02304,ITEM_0160,2023-04-07 00:00:00,out,B5,ORD_2304
LOG_02305,ITEM_0170,2023-04-07 01:00:00,in,B8,ORD_2305
LOG_02306,ITEM_0366,2023-04-07 02:00:00,in,B19,ORD_2306
LOG_02307,ITEM_0912,2023-04-07 03:00:00,in,B6,ORD_2307
LOG_02308,ITEM_0456,2023-04-07 04:00:00,out,B18,ORD_2308
LOG_02309,ITEM_0110,2023-04-07 05:00:00,in,B9,ORD_2309
LOG_02310,ITEM_0630,2023-04-07 06:00:00,in,B16,ORD_2310
LOG_02311,ITEM_0304,2023-04-07 07:00:00,out,B19,ORD_2311
LOG_02312,ITEM_0315,2023-04-07 08:00:00,out,B8,ORD_2312
LOG_02313,ITEM_0430,2023-04-07 09:00:00,in,B6,ORD_2313
LOG_02314,ITEM_0984,2023-04-07 10:00:00,in,B14,ORD_2314
LOG_02315,ITEM_0284,2023-04-07 11:00:00,in,B18,ORD_2315
LOG_02316,ITEM_0515,2023-04-07 12:00:00,in,B8,ORD_2316
LOG_02317,ITEM_0468,2023-04-07 13:00:00,out,B9,ORD_2317
LOG_02318,ITEM_0974,2023-04-07 14:00:00,out,B20,ORD_2318
LOG_02319,ITEM_0295,2023-04-07 15:00:00,in,B7,ORD_2319
LOG_02320,ITEM_0277,2023-04-07 16:00:00,out,B16,ORD_2320
LOG_02321,ITEM_0012,2023-04-07 17:00:00,out,B1,ORD_2321
LOG_02322,ITEM_0659,2023-04-07 18:00:00,in,B6,ORD_2322
LOG_02323,ITEM_0378,2023-04-07 19:00:00,in,B9,ORD_2323
LOG_02324,ITEM_0735,2023-04-07 20:00:00,out,B3,ORD_2324
LOG_02325,ITEM_0967,2023-04-07 21:00:00,in,B3,ORD_2325
LOG_02326,ITEM_0959,2023-04-07 22:00:00,out,B17,ORD_2326
LOG_02327,ITEM_0987,2023-04-07 23:00:00,out,B7,ORD_2327
LOG_02328,ITEM_0359,2023-04-08 00:00:00,in,B16,ORD_2328
LOG_02329,ITEM_0730,2023-04-08 01:00:00,out,B4,ORD_2329
LOG_02330,ITEM_0070,2023-04-08 02:00:00,in,B5,ORD_2330
LOG_02331,ITEM_0508,2023-04-08 03:00:00,out,B2,ORD_2331
LOG_02332,ITEM_0698,2023-04-08 04:00:00,in,B8,ORD_2332
LOG_02333,ITEM_0196,2023-04-08 05:00:00,in,B17,ORD_2333
LOG_02334,ITEM_0666,2023-04-08 06:00:00,in,B19,ORD_2334
LOG_02335,ITEM_0861,2023-04-08 07:00:00,out,B5,ORD_2335
LOG_02336,ITEM_0607,2023-04-08 08:00:00,out,B1,ORD_2336
LOG_02337,ITEM_0038,2023-04-08 09:00:00,in,B18,ORD_2337
LOG_02338,ITEM_0096,2023-04-08 10:00:00,in,B13,ORD_2338
LOG_02339,ITEM_0748,2023-04-08 11:00:00,out,B16,ORD_2339
LOG_02340,ITEM_0062,2023-04-08 12:00:00,out,B13,ORD_2340
LOG_02341,ITEM_0680,2023-04-08 13:00:00,out,B13,ORD_2341
LOG_02342,ITEM_0394,2023-04-08 14:00:00,out,B1,ORD_2342
LOG_02343,ITEM_0610,2023-04-08 15:00:00,out,B11,ORD_2343
LOG_02344,ITEM_0215,2023-04-08 16:00:00,in,B4,ORD_2344
LOG_02345,ITEM_0044,2023-04-08 17:00:00,in,B5,ORD_2345
LOG_02346,ITEM_0271,2023-04-08 18:00:00,in,B13,ORD_2346
LOG_02347,ITEM_0739,2023-04-08 19:00:00,in,B12,ORD_2347
LOG_02348,ITEM_0025,2023-04-08 20:00:00,in,B3,ORD_2348
LOG_02349,ITEM_0089,2023-04-08 21:00:00,out,B18,ORD_2349
LOG_02350,ITEM_0074,2023-04-08 22:00:00,out,B13,ORD_2350
LOG_02351,ITEM_0309,2023-04-08 23:00:00,in,B17,ORD_2351
LOG_02352,ITEM_0249,2023-04-09 00:00:00,in,B4,ORD_2352
LOG_02353,ITEM_0087,2023-04-09 01:00:00,in,B5,ORD_2353
LOG_02354,ITEM_0367,2023-04-09 02:00:00,out,B8,ORD_2354
LOG_02355,ITEM_0574,2023-04-09 03:00:00,out,B10,ORD_2355
LOG_02356,ITEM_0939,2023-04-09 04:00:00,out,B10,ORD_2356
LOG_02357,ITEM_0153,2023-04-09 05:00:00,out,B11,ORD_2357
LOG_02358,ITEM_0276,2023-04-09 06:00:00,in,B9,ORD_2358
LOG_02359,ITEM_0612,2023-04-09 07:00:00,in,B4,ORD_2359
LOG_02360,ITEM_0648,2023-04-09 08:00:00,out,B14,ORD_2360
LOG_02361,ITEM_0053,2023-04-09 09:00:00,out,B11,ORD_2361
LOG_02362,ITEM_0793,2023-04-09 10:00:00,out,B9,ORD_2362
LOG_02363,ITEM_0902,2023-04-09 11:00:00,in,B5,ORD_2363
LOG_02364,ITEM_0842,2023-04-09 12:00:00,in,B17,ORD_2364
LOG_02365,ITEM_0101,2023-04-09 13:00:00,out,B7,ORD_2365
LOG_02366,ITEM_0723,2023-04-09 14:00:00,out,B15,ORD_2366
LOG_02367,ITEM_0872,2023-04-09 15:00:00,out,B14,ORD_2367
LOG_02368,ITEM_0809,2023-04-09 16:00:00,in,B10,ORD_2368
LOG_02369,ITEM_0931,2023-04-09 17:00:00,out,B16,ORD_2369
LOG_02370,ITEM_0170,2023-04-09 18:00:00,in,B18,ORD_2370
LOG_02371,ITEM_0390,2023-04-09 19:00:00,in,B17,ORD_2371
LOG_02372,ITEM_0712,2023-04-09 20:00:00,out,B4,ORD_2372
LOG_02373,ITEM_0021,2023-04-09 21:00:00,in,B13,ORD_2373
LOG_02374,ITEM_0272,2023-04-09 22:00:00,in,B18,ORD_2374
LOG_02375,ITEM_0817,2023-04-09 23:00:00,out,B14,ORD_2375
LOG_02376,ITEM_0104,2023-04-10 00:00:00,in,B19,ORD_2376
LOG_02377,ITEM_0183,2023-04-10 01:00:00,out,B13,ORD_2377
LOG_02378,ITEM_0470,2023-04-10 02:00:00,out,B18,ORD_2378
LOG_02379,ITEM_0172,2023-04-10 03:00:00,out,B7,ORD_2379
LOG_02380,ITEM_0738,2023-04-10 04:00:00,in,B8,ORD_2380
LOG_02381,ITEM_0535,2023-04-10 05:00:00,out,B10,ORD_2381
LOG_02382,ITEM_0796,2023-04-10 06:00:00,out,B12,ORD_2382
LOG_02383,ITEM_0301,2023-04-10 07:00:00,out,B19,ORD_2383
LOG_02384,ITEM_0553,2023-04-10 08:00:00,in,B5,ORD_2384
LOG_02385,ITEM_0629,2023-04-10 09:00:00,in,B5,ORD_2385
LOG_02386,ITEM_0674,2023-04-10 10:00:00,in,B20,ORD_2386
LOG_02387,ITEM_0577,2023-04-10 11:00:00,out,B3,ORD_2387
LOG_02388,ITEM_0632,2023-04-10 12:00:00,in,B12,ORD_2388
LOG_02389,ITEM_0876,2023-04-10 13:00:00,in,B16,ORD_2389
LOG_02390,ITEM_0011,2023-04-10 14:00:00,out,B18,ORD_2390
LOG_02391,ITEM_0349,2023-04-10 15:00:00,in,B8,ORD_2391
LOG_02392,ITEM_0565,2023-04-10 16:00:00,in,B12,ORD_2392
LOG_02393,ITEM_0534,2023-04-10 17:00:00,in,B6,ORD_2393
LOG_02394,ITEM_0064,2023-04-10 18:00:00,out,B12,ORD_2394
LOG_02395,ITEM_0234,2023-04-10 19:00:00,in,B15,ORD_2395
LOG_02396,ITEM_0777,2023-04-10 20:00:00,in,B16,ORD_2396
LOG_02397,ITEM_0085,2023-04-10 21:00:00,out,B19,ORD_2397
LOG_02398,ITEM_0710,2023-04-10 22:00:00,in,B1,ORD_2398
LOG_02399,ITEM_0756,2023-04-10 23:00:00,out,B11,ORD_2399
LOG_02400,ITEM_0571,2023-04-11 00:00:00,out,B17,ORD_2400
LOG_02401,ITEM_0856,2023-04-11 01:00:00,in,B3,ORD_2401
LOG_02402,ITEM_0941,2023-04-11 02:00:00,out,B6,ORD_2402
LOG_02403,ITEM_0238,2023-04-11 03:00:00,out,B8,ORD_2403
LOG_02404,ITEM_0059,2023-04-11 04:00:00,out,B12,ORD_2404
LOG_02405,ITEM_0630,2023-04-11 05:00:00,out,B2,ORD_2405
LOG_02406,ITEM_0888,2023-04-11 06:00:00,in,B11,ORD_2406
LOG_02407,ITEM_0971,2023-04-11 07:00:00,in,B19,ORD_2407
LOG_02408,ITEM_0381,2023-04-11 08:00:00,in,B2,ORD_2408
LOG_02409,ITEM_0470,2023-04-11 09:00:00,out,B9,ORD_2409
LOG_02410,ITEM_0947,2023-04-11 10:00:00,in,B16,ORD_2410
LOG_02411,ITEM_0752,2023-04-11 11:00:00,in,B12,ORD_2411
LOG_02412,ITEM_0718,2023-04-11 12:00:00,out,B20,ORD_2412
LOG_02413,ITEM_0551,2023-04-11 13:00:00,in,B11,ORD_2413
LOG_02414,ITEM_0544,2023-04-11 14:00:00,in,B6,ORD_2414
LOG_02415,ITEM_0045,2023-04-11 15:00:00,out,B18,ORD_2415
LOG_02416,ITEM_0575,2023-04-11 16:00:00,out,B1,ORD_2416
LOG_02417,ITEM_0141,2023-04-11 17:00:00,in,B3,ORD_2417
LOG_02418,ITEM_0259,2023-04-11 18:00:00,in,B12,ORD_2418
LOG_02419,ITEM_0444,2023-04-11 19:00:00,out,B7,ORD_2419
LOG_02420,ITEM_0742,2023-04-11 20:00:00,in,B20,ORD_2420
LOG_02421,ITEM_0681,2023-04-11 21:00:00,in,B4,ORD_2421
LOG_02422,ITEM_0281,2023-04-11 22:00:00,in,B5,ORD_2422
LOG_02423,ITEM_0585,2023-04-11 23:00:00,out,B3,ORD_2423
LOG_02424,ITEM_0566,2023-04-12 00:00:00,in,B11,ORD_2424
LOG_02425,ITEM_0095,2023-04-12 01:00:00,in,B20,ORD_2425
LOG_02426,ITEM_0364,2023-04-12 02:00:00,in,B1,ORD_2426
LOG_02427,ITEM_0164,2023-04-12 03:00:00,in,B3,ORD_2427
LOG_02428,ITEM_0139,2023-04-12 04:00:00,out,B20,ORD_2428
LOG_02429,ITEM_0985,2023-04-12 05:00:00,out,B17,ORD_2429
LOG_02430,ITEM_0727,2023-04-12 06:00:00,in,B8,ORD_2430
LOG_02431,ITEM_0038,2023-04-12 07:00:00,in,B16,ORD_2431
LOG_02432,ITEM_0513,2023-04-12 08:00:00,out,B16,ORD_2432
LOG_02433,ITEM_0405,2023-04-12 09:00:00,in,B19,ORD_2433
LOG_02434,ITEM_0340,2023-04-12 10:00:00,out,B11,ORD_2434
LOG_02435,ITEM_0903,2023-04-12 11:00:00,out,B6,ORD_2435
LOG_02436,ITEM_0227,2023-04-12 12:00:00,in,B20,ORD_2436
LOG_02437,ITEM_0634,2023-04-12 13:00:00,in,B19,ORD_2437
LOG_02438,ITEM_0135,2023-04-12 14:00:00,in,B9,ORD_2438
LOG_02439,ITEM_0037,2023-04-12 15:00:00,in,B2,ORD_2439
LOG_02440,ITEM_0348,2023-04-12 16:00:00,in,B9,ORD_2440
LOG_02441,ITEM_0694,2023-04-12 17:00:00,out,B5,ORD_2441
LOG_02442,ITEM_0971,2023-04-12 18:00:00,out,B9,ORD_2442
LOG_02443,ITEM_0284,2023-04-12 19:00:00,out,B17,ORD_2443
LOG_02444,ITEM_0818,2023-04-12 20:00:00,in,B20,ORD_2444
LOG_02445,ITEM_0932,2023-04-12 21:00:00,out,B8,ORD_2445
LOG_02446,ITEM_0837,2023-04-12 22:00:00,in,B16,ORD_2446
LOG_02447,ITEM_0959,2023-04-12 23:00:00,in,B10,ORD_2447
LOG_02448,ITEM_0560,2023-04-13 00:00:00,in,B19,ORD_2448
LOG_02449,ITEM_0092,2023-04-13 01:00:00,out,B20,ORD_2449
LOG_02450,ITEM_0627,2023-04-13 02:00:00,in,B16,ORD_2450
LOG_02451,ITEM_0241,2023-04-13 03:00:00,out,B9,ORD_2451
LOG_02452,ITEM_0740,2023-04-13 04:00:00,out,B2,ORD_2452
LOG_02453,ITEM_0511,2023-04-13 05:00:00,in,B11,ORD_2453
LOG_02454,ITEM_0016,2023-04-13 06:00:00,in,B6,ORD_2454
LOG_02455,ITEM_0666,2023-04-13 07:00:00,in,B3,ORD_2455
LOG_02456,ITEM_0720,2023-04-13 08:00:00,in,B8,ORD_2456
LOG_02457,ITEM_0768,2023-04-13 09:00:00,in,B13,ORD_2457
LOG_02458,ITEM_0126,2023-04-13 10:00:00,in,B20,ORD_2458
LOG_02459,ITEM_0317,2023-04-13 11:00:00,out,B19,ORD_2459
LOG_02460,ITEM_0394,2023-04-13 12:00:00,out,B7,ORD_2460
LOG_02461,ITEM_0889,2023-04-13 13:00:00,out,B19,ORD_2461
LOG_02462,ITEM_0940,2023-04-13 14:00:00,in,B15,ORD_2462
LOG_02463,ITEM_0920,2023-04-13 15:00:00,out,B19,ORD_2463
LOG_02464,ITEM_0715,2023-04-13 16:00:00,in,B10,ORD_2464
LOG_02465,ITEM_0243,2023-04-13 17:00:00,in,B16,ORD_2465
LOG_02466,ITEM_0923,2023-04-13 18:00:00,in,B14,ORD_2466
LOG_02467,ITEM_0081,2023-04-13 19:00:00,in,B11,ORD_2467
LOG_02468,ITEM_0482,2023-04-13 20:00:00,out,B12,ORD_2468
LOG_02469,ITEM_0130,2023-04-13 21:00:00,out,B2,ORD_2469
LOG_02470,ITEM_0426,2023-04-13 22:00:00,in,B13,ORD_2470
LOG_02471,ITEM_0350,2023-04-13 23:00:00,in,B7,ORD_2471
LOG_02472,ITEM_0110,2023-04-14 00:00:00,in,B2,ORD_2472
LOG_02473,ITEM_0219,2023-04-14 01:00:00,in,B19,ORD_2473
LOG_02474,ITEM_0604,2023-04-14 02:00:00,in,B10,ORD_2474
LOG_02475,ITEM_0639,2023-04-14 03:00:00,in,B17,ORD_2475
LOG_02476,ITEM_0108,2023-04-14 04:00:00,in,B11,ORD_2476
LOG_02477,ITEM_0908,2023-04-14 05:00:00,out,B12,ORD_2477
LOG_02478,ITEM_0886,2023-04-14 06:00:00,in,B19,ORD_2478
LOG_02479,ITEM_0554,2023-04-14 07:00:00,in,B1,ORD_2479
LOG_02480,ITEM_0468,2023-04-14 08:00:00,in,B20,ORD_2480
LOG_02481,ITEM_0140,2023-04-14 09:00:00,out,B9,ORD_2481
LOG_02482,ITEM_0634,2023-04-14 10:00:00,out,B14,ORD_2482
LOG_02483,ITEM_0207,2023-04-14 11:00:00,in,B20,ORD_2483
LOG_02484,ITEM_0592,2023-04-14 12:00:00,in,B10,ORD_2484
LOG_02485,ITEM_0124,2023-04-14 13:00:00,in,B8,ORD_2485
LOG_02486,ITEM_0547,2023-04-14 14:00:00,in,B15,ORD_2486
LOG_02487,ITEM_0493,2023-04-14 15:00:00,out,B4,ORD_2487
LOG_02488,ITEM_0081,2023-04-14 16:00:00,in,B7,ORD_2488
LOG_02489,ITEM_0267,2023-04-14 17:00:00,out,B19,ORD_2489
LOG_02490,ITEM_0472,2023-04-14 18:00:00,out,B15,ORD_2490
LOG_02491,ITEM_0267,2023-04-14 19:00:00,in,B5,ORD_2491
LOG_02492,ITEM_0515,2023-04-14 20:00:00,out,B16,ORD_2492
LOG_02493,ITEM_0930,2023-04-14 21:00:00,out,B15,ORD_2493
LOG_02494,ITEM_0436,2023-04-14 22:00:00,out,B2,ORD_2494
LOG_02495,ITEM_0442,2023-04-14 23:00:00,in,B12,ORD_2495
LOG_02496,ITEM_0942,2023-04-15 00:00:00,out,B5,ORD_2496
LOG_02497,ITEM_0707,2023-04-15 01:00:00,in,B8,ORD_2497
LOG_02498,ITEM_0976,2023-04-15 02:00:00,in,B20,ORD_2498
LOG_02499,ITEM_0734,2023-04-15 03:00:00,in,B19,ORD_2499
LOG_02500,ITEM_0345,2023-04-15 04:00:00,out,B6,ORD_2500
LOG_02501,ITEM_0943,2023-04-15 05:00:00,out,B20,ORD_2501
LOG_02502,ITEM_0232,2023-04-15 06:00:00,out,B11,ORD_2502
LOG_02503,ITEM_0055,2023-04-15 07:00:00,out,B20,ORD_2503
LOG_02504,ITEM_0703,2023-04-15 08:00:00,in,B18,ORD_2504
LOG_02505,ITEM_0855,2023-04-15 09:00:00,out,B20,ORD_2505
LOG_02506,ITEM_0070,2023-04-15 10:00:00,out,B19,ORD_2506
LOG_02507,ITEM_0486,2023-04-15 11:00:00,in,B10,ORD_2507
LOG_02508,ITEM_0952,2023-04-15 12:00:00,out,B18,ORD_2508
LOG_02509,ITEM_0180,2023-04-15 13:00:00,out,B20,ORD_2509
LOG_02510,ITEM_0605,2023-04-15 14:00:00,in,B20,ORD_2510
LOG_02511,ITEM_0611,2023-04-15 15:00:00,out,B8,ORD_2511
LOG_02512,ITEM_0480,2023-04-15 16:00:00,in,B17,ORD_2512
LOG_02513,ITEM_0970,2023-04-15 17:00:00,out,B11,ORD_2513
LOG_02514,ITEM_0006,2023-04-15 18:00:00,in,B9,ORD_2514
LOG_02515,ITEM_0814,2023-04-15 19:00:00,out,B13,ORD_2515
LOG_02516,ITEM_0578,2023-04-15 20:00:00,out,B7,ORD_2516
LOG_02517,ITEM_0146,2023-04-15 21:00:00,out,B12,ORD_2517
LOG_02518,ITEM_0604,2023-04-15 22:00:00,out,B4,ORD_2518
LOG_02519,ITEM_0304,2023-04-15 23:00:00,in,B3,ORD_2519
LOG_02520,ITEM_0291,2023-04-16 00:00:00,in,B20,ORD_2520
LOG_02521,ITEM_0636,2023-04-16 01:00:00,out,B2,ORD_2521
LOG_02522,ITEM_0762,2023-04-16 02:00:00,out,B19,ORD_2522
LOG_02523,ITEM_0173,2023-04-16 03:00:00,in,B19,ORD_2523
LOG_02524,ITEM_0348,2023-04-16 04:00:00,out,B17,ORD_2524
LOG_02525,ITEM_0723,2023-04-16 05:00:00,out,B8,ORD_2525
LOG_02526,ITEM_0660,2023-04-16 06:00:00,out,B12,ORD_2526
LOG_02527,ITEM_0432,2023-04-16 07:00:00,out,B1,ORD_2527
LOG_02528,ITEM_0673,2023-04-16 08:00:00,in,B7,ORD_2528
LOG_02529,ITEM_0146,2023-04-16 09:00:00,in,B12,ORD_2529
LOG_02530,ITEM_0783,2023-04-16 10:00:00,out,B12,ORD_2530
LOG_02531,ITEM_0937,2023-04-16 11:00:00,out,B1,ORD_2531
LOG_02532,ITEM_0358,2023-04-16 12:00:00,out,B1,ORD_2532
LOG_02533,ITEM_0344,2023-04-16 13:00:00,in,B14,ORD_2533
LOG_02534,ITEM_0744,2023-04-16 14:00:00,in,B1,ORD_2534
LOG_02535,ITEM_0248,2023-04-16 15:00:00,out,B10,ORD_2535
LOG_02536,ITEM_0036,2023-04-16 16:00:00,in,B14,ORD_2536
LOG_02537,ITEM_0120,2023-04-16 17:00:00,out,B12,ORD_2537
LOG_02538,ITEM_0707,2023-04-16 18:00:00,out,B8,ORD_2538
LOG_02539,ITEM_0544,2023-04-16 19:00:00,in,B3,ORD_2539
LOG_02540,ITEM_0213,2023-04-16 20:00:00,out,B15,ORD_2540
LOG_02541,ITEM_0076,2023-04-16 21:00:00,in,B13,ORD_2541
LOG_02542,ITEM_0349,2023-04-16 22:00:00,in,B3,ORD_2542
LOG_02543,ITEM_0460,2023-04-16 23:00:00,out,B17,ORD_2543
LOG_02544,ITEM_0322,2023-04-17 00:00:00,out,B18,ORD_2544
LOG_02545,ITEM_0200,2023-04-17 01:00:00,in,B4,ORD_2545
LOG_02546,ITEM_0163,2023-04-17 02:00:00,in,B4,ORD_2546
LOG_02547,ITEM_0538,2023-04-17 03:00:00,out,B19,ORD_2547
LOG_02548,ITEM_0436,2023-04-17 04:00:00,in,B19,ORD_2548
LOG_02549,ITEM_0055,2023-04-17 05:00:00,out,B18,ORD_2549
LOG_02550,ITEM_0774,2023-04-17 06:00:00,in,B4,ORD_2550
LOG_02551,ITEM_0821,2023-04-17 07:00:00,out,B20,ORD_2551
LOG_02552,ITEM_0909,2023-04-17 08:00:00,in,B6,ORD_2552
LOG_02553,ITEM_0701,2023-04-17 09:00:00,in,B5,ORD_2553
LOG_02554,ITEM_0261,2023-04-17 10:00:00,out,B2,ORD_2554
LOG_02555,ITEM_0300,2023-04-17 11:00:00,out,B5,ORD_2555
LOG_02556,ITEM_0026,2023-04-17 12:00:00,in,B13,ORD_2556
LOG_02557,ITEM_0413,2023-04-17 13:00:00,in,B11,ORD_2557
LOG_02558,ITEM_0508,2023-04-17 14:00:00,in,B10,ORD_2558
LOG_02559,ITEM_0067,2023-04-17 15:00:00,out,B1,ORD_2559
LOG_02560,ITEM_0303,2023-04-17 16:00:00,in,B18,ORD_2560
LOG_02561,ITEM_0918,2023-04-17 17:00:00,out,B3,ORD_2561
LOG_02562,ITEM_0088,2023-04-17 18:00:00,in,B5,ORD_2562
LOG_02563,ITEM_0548,2023-04-17 19:00:00,in,B11,ORD_2563
LOG_02564,ITEM_0648,2023-04-17 20:00:00,in,B6,ORD_2564
LOG_02565,ITEM_0847,2023-04-17 21:00:00,out,B13,ORD_2565
LOG_02566,ITEM_0133,2023-04-17 22:00:00,out,B11,ORD_2566
LOG_02567,ITEM_0748,2023-04-17 23:00:00,in,B6,ORD_2567
LOG_02568,ITEM_0085,2023-04-18 00:00:00,out,B9,ORD_2568
LOG_02569,ITEM_0985,2023-04-18 01:00:00,in,B17,ORD_2569
LOG_02570,ITEM_0272,2023-04-18 02:00:00,in,B11,ORD_2570
LOG_02571,ITEM_0634,2023-04-18 03:00:00,in,B15,ORD_2571
LOG_02572,ITEM_0435,2023-04-18 04:00:00,in,B8,ORD_2572
LOG_02573,ITEM_0510,2023-04-18 05:00:00,out,B2,ORD_2573
LOG_02574,ITEM_0269,2023-04-18 06:00:00,in,B7,ORD_2574
LOG_02575,ITEM_0077,2023-04-18 07:00:00,in,B6,ORD_2575
LOG_02576,ITEM_0711,2023-04-18 08:00:00,in,B18,ORD_2576
LOG_02577,ITEM_0329,2023-04-18 09:00:00,in,B1,ORD_2577
LOG_02578,ITEM_0705,2023-04-18 10:00:00,in,B12,ORD_2578
LOG_02579,ITEM_0112,2023-04-18 11:00:00,in,B7,ORD_2579
LOG_02580,ITEM_0008,2023-04-18 12:00:00,out,B3,ORD_2580
LOG_02581,ITEM_0465,2023-04-18 13:00:00,out,B11,ORD_2581
LOG_02582,ITEM_0507,2023-04-18 14:00:00,in,B4,ORD_2582
LOG_02583,ITEM_0797,2023-04-18 15:00:00,out,B2,ORD_2583
LOG_02584,ITEM_0131,2023-04-18 16:00:00,in,B9,ORD_2584
LOG_02585,ITEM_0306,2023-04-18 17:00:00,out,B2,ORD_2585
LOG_02586,ITEM_0147,2023-04-18 18:00:00,out,B19,ORD_2586
LOG_02587,ITEM_0186,2023-04-18 19:00:00,in,B20,ORD_2587
LOG_02588,ITEM_0134,2023-04-18 20:00:00,out,B6,ORD_2588
LOG_02589,ITEM_0521,2023-04-18 21:00:00,in,B15,ORD_2589
LOG_02590,ITEM_0417,2023-04-18 22:00:00,in,B3,ORD_2590
LOG_02591,ITEM_0105,2023-04-18 23:00:00,in,B3,ORD_2591
LOG_02592,ITEM_0347,2023-04-19 00:00:00,in,B4,ORD_2592
LOG_02593,ITEM_0540,2023-04-19 01:00:00,out,B19,ORD_2593
LOG_02594,ITEM_0946,2023-04-19 02:00:00,in,B14,ORD_2594
LOG_02595,ITEM_0898,2023-04-19 03:00:00,in,B14,ORD_2595
LOG_02596,ITEM_0897,2023-04-19 04:00:00,in,B7,ORD_2596
LOG_02597,ITEM_0437,2023-04-19 05:00:00,out,B14,ORD_2597
LOG_02598,ITEM_0656,2023-04-19 06:00:00,in,B7,ORD_2598
LOG_02599,ITEM_0420,2023-04-19 07:00:00,in,B17,ORD_2599
LOG_02600,ITEM_0403,2023-04-19 08:00:00,in,B10,ORD_2600
LOG_02601,ITEM_0771,2023-04-19 09:00:00,in,B17,ORD_2601
LOG_02602,ITEM_0822,2023-04-19 10:00:00,in,B3,ORD_2602
LOG_02603,ITEM_0376,2023-04-19 11:00:00,out,B20,ORD_2603
LOG_02604,ITEM_0578,2023-04-19 12:00:00,in,B15,ORD_2604
LOG_02605,ITEM_0492,2023-04-19 13:00:00,in,B2,ORD_2605
LOG_02606,ITEM_0338,2023-04-19 14:00:00,in,B11,ORD_2606
LOG_02607,ITEM_0035,2023-04-19 15:00:00,out,B20,ORD_2607
LOG_02608,ITEM_0996,2023-04-19 16:00:00,in,B15,ORD_2608
LOG_02609,ITEM_0133,2023-04-19 17:00:00,out,B16,ORD_2609
LOG_02610,ITEM_0434,2023-04-19 18:00:00,out,B4,ORD_2610
LOG_02611,ITEM_0874,2023-04-19 19:00:00,out,B17,ORD_2611
LOG_02612,ITEM_0203,2023-04-19 20:00:00,in,B10,ORD_2612
LOG_02613,ITEM_0293,2023-04-19 21:00:00,out,B8,ORD_2613
LOG_02614,ITEM_0156,2023-04-19 22:00:00,out,B3,ORD_2614
LOG_02615,ITEM_0023,2023-04-19 23:00:00,out,B19,ORD_2615
LOG_02616,ITEM_0968,2023-04-20 00:00:00,in,B15,ORD_2616
LOG_02617,ITEM_0625,2023-04-20 01:00:00,in,B12,ORD_2617
LOG_02618,ITEM_0130,2023-04-20 02:00:00,in,B15,ORD_2618
LOG_02619,ITEM_0891,2023-04-20 03:00:00,out,B3,ORD_2619
LOG_02620,ITEM_0923,2023-04-20 04:00:00,out,B13,ORD_2620
LOG_02621,ITEM_0159,2023-04-20 05:00:00,out,B1,ORD_2621
LOG_02622,ITEM_0926,2023-04-20 06:00:00,in,B19,ORD_2622
LOG_02623,ITEM_0157,2023-04-20 07:00:00,in,B13,ORD_2623
LOG_02624,ITEM_0906,2023-04-20 08:00:00,in,B16,ORD_2624
LOG_02625,ITEM_0112,2023-04-20 09:00:00,out,B7,ORD_2625
LOG_02626,ITEM_0095,2023-04-20 10:00:00,out,B12,ORD_2626
LOG_02627,ITEM_0426,2023-04-20 11:00:00,in,B9,ORD_2627
LOG_02628,ITEM_0080,2023-04-20 12:00:00,in,B8,ORD_2628
LOG_02629,ITEM_0377,2023-04-20 13:00:00,in,B15,ORD_2629
LOG_02630,ITEM_0141,2023-04-20 14:00:00,in,B10,ORD_2630
LOG_02631,ITEM_0335,2023-04-20 15:00:00,in,B14,ORD_2631
LOG_02632,ITEM_0097,2023-04-20 16:00:00,out,B19,ORD_2632
LOG_02633,ITEM_0733,2023-04-20 17:00:00,out,B12,ORD_2633
LOG_02634,ITEM_0414,2023-04-20 18:00:00,out,B20,ORD_2634
LOG_02635,ITEM_0212,2023-04-20 19:00:00,in,B19,ORD_2635
LOG_02636,ITEM_0798,2023-04-20 20:00:00,out,B3,ORD_2636
LOG_02637,ITEM_0358,2023-04-20 21:00:00,in,B13,ORD_2637
LOG_02638,ITEM_0182,2023-04-20 22:00:00,in,B9,ORD_2638
LOG_02639,ITEM_0863,2023-04-20 23:00:00,in,B15,ORD_2639
LOG_02640,ITEM_0034,2023-04-21 00:00:00,out,B8,ORD_2640
LOG_02641,ITEM_0214,2023-04-21 01:00:00,in,B17,ORD_2641
LOG_02642,ITEM_0785,2023-04-21 02:00:00,in,B20,ORD_2642
LOG_02643,ITEM_0352,2023-04-21 03:00:00,in,B20,ORD_2643
LOG_02644,ITEM_0160,2023-04-21 04:00:00,in,B9,ORD_2644
LOG_02645,ITEM_0201,2023-04-21 05:00:00,out,B14,ORD_2645
LOG_02646,ITEM_0533,2023-04-21 06:00:00,in,B12,ORD_2646
LOG_02647,ITEM_0728,2023-04-21 07:00:00,out,B8,ORD_2647
LOG_02648,ITEM_0639,2023-04-21 08:00:00,in,B12,ORD_2648
LOG_02649,ITEM_0109,2023-04-21 09:00:00,out,B3,ORD_2649
LOG_02650,ITEM_0301,2023-04-21 10:00:00,in,B12,ORD_2650
LOG_02651,ITEM_0816,2023-04-21 11:00:00,in,B18,ORD_2651
LOG_02652,ITEM_0874,2023-04-21 12:00:00,out,B8,ORD_2652
LOG_02653,ITEM_0485,2023-04-21 13:00:00,in,B18,ORD_2653
LOG_02654,ITEM_0454,2023-04-21 14:00:00,out,B16,ORD_2654
LOG_02655,ITEM_0245,2023-04-21 15:00:00,in,B3,ORD_2655
LOG_02656,ITEM_0873,2023-04-21 16:00:00,in,B18,ORD_2656
LOG_02657,ITEM_0774,2023-04-21 17:00:00,in,B19,ORD_2657
LOG_02658,ITEM_0746,2023-04-21 18:00:00,in,B18,ORD_2658
LOG_02659,ITEM_0929,2023-04-21 19:00:00,out,B5,ORD_2659
LOG_02660,ITEM_0010,2023-04-21 20:00:00,out,B6,ORD_2660
LOG_02661,ITEM_0711,2023-04-21 21:00:00,out,B8,ORD_2661
LOG_02662,ITEM_0037,2023-04-21 22:00:00,in,B18,ORD_2662
LOG_02663,ITEM_0142,2023-04-21 23:00:00,in,B13,ORD_2663
LOG_02664,ITEM_0266,2023-04-22 00:00:00,out,B16,ORD_2664
LOG_02665,ITEM_0012,2023-04-22 01:00:00,in,B5,ORD_2665
LOG_02666,ITEM_0384,2023-04-22 02:00:00,out,B16,ORD_2666
LOG_02667,ITEM_0676,2023-04-22 03:00:00,in,B19,ORD_2667
LOG_02668,ITEM_0312,2023-04-22 04:00:00,out,B19,ORD_2668
LOG_02669,ITEM_0120,2023-04-22 05:00:00,out,B16,ORD_2669
LOG_02670,ITEM_0626,2023-04-22 06:00:00,out,B15,ORD_2670
LOG_02671,ITEM_0440,2023-04-22 07:00:00,out,B15,ORD_2671
LOG_02672,ITEM_0164,2023-04-22 08:00:00,out,B7,ORD_2672
LOG_02673,ITEM_0223,2023-04-22 09:00:00,in,B15,ORD_2673
LOG_02674,ITEM_0030,2023-04-22 10:00:00,in,B16,ORD_2674
LOG_02675,ITEM_0253,2023-04-22 11:00:00,in,B19,ORD_2675
LOG_02676,ITEM_0340,2023-04-22 12:00:00,out,B13,ORD_2676
LOG_02677,ITEM_0166,2023-04-22 13:00:00,in,B17,ORD_2677
LOG_02678,ITEM_0516,2023-04-22 14:00:00,in,B5,ORD_2678
LOG_02679,ITEM_0749,2023-04-22 15:00:00,in,B7,ORD_2679
LOG_02680,ITEM_0227,2023-04-22 16:00:00,out,B5,ORD_2680
LOG_02681,ITEM_0419,2023-04-22 17:00:00,out,B5,ORD_2681
LOG_02682,ITEM_0546,2023-04-22 18:00:00,out,B7,ORD_2682
LOG_02683,ITEM_0101,2023-04-22 19:00:00,out,B9,ORD_2683
LOG_02684,ITEM_0351,2023-04-22 20:00:00,in,B9,ORD_2684
LOG_02685,ITEM_0339,2023-04-22 21:00:00,in,B10,ORD_2685
LOG_02686,ITEM_0185,2023-04-22 22:00:00,in,B7,ORD_2686
LOG_02687,ITEM_0071,2023-04-22 23:00:00,out,B15,ORD_2687
LOG_02688,ITEM_0532,2023-04-23 00:00:00,in,B7,ORD_2688
LOG_02689,ITEM_0835,2023-04-23 01:00:00,out,B12,ORD_2689
LOG_02690,ITEM_0477,2023-04-23 02:00:00,in,B4,ORD_2690
LOG_02691,ITEM_0568,2023-04-23 03:00:00,out,B8,ORD_2691
LOG_02692,ITEM_0892,2023-04-23 04:00:00,out,B20,ORD_2692
LOG_02693,ITEM_0968,2023-04-23 05:00:00,out,B19,ORD_2693
LOG_02694,ITEM_0485,2023-04-23 06:00:00,out,B16,ORD_2694
LOG_02695,ITEM_0410,2023-04-23 07:00:00,out,B13,ORD_2695
LOG_02696,ITEM_0221,2023-04-23 08:00:00,in,B18,ORD_2696
LOG_02697,ITEM_0333,2023-04-23 09:00:00,out,B4,ORD_2697
LOG_02698,ITEM_0351,2023-04-23 10:00:00,in,B12,ORD_2698
LOG_02699,ITEM_0925,2023-04-23 11:00:00,out,B6,ORD_2699
LOG_02700,ITEM_0232,2023-04-23 12:00:00,in,B18,ORD_2700
LOG_02701,ITEM_0208,2023-04-23 13:00:00,out,B8,ORD_2701
LOG_02702,ITEM_0130,2023-04-23 14:00:00,out,B5,ORD_2702
LOG_02703,ITEM_0163,2023-04-23 15:00:00,in,B7,ORD_2703
LOG_02704,ITEM_0371,2023-04-23 16:00:00,in,B13,ORD_2704
LOG_02705,ITEM_0130,2023-04-23 17:00:00,out,B15,ORD_2705
LOG_02706,ITEM_0529,2023-04-23 18:00:00,out,B17,ORD_2706
LOG_02707,ITEM_0392,2023-04-23 19:00:00,in,B4,ORD_2707
LOG_02708,ITEM_0879,2023-04-23 20:00:00,out,B10,ORD_2708
LOG_02709,ITEM_0881,2023-04-23 21:00:00,out,B16,ORD_2709
LOG_02710,ITEM_0507,2023-04-23 22:00:00,out,B9,ORD_2710
LOG_02711,ITEM_0827,2023-04-23 23:00:00,in,B2,ORD_2711
LOG_02712,ITEM_0600,2023-04-24 00:00:00,in,B11,ORD_2712
LOG_02713,ITEM_0737,2023-04-24 01:00:00,in,B16,ORD_2713
LOG_02714,ITEM_0356,2023-04-24 02:00:00,out,B4,ORD_2714
LOG_02715,ITEM_0021,2023-04-24 03:00:00,out,B16,ORD_2715
LOG_02716,ITEM_0075,2023-04-24 04:00:00,in,B18,ORD_2716
LOG_02717,ITEM_0608,2023-04-24 05:00:00,out,B15,ORD_2717
LOG_02718,ITEM_0782,2023-04-24 06:00:00,out,B20,ORD_2718
LOG_02719,ITEM_0514,2023-04-24 07:00:00,in,B6,ORD_2719
LOG_02720,ITEM_0238,2023-04-24 08:00:00,out,B12,ORD_2720
LOG_02721,ITEM_0298,2023-04-24 09:00:00,out,B6,ORD_2721
LOG_02722,ITEM_0428,2023-04-24 10:00:00,in,B8,ORD_2722
LOG_02723,ITEM_0484,2023-04-24 11:00:00,in,B7,ORD_2723
LOG_02724,ITEM_0906,2023-04-24 12:00:00,in,B8,ORD_2724
LOG_02725,ITEM_0706,2023-04-24 13:00:00,out,B8,ORD_2725
LOG_02726,ITEM_0630,2023-04-24 14:00:00,out,B8,ORD_2726
LOG_02727,ITEM_0429,2023-04-24 15:00:00,out,B10,ORD_2727
LOG_02728,ITEM_0526,2023-04-24 16:00:00,in,B2,ORD_2728
LOG_02729,ITEM_0931,2023-04-24 17:00:00,in,B14,ORD_2729
LOG_02730,ITEM_0089,2023-04-24 18:00:00,in,B5,ORD_2730
LOG_02731,ITEM_0107,2023-04-24 19:00:00,out,B13,ORD_2731
LOG_02732,ITEM_0506,2023-04-24 20:00:00,in,B5,ORD_2732
LOG_02733,ITEM_0725,2023-04-24 21:00:00,in,B16,ORD_2733
LOG_02734,ITEM_0749,2023-04-24 22:00:00,out,B4,ORD_2734
LOG_02735,ITEM_0083,2023-04-24 23:00:00,in,B15,ORD_2735
LOG_02736,ITEM_0892,2023-04-25 00:00:00,out,B16,ORD_2736
LOG_02737,ITEM_0018,2023-04-25 01:00:00,in,B2,ORD_2737
LOG_02738,ITEM_0865,2023-04-25 02:00:00,in,B2,ORD_2738
LOG_02739,ITEM_0020,2023-04-25 03:00:00,out,B4,ORD_2739
LOG_02740,ITEM_0786,2023-04-25 04:00:00,in,B7,ORD_2740
LOG_02741,ITEM_0294,2023-04-25 05:00:00,out,B14,ORD_2741
LOG_02742,ITEM_0009,2023-04-25 06:00:00,out,B19,ORD_2742
LOG_02743,ITEM_0799,2023-04-25 07:00:00,out,B9,ORD_2743
LOG_02744,ITEM_0459,2023-04-25 08:00:00,in,B14,ORD_2744
LOG_02745,ITEM_0771,2023-04-25 09:00:00,out,B5,ORD_2745
LOG_02746,ITEM_0581,2023-04-25 10:00:00,out,B1,ORD_2746
LOG_02747,ITEM_0089,2023-04-25 11:00:00,out,B1,ORD_2747
LOG_02748,ITEM_0754,2023-04-25 12:00:00,out,B19,ORD_2748
LOG_02749,ITEM_0350,2023-04-25 13:00:00,out,B9,ORD_2749
LOG_02750,ITEM_0310,2023-04-25 14:00:00,in,B2,ORD_2750
LOG_02751,ITEM_0546,2023-04-25 15:00:00,out,B17,ORD_2751
LOG_02752,ITEM_0124,2023-04-25 16:00:00,in,B15,ORD_2752
LOG_02753,ITEM_0873,2023-04-25 17:00:00,in,B5,ORD_2753
LOG_02754,ITEM_0164,2023-04-25 18:00:00,out,B2,ORD_2754
LOG_02755,ITEM_0200,2023-04-25 19:00:00,out,B10,ORD_2755
LOG_02756,ITEM_0654,2023-04-25 20:00:00,out,B11,ORD_2756
LOG_02757,ITEM_0647,2023-04-25 21:00:00,out,B7,ORD_2757
LOG_02758,ITEM_0839,2023-04-25 22:00:00,in,B13,ORD_2758
LOG_02759,ITEM_0689,2023-04-25 23:00:00,out,B18,ORD_2759
LOG_02760,ITEM_0961,2023-04-26 00:00:00,out,B10,ORD_2760
LOG_02761,ITEM_0433,2023-04-26 01:00:00,in,B15,ORD_2761
LOG_02762,ITEM_0823,2023-04-26 02:00:00,in,B20,ORD_2762
LOG_02763,ITEM_0362,2023-04-26 03:00:00,out,B12,ORD_2763
LOG_02764,ITEM_0951,2023-04-26 04:00:00,out,B14,ORD_2764
LOG_02765,ITEM_0937,2023-04-26 05:00:00,out,B1,ORD_2765
LOG_02766,ITEM_0392,2023-04-26 06:00:00,out,B14,ORD_2766
LOG_02767,ITEM_0435,2023-04-26 07:00:00,in,B2,ORD_2767
LOG_02768,ITEM_0514,2023-04-26 08:00:00,in,B19,ORD_2768
LOG_02769,ITEM_0823,2023-04-26 09:00:00,in,B5,ORD_2769
LOG_02770,ITEM_0157,2023-04-26 10:00:00,in,B10,ORD_2770
LOG_02771,ITEM_0173,2023-04-26 11:00:00,out,B9,ORD_2771
LOG_02772,ITEM_0337,2023-04-26 12:00:00,out,B5,ORD_2772
LOG_02773,ITEM_0939,2023-04-26 13:00:00,in,B13,ORD_2773
LOG_02774,ITEM_0262,2023-04-26 14:00:00,in,B18,ORD_2774
LOG_02775,ITEM_0869,2023-04-26 15:00:00,in,B15,ORD_2775
LOG_02776,ITEM_0376,2023-04-26 16:00:00,in,B6,ORD_2776
LOG_02777,ITEM_0677,2023-04-26 17:00:00,out,B8,ORD_2777
LOG_02778,ITEM_0047,2023-04-26 18:00:00,out,B9,ORD_2778
LOG_02779,ITEM_0755,2023-04-26 19:00:00,in,B19,ORD_2779
LOG_02780,ITEM_0734,2023-04-26 20:00:00,out,B12,ORD_2780
LOG_02781,ITEM_0749,2023-04-26 21:00:00,out,B9,ORD_2781
LOG_02782,ITEM_0988,2023-04-26 22:00:00,out,B4,ORD_2782
LOG_02783,ITEM_0566,2023-04-26 23:00:00,out,B7,ORD_2783
LOG_02784,ITEM_0860,2023-04-27 00:00:00,out,B1,ORD_2784
LOG_02785,ITEM_0198,2023-04-27 01:00:00,in,B18,ORD_2785
LOG_02786,ITEM_0006,2023-04-27 02:00:00,in,B18,ORD_2786
LOG_02787,ITEM_0978,2023-04-27 03:00:00,out,B19,ORD_2787
LOG_02788,ITEM_0614,2023-04-27 04:00:00,out,B3,ORD_2788
LOG_02789,ITEM_0529,2023-04-27 05:00:00,in,B15,ORD_2789
LOG_02790,ITEM_0205,2023-04-27 06:00:00,in,B16,ORD_2790
LOG_02791,ITEM_0252,2023-04-27 07:00:00,out,B10,ORD_2791
LOG_02792,ITEM_0041,2023-04-27 08:00:00,out,B13,ORD_2792
LOG_02793,ITEM_0370,2023-04-27 09:00:00,in,B17,ORD_2793
LOG_02794,ITEM_0142,2023-04-27 10:00:00,out,B11,ORD_2794
LOG_02795,ITEM_0419,2023-04-27 11:00:00,in,B20,ORD_2795
LOG_02796,ITEM_0406,2023-04-27 12:00:00,out,B1,ORD_2796
LOG_02797,ITEM_0542,2023-04-27 13:00:00,out,B1,ORD_2797
LOG_02798,ITEM_0425,2023-04-27 14:00:00,in,B19,ORD_2798
LOG_02799,ITEM_0730,2023-04-27 15:00:00,in,B19,ORD_2799
LOG_02800,ITEM_0499,2023-04-27 16:00:00,in,B19,ORD_2800
LOG_02801,ITEM_0640,2023-04-27 17:00:00,out,B15,ORD_2801
LOG_02802,ITEM_0719,2023-04-27 18:00:00,in,B2,ORD_2802
LOG_02803,ITEM_0802,2023-04-27 19:00:00,out,B12,ORD_2803
LOG_02804,ITEM_0532,2023-04-27 20:00:00,out,B10,ORD_2804
LOG_02805,ITEM_0423,2023-04-27 21:00:00,out,B5,ORD_2805
LOG_02806,ITEM_0488,2023-04-27 22:00:00,in,B16,ORD_2806
LOG_02807,ITEM_0443,2023-04-27 23:00:00,in,B20,ORD_2807
LOG_02808,ITEM_0032,2023-04-28 00:00:00,in,B14,ORD_2808
LOG_02809,ITEM_0923,2023-04-28 01:00:00,out,B18,ORD_2809
LOG_02810,ITEM_0818,2023-04-28 02:00:00,in,B7,ORD_2810
LOG_02811,ITEM_0394,2023-04-28 03:00:00,in,B1,ORD_2811
LOG_02812,ITEM_0118,2023-04-28 04:00:00,in,B5,ORD_2812
LOG_02813,ITEM_0299,2023-04-28 05:00:00,in,B15,ORD_2813
LOG_02814,ITEM_0901,2023-04-28 06:00:00,out,B10,ORD_2814
LOG_02815,ITEM_0029,2023-04-28 07:00:00,out,B6,ORD_2815
LOG_02816,ITEM_0645,2023-04-28 08:00:00,out,B6,ORD_2816
LOG_02817,ITEM_0297,2023-04-28 09:00:00,in,B4,ORD_2817
LOG_02818,ITEM_0080,2023-04-28 10:00:00,out,B13,ORD_2818
LOG_02819,ITEM_0689,2023-04-28 11:00:00,in,B5,ORD_2819
LOG_02820,ITEM_0895,2023-04-28 12:00:00,out,B17,ORD_2820
LOG_02821,ITEM_0371,2023-04-28 13:00:00,in,B10,ORD_2821
LOG_02822,ITEM_0594,2023-04-28 14:00:00,in,B11,ORD_2822
LOG_02823,ITEM_0776,2023-04-28 15:00:00,out,B14,ORD_2823
LOG_02824,ITEM_0035,2023-04-28 16:00:00,in,B11,ORD_2824
LOG_02825,ITEM_0805,2023-04-28 17:00:00,in,B3,ORD_2825
LOG_02826,ITEM_0055,2023-04-28 18:00:00,out,B19,ORD_2826
LOG_02827,ITEM_0062,2023-04-28 19:00:00,out,B5,ORD_2827
LOG_02828,ITEM_0423,2023-04-28 20:00:00,in,B18,ORD_2828
LOG_02829,ITEM_0238,2023-04-28 21:00:00,in,B6,ORD_2829
LOG_02830,ITEM_0293,2023-04-28 22:00:00,out,B4,ORD_2830
LOG_02831,ITEM_0829,2023-04-28 23:00:00,out,B18,ORD_2831
LOG_02832,ITEM_0667,2023-04-29 00:00:00,in,B4,ORD_2832
LOG_02833,ITEM_0014,2023-04-29 01:00:00,out,B18,ORD_2833
LOG_02834,ITEM_0648,2023-04-29 02:00:00,in,B5,ORD_2834
LOG_02835,ITEM_0301,2023-04-29 03:00:00,out,B20,ORD_2835
LOG_02836,ITEM_0222,2023-04-29 04:00:00,in,B8,ORD_2836
LOG_02837,ITEM_0041,2023-04-29 05:00:00,out,B10,ORD_2837
LOG_02838,ITEM_0543,2023-04-29 06:00:00,in,B19,ORD_2838
LOG_02839,ITEM_0003,2023-04-29 07:00:00,out,B9,ORD_2839
LOG_02840,ITEM_0009,2023-04-29 08:00:00,in,B15,ORD_2840
LOG_02841,ITEM_0604,2023-04-29 09:00:00,out,B2,ORD_2841
LOG_02842,ITEM_0820,2023-04-29 10:00:00,in,B15,ORD_2842
LOG_02843,ITEM_0973,2023-04-29 11:00:00,out,B11,ORD_2843
LOG_02844,ITEM_0002,2023-04-29 12:00:00,in,B8,ORD_2844
LOG_02845,ITEM_0266,2023-04-29 13:00:00,out,B10,ORD_2845
LOG_02846,ITEM_0010,2023-04-29 14:00:00,out,B19,ORD_2846
LOG_02847,ITEM_0050,2023-04-29 15:00:00,in,B1,ORD_2847
LOG_02848,ITEM_0954,2023-04-29 16:00:00,in,B15,ORD_2848
LOG_02849,ITEM_0454,2023-04-29 17:00:00,out,B4,ORD_2849
LOG_02850,ITEM_0162,2023-04-29 18:00:00,out,B16,ORD_2850
LOG_02851,ITEM_0457,2023-04-29 19:00:00,in,B8,ORD_2851
LOG_02852,ITEM_0665,2023-04-29 20:00:00,in,B7,ORD_2852
LOG_02853,ITEM_0780,2023-04-29 21:00:00,in,B7,ORD_2853
LOG_02854,ITEM_0317,2023-04-29 22:00:00,out,B2,ORD_2854
LOG_02855,ITEM_0139,2023-04-29 23:00:00,in,B8,ORD_2855
LOG_02856,ITEM_0266,2023-04-30 00:00:00,out,B11,ORD_2856
LOG_02857,ITEM_0442,2023-04-30 01:00:00,in,B16,ORD_2857
LOG_02858,ITEM_0696,2023-04-30 02:00:00,out,B7,ORD_2858
LOG_02859,ITEM_0527,2023-04-30 03:00:00,out,B2,ORD_2859
LOG_02860,ITEM_0956,2023-04-30 04:00:00,in,B9,ORD_2860
LOG_02861,ITEM_0589,2023-04-30 05:00:00,out,B4,ORD_2861
LOG_02862,ITEM_0631,2023-04-30 06:00:00,out,B5,ORD_2862
LOG_02863,ITEM_0954,2023-04-30 07:00:00,in,B20,ORD_2863
LOG_02864,ITEM_0598,2023-04-30 08:00:00,out,B18,ORD_2864
LOG_02865,ITEM_0194,2023-04-30 09:00:00,out,B10,ORD_2865
LOG_02866,ITEM_0486,2023-04-30 10:00:00,in,B10,ORD_2866
LOG_02867,ITEM_0573,2023-04-30 11:00:00,out,B6,ORD_2867
LOG_02868,ITEM_0690,2023-04-30 12:00:00,out,B1,ORD_2868
LOG_02869,ITEM_0082,2023-04-30 13:00:00,out,B20,ORD_2869
LOG_02870,ITEM_0484,2023-04-30 14:00:00,out,B1,ORD_2870
LOG_02871,ITEM_0660,2023-04-30 15:00:00,in,B6,ORD_2871
LOG_02872,ITEM_0871,2023-04-30 16:00:00,in,B12,ORD_2872
LOG_02873,ITEM_0617,2023-04-30 17:00:00,out,B16,ORD_2873
LOG_02874,ITEM_0419,2023-04-30 18:00:00,out,B11,ORD_2874
LOG_02875,ITEM_0934,2023-04-30 19:00:00,in,B10,ORD_2875
LOG_02876,ITEM_0582,2023-04-30 20:00:00,out,B4,ORD_2876
LOG_02877,ITEM_0550,2023-04-30 21:00:00,in,B18,ORD_2877
LOG_02878,ITEM_0933,2023-04-30 22:00:00,in,B19,ORD_2878
LOG_02879,ITEM_0247,2023-04-30 23:00:00,in,B8,ORD_2879
LOG_02880,ITEM_0232,2023-05-01 00:00:00,in,B9,ORD_2880
LOG_02881,ITEM_0916,2023-05-01 01:00:00,out,B10,ORD_2881
LOG_02882,ITEM_0323,2023-05-01 02:00:00,in,B3,ORD_2882
LOG_02883,ITEM_0071,2023-05-01 03:00:00,out,B13,ORD_2883
LOG_02884,ITEM_0312,2023-05-01 04:00:00,in,B9,ORD_2884
LOG_02885,ITEM_0313,2023-05-01 05:00:00,out,B8,ORD_2885
LOG_02886,ITEM_0405,2023-05-01 06:00:00,out,B3,ORD_2886
LOG_02887,ITEM_0975,2023-05-01 07:00:00,in,B8,ORD_2887
LOG_02888,ITEM_0978,2023-05-01 08:00:00,out,B3,ORD_2888
LOG_02889,ITEM_0633,2023-05-01 09:00:00,out,B4,ORD_2889
LOG_02890,ITEM_0617,2023-05-01 10:00:00,out,B8,ORD_2890
LOG_02891,ITEM_0360,2023-05-01 11:00:00,out,B1,ORD_2891
LOG_02892,ITEM_0700,2023-05-01 12:00:00,in,B2,ORD_2892
LOG_02893,ITEM_0375,2023-05-01 13:00:00,out,B16,ORD_2893
LOG_02894,ITEM_0500,2023-05-01 14:00:00,in,B15,ORD_2894
LOG_02895,ITEM_0278,2023-05-01 15:00:00,in,B19,ORD_2895
LOG_02896,ITEM_0332,2023-05-01 16:00:00,in,B10,ORD_2896
LOG_02897,ITEM_0191,2023-05-01 17:00:00,out,B18,ORD_2897
LOG_02898,ITEM_0395,2023-05-01 18:00:00,in,B16,ORD_2898
LOG_02899,ITEM_0737,2023-05-01 19:00:00,out,B3,ORD_2899
LOG_02900,ITEM_0605,2023-05-01 20:00:00,in,B12,ORD_2900
LOG_02901,ITEM_0838,2023-05-01 21:00:00,in,B12,ORD_2901
LOG_02902,ITEM_0108,2023-05-01 22:00:00,out,B16,ORD_2902
LOG_02903,ITEM_0171,2023-05-01 23:00:00,out,B1,ORD_2903
LOG_02904,ITEM_0720,2023-05-02 00:00:00,in,B3,ORD_2904
LOG_02905,ITEM_0269,2023-05-02 01:00:00,out,B8,ORD_2905
LOG_02906,ITEM_0715,2023-05-02 02:00:00,in,B18,ORD_2906
LOG_02907,ITEM_0257,2023-05-02 03:00:00,out,B4,ORD_2907
LOG_02908,ITEM_0831,2023-05-02 04:00:00,in,B15,ORD_2908
LOG_02909,ITEM_0463,2023-05-02 05:00:00,in,B13,ORD_2909
LOG_02910,ITEM_0990,2023-05-02 06:00:00,in,B17,ORD_2910
LOG_02911,ITEM_0932,2023-05-02 07:00:00,out,B8,ORD_2911
LOG_02912,ITEM_0305,2023-05-02 08:00:00,in,B8,ORD_2912
LOG_02913,ITEM_0967,2023-05-02 09:00:00,in,B20,ORD_2913
LOG_02914,ITEM_0383,2023-05-02 10:00:00,out,B8,ORD_2914
LOG_02915,ITEM_0360,2023-05-02 11:00:00,in,B9,ORD_2915
LOG_02916,ITEM_0170,2023-05-02 12:00:00,out,B15,ORD_2916
LOG_02917,ITEM_0043,2023-05-02 13:00:00,in,B14,ORD_2917
LOG_02918,ITEM_0192,2023-05-02 14:00:00,in,B17,ORD_2918
LOG_02919,ITEM_0058,2023-05-02 15:00:00,out,B11,ORD_2919
LOG_02920,ITEM_0851,2023-05-02 16:00:00,in,B7,ORD_2920
LOG_02921,ITEM_0826,2023-05-02 17:00:00,out,B14,ORD_2921
LOG_02922,ITEM_0141,2023-05-02 18:00:00,out,B1,ORD_2922
LOG_02923,ITEM_0149,2023-05-02 19:00:00,out,B12,ORD_2923
LOG_02924,ITEM_0675,2023-05-02 20:00:00,in,B12,ORD_2924
LOG_02925,ITEM_0504,2023-05-02 21:00:00,in,B19,ORD_2925
LOG_02926,ITEM_0993,2023-05-02 22:00:00,in,B10,ORD_2926
LOG_02927,ITEM_0318,2023-05-02 23:00:00,out,B12,ORD_2927
LOG_02928,ITEM_0900,2023-05-03 00:00:00,out,B13,ORD_2928
LOG_02929,ITEM_0421,2023-05-03 01:00:00,out,B16,ORD_2929
LOG_02930,ITEM_0762,2023-05-03 02:00:00,out,B13,ORD_2930
LOG_02931,ITEM_0275,2023-05-03 03:00:00,in,B20,ORD_2931
LOG_02932,ITEM_0190,2023-05-03 04:00:00,out,B6,ORD_2932
LOG_02933,ITEM_0378,2023-05-03 05:00:00,out,B16,ORD_2933
LOG_02934,ITEM_0860,2023-05-03 06:00:00,in,B14,ORD_2934
LOG_02935,ITEM_0746,2023-05-03 07:00:00,out,B8,ORD_2935
LOG_02936,ITEM_0578,2023-05-03 08:00:00,in,B16,ORD_2936
LOG_02937,ITEM_0196,2023-05-03 09:00:00,in,B19,ORD_2937
LOG_02938,ITEM_0519,2023-05-03 10:00:00,out,B11,ORD_2938
LOG_02939,ITEM_0299,2023-05-03 11:00:00,in,B15,ORD_2939
LOG_02940,ITEM_0510,2023-05-03 12:00:00,out,B3,ORD_2940
LOG_02941,ITEM_0671,2023-05-03 13:00:00,in,B18,ORD_2941
LOG_02942,ITEM_0868,2023-05-03 14:00:00,out,B18,ORD_2942
LOG_02943,ITEM_0621,2023-05-03 15:00:00,in,B4,ORD_2943
LOG_02944,ITEM_0995,2023-05-03 16:00:00,in,B11,ORD_2944
LOG_02945,ITEM_0313,2023-05-03 17:00:00,in,B15,ORD_2945
LOG_02946,ITEM_0322,2023-05-03 18:00:00,in,B13,ORD_2946
LOG_02947,ITEM_0400,2023-05-03 19:00:00,in,B13,ORD_2947
LOG_02948,ITEM_0410,2023-05-03 20:00:00,in,B3,ORD_2948
LOG_02949,ITEM_0931,2023-05-03 21:00:00,out,B20,ORD_2949
LOG_02950,ITEM_0031,2023-05-03 22:00:00,in,B14,ORD_2950
LOG_02951,ITEM_0964,2023-05-03 23:00:00,in,B11,ORD_2951
LOG_02952,ITEM_0631,2023-05-04 00:00:00,out,B7,ORD_2952
LOG_02953,ITEM_0285,2023-05-04 01:00:00,out,B4,ORD_2953
LOG_02954,ITEM_0915,2023-05-04 02:00:00,out,B14,ORD_2954
LOG_02955,ITEM_0883,2023-05-04 03:00:00,in,B14,ORD_2955
LOG_02956,ITEM_0993,2023-05-04 04:00:00,in,B13,ORD_2956
LOG_02957,ITEM_0124,2023-05-04 05:00:00,in,B4,ORD_2957
LOG_02958,ITEM_0601,2023-05-04 06:00:00,in,B8,ORD_2958
LOG_02959,ITEM_0858,2023-05-04 07:00:00,out,B18,ORD_2959
LOG_02960,ITEM_0137,2023-05-04 08:00:00,out,B12,ORD_2960
LOG_02961,ITEM_0025,2023-05-04 09:00:00,in,B1,ORD_2961
LOG_02962,ITEM_0811,2023-05-04 10:00:00,in,B12,ORD_2962
LOG_02963,ITEM_0151,2023-05-04 11:00:00,in,B5,ORD_2963
LOG_02964,ITEM_0300,2023-05-04 12:00:00,out,B19,ORD_2964
LOG_02965,ITEM_0119,2023-05-04 13:00:00,out,B11,ORD_2965
LOG_02966,ITEM_0079,2023-05-04 14:00:00,in,B11,ORD_2966
LOG_02967,ITEM_0118,2023-05-04 15:00:00,in,B4,ORD_2967
LOG_02968,ITEM_0463,2023-05-04 16:00:00,out,B15,ORD_2968
LOG_02969,ITEM_0274,2023-05-04 17:00:00,out,B4,ORD_2969
LOG_02970,ITEM_0064,2023-05-04 18:00:00,out,B8,ORD_2970
LOG_02971,ITEM_0018,2023-05-04 19:00:00,out,B12,ORD_2971
LOG_02972,ITEM_0590,2023-05-04 20:00:00,out,B4,ORD_2972
LOG_02973,ITEM_0417,2023-05-04 21:00:00,out,B13,ORD_2973
LOG_02974,ITEM_0499,2023-05-04 22:00:00,in,B4,ORD_2974
LOG_02975,ITEM_0774,2023-05-04 23:00:00,out,B15,ORD_2975
LOG_02976,ITEM_0623,2023-05-05 00:00:00,in,B7,ORD_2976
LOG_02977,ITEM_0055,2023-05-05 01:00:00,in,B7,ORD_2977
LOG_02978,ITEM_0490,2023-05-05 02:00:00,out,B17,ORD_2978
LOG_02979,ITEM_0346,2023-05-05 03:00:00,in,B8,ORD_2979
LOG_02980,ITEM_0393,2023-05-05 04:00:00,out,B10,ORD_2980
LOG_02981,ITEM_0409,2023-05-05 05:00:00,out,B4,ORD_2981
LOG_02982,ITEM_0428,2023-05-05 06:00:00,in,B11,ORD_2982
LOG_02983,ITEM_0247,2023-05-05 07:00:00,in,B3,ORD_2983
LOG_02984,ITEM_0613,2023-05-05 08:00:00,in,B18,ORD_2984
LOG_02985,ITEM_0214,2023-05-05 09:00:00,in,B15,ORD_2985
LOG_02986,ITEM_0789,2023-05-05 10:00:00,in,B4,ORD_2986
LOG_02987,ITEM_0758,2023-05-05 11:00:00,out,B7,ORD_2987
LOG_02988,ITEM_0201,2023-05-05 12:00:00,out,B20,ORD_2988
LOG_02989,ITEM_0975,2023-05-05 13:00:00,out,B15,ORD_2989
LOG_02990,ITEM_0738,2023-05-05 14:00:00,out,B8,ORD_2990
LOG_02991,ITEM_0724,2023-05-05 15:00:00,out,B2,ORD_2991
LOG_02992,ITEM_0937,2023-05-05 16:00:00,out,B4,ORD_2992
LOG_02993,ITEM_0942,2023-05-05 17:00:00,out,B15,ORD_2993
LOG_02994,ITEM_0586,2023-05-05 18:00:00,out,B14,ORD_2994
LOG_02995,ITEM_0476,2023-05-05 19:00:00,out,B13,ORD_2995
LOG_02996,ITEM_0059,2023-05-05 20:00:00,out,B8,ORD_2996
LOG_02997,ITEM_0270,2023-05-05 21:00:00,out,B5,ORD_2997
LOG_02998,ITEM_0233,2023-05-05 22:00:00,in,B1,ORD_2998
LOG_02999,ITEM_0939,2023-05-05 23:00:00,out,B16,ORD_2999
